date,issue_hour,alpha_next_6h,history_mae_kw,external_mae_kw,fusion_mae_kw
2025-02-01,0,0,0.00112774943311,0.00829722222222,0.00178674298023
2025-02-01,6,0.547624814443,84.4174492014,234.4563625,160.085073031
2025-02-01,12,0.871680102888,145.421206703,96.1012421296,88.9750500123
2025-02-01,18,0,0.000978670634921,0.00888333333333,0.00164112691578
2025-02-02,0,0,0.00186459750567,0.00789444444444,0.00254011838873
2025-02-02,6,0.55585274662,103.376253745,113.270165278,95.3894996836
2025-02-02,12,0.869706417905,178.935026459,141.540245833,123.546414317
2025-02-02,18,0,0.00253988095238,0.00767777777778,0.00325575727323
2025-02-03,0,0,0.00435745464853,0.00558611111111,0.00498673783117
2025-02-03,6,0.535704139117,163.676996036,118.416556019,123.079318313
2025-02-03,12,0.866695559295,156.536013609,103.290351852,108.616861663
2025-02-03,18,0,0.0046366638322,0.00569166666667,0.00530909023111
2025-02-04,0,0,0.00715616496599,0.00246111111111,0.00772310113143
2025-02-04,6,0.535365429098,210.411182006,177.791011111,103.136154642
2025-02-04,12,0.868137063978,287.204259023,120.074690278,141.447977708
2025-02-04,18,0,0.00748640873016,0.00248055555556,0.00807852744528
2025-02-05,0,0,0.00725175736961,0.00135,0.00769858644203
2025-02-05,6,0.538713970815,283.586903982,95.645012037,145.89824978
2025-02-05,12,0.869553899331,130.470640547,120.831612037,100.244985898
2025-02-05,18,0,0.00743171768707,0.00139166666667,0.00789630512056
2025-02-06,0,0.0541924533742,0.00750174319728,0.000383333333333,0.00751033396117
2025-02-06,6,0.540194652263,134.207668878,158.845073611,93.5344617424
2025-02-06,12,0.882979275601,124.96799837,101.038966204,96.5670843083
2025-02-06,18,0.0539496791746,0.00781618480726,0.000272222222222,0.00781715467379
2025-02-07,0,0.128220757627,0.00665795068027,0.00111111111111,0.00636043653532
2025-02-07,6,0.56084050633,217.566280173,201.078498611,164.771938163
2025-02-07,12,0.878500478191,358.869281378,141.841888889,151.911778159
2025-02-07,18,0.126293147453,0.00733125,0.00145833333333,0.00701488857426
2025-02-08,0,0.180920181102,0.00610885770975,0.00235833333333,0.00584237192109
2025-02-08,6,0.557134562211,240.624647194,110.581404167,122.209913309
2025-02-08,12,0.877311908082,166.161705088,117.493369444,96.8236180034
2025-02-08,18,0.181279486041,0.00607280328798,0.00228333333333,0.00580881206618
2025-02-09,0,0.209935867419,0.00568647959184,0.00367777777778,0.00561830179662
2025-02-09,6,0.556658047975,249.317775935,206.466093056,86.2001659742
2025-02-09,12,0.899751962404,219.907357951,165.014748611,123.306446
2025-02-09,18,0.211374719429,0.00533724489796,0.00336111111111,0.00527607874566
2025-02-10,0,0.223379477959,0.00458049886621,0.00444166666667,0.00481530378702
2025-02-10,6,0.572988062385,464.732778529,147.954112037,165.859909572
2025-02-10,12,0.895720026829,194.20422354,120.523063426,100.493672512
2025-02-10,18,0.224266427983,0.00477074829932,0.00457222222222,0.00499593105569
2025-02-11,0,0.227177082672,0.004358319161,0.00583333333333,0.0048521510816
2025-02-11,6,0.572078464306,180.064272279,133.362726852,63.4246476843
2025-02-11,12,0.878793808948,187.349195309,97.6848703704,86.269773625
2025-02-11,18,0.227896739021,0.00389226190476,0.00535833333333,0.00439615572679
2025-02-12,0,0.223950795773,0.00394716553288,0.00678333333333,0.00463464584043
2025-02-12,6,0.599469756107,221.422491312,145.511249074,87.5068767925
2025-02-12,12,0.882696196741,146.795095592,118.682388889,118.290334061
2025-02-12,18,0.224882128562,0.00371662414966,0.006475,0.00439663236255
2025-02-13,0,0.214570369936,0.00379263038549,0.00795555555556,0.00461794305058
2025-02-13,6,0.600373203039,449.213977579,113.611175,122.161625086
2025-02-13,12,0.882495799678,276.749923625,150.281945833,146.814016325
2025-02-13,18,0.21714883937,0.00506464002268,0.00908333333333,0.00588949692577
2025-02-14,0,0.199932485285,0.0030253968254,0.00843333333333,0.00391384095407
2025-02-14,6,0.603201402283,298.297257809,87.1904050926,162.536617647
2025-02-14,12,0.882300209365,118.335290547,133.197963889,102.023705739
2025-02-14,18,0.204634649884,0.00323680555556,0.00872222222222,0.00419494769721
2025-02-15,0,0.179195035846,0.00326740362812,0.00986111111111,0.00412222960774
2025-02-15,6,0.626986058963,165.114090448,135.276808333,150.846890711
2025-02-15,12,0.888234490128,161.240375014,97.5067740741,93.214838719
2025-02-15,18,0.180886264961,0.00302852891156,0.0097,0.00390253776976
2025-02-16,0,0.156658328062,0.00288815192744,0.0107055555556,0.00366774045161
2025-02-16,6,0.640617266305,326.162714867,251.038479167,296.789102645
2025-02-16,12,0.88451900766,111.990440094,171.939727778,146.792749319
2025-02-16,18,0.158320282068,0.00311870748299,0.0109944444444,0.00390790884686
2025-02-17,0,0.128370828782,0.00377490079365,0.0127388888889,0.0043690039202
2025-02-17,6,0.64289666476,222.307264838,122.023929167,117.69737638
2025-02-17,12,0.881298592741,137.384375567,153.709011111,133.730711825
2025-02-17,18,0.132943426121,0.0036289824263,0.0127472222222,0.00426831410665
2025-02-18,0,0.099758329906,0.00408520408163,0.0144138888889,0.00451508536335
2025-02-18,6,0.652231721512,176.321150652,259.372794444,186.502697604
2025-02-18,12,0.868657716189,118.416014215,123.530027778,98.7302652354
2025-02-18,18,0.104063298233,0.00428044217687,0.0147416666667,0.00474765636276
2025-02-19,0,0.0631704780937,0.00195698696145,0.0137083333333,0.00205328691323
2025-02-19,6,0.655054351171,230.029334311,167.53952037,125.295769868
2025-02-19,12,0.861845274617,199.901395507,115.151579167,79.9931834577
2025-02-19,18,0.0698221613074,0.00361031746032,0.0156166666667,0.00378195870807
2025-02-20,0,0.0240307122801,0.00140741213152,0.0114611111111,0.00178018858528
2025-02-20,6,0.650928187141,169.521555683,154.205217593,155.37279791
2025-02-20,12,0.856873516509,171.648608574,127.116266667,102.407002128
2025-02-20,18,0.0303497918586,0.00280032596372,0.0107,0.00309725330509
2025-02-21,0,0.00507917861428,0.00464272959184,0.00873888888889,0.00526255077009
2025-02-21,6,0.651256123512,134.273166043,245.518547222,138.523370401
2025-02-21,12,0.850443933595,103.5963446,104.025743056,78.8914242744
2025-02-21,18,0,0.00666928854875,0.00702777777778,0.00739849879806
2025-02-22,0,0.0161930158923,0.00852246315193,0.0048,0.00897440925733
2025-02-22,6,0.651186920414,165.394201786,106.61557037,120.37986778
2025-02-22,12,0.850096407979,267.566425595,110.026868519,117.614215012
2025-02-22,18,0.0210069502636,0.00917861394558,0.00410277777778,0.00959651884628
2025-02-23,0,0.0503711917336,0.0104877409297,0.00186666666667,0.0104995301822
2025-02-23,6,0.643381935485,174.283064357,110.485212963,120.494476001
2025-02-23,12,0.84664453618,220.630569898,213.324525463,193.22242582
2025-02-23,18,0.0684700956265,0.0118429138322,0.000369444444444,0.0116580969329
2025-02-24,0,0.104964766488,0.0207760629252,0.0100083333333,0.0202334821006
2025-02-24,6,0.644806141499,220.687479691,326.828361111,248.940884231
2025-02-24,12,0.849771291567,176.914705981,117.810021759,101.445775961
2025-02-24,18,0.122758758579,0.0237425170068,0.0134222222222,0.0230740321553
2025-02-25,0,0.159985507597,0.0299283304989,0.0222805555556,0.029184614048
2025-02-25,6,0.645674817515,468.933220493,255.7552375,282.206806266
2025-02-25,12,0.848073414003,221.58665017,116.554813889,91.6012914848
2025-02-25,18,0.180926383159,0.0292986678005,0.02265,0.028526098471
2025-02-26,0,0.204721249399,0.0332307539683,0.0317472222222,0.033090253978
2025-02-26,6,0.634634003235,220.122058985,125.700798611,106.828715122
2025-02-26,12,0.848964683563,204.52271019,160.293676852,123.550979844
2025-02-26,18,0.2193490872,0.040058361678,0.0396388888889,0.0400331819591
2025-02-27,0,0.221754014149,0.0331525651927,0.0391861111111,0.0342024321195
2025-02-27,6,0.643998105168,327.588961905,116.986291667,163.636578179
2025-02-27,12,0.847540748414,161.998144189,104.640216667,74.133718525
2025-02-27,18,0.227717259391,0.0330361536281,0.0418472222222,0.0346665264423
2025-02-28,0,0.177127566356,0.043937542517,0.0583222222222,0.0456829162082
2025-02-28,6,0.645845433778,234.589265136,219.858335185,151.29421029
2025-02-28,12,0.841759000495,177.585163549,139.492191667,130.25188964
2025-02-28,18,0.159261578095,0.0473288690476,0.0647583333333,0.0491090225645
2025-03-01,0,0.054499236729,0.042710685941,0.0682222222222,0.0427831534208
2025-03-01,6,0.655709968848,687.666991199,304.037904167,435.171707607
2025-03-01,12,0.839571388955,163.143301431,116.479941204,84.3621896682
2025-03-01,18,0.0129308213864,0.0366493055556,0.0659666666667,0.0355366621319
2025-03-02,0,0,0.0430460600907,0.0806305555556,0.0410825944757
2025-03-02,6,0.654164960195,506.881092063,169.558826389,153.870714095
2025-03-02,12,0.840068461053,828.674431222,141.192096296,206.249395441
2025-03-02,18,0,0.0334924886621,0.0742555555556,0.0315294572293
2025-03-03,0,0,0.0367450255102,0.0878527777778,0.0344589766657
2025-03-03,6,0.685868501392,689.333294218,187.979600463,357.521182066
2025-03-03,12,0.836872399976,415.443662089,86.8812162037,95.083733979
2025-03-03,18,0,0.041902154195,0.0947555555556,0.0394851683628
2025-03-04,0,0,0.0431651927438,0.107058333333,0.0402837935938
2025-03-04,6,0.699308599951,353.365664342,196.91395,188.856848736
2025-03-04,12,0.871110913691,153.747823143,153.909065278,136.030046611
2025-03-04,18,0,0.0317423469388,0.0980722222222,0.0288691722811
2025-03-05,0,0,0.0433772250567,0.121438888889,0.0400050487131
2025-03-05,6,0.728345915012,219.953222194,124.825689815,112.468284433
2025-03-05,12,0.873437639321,233.489023186,194.029475463,162.441835528
2025-03-05,18,0,0.0425035856009,0.121275,0.0390647735586
2025-03-06,0,0,0.0478395833333,0.140863888889,0.0438418244862
2025-03-06,6,0.731184157878,227.850558192,170.081563889,143.529215723
2025-03-06,12,0.869230004803,121.816040122,91.1597777778,73.2547310752
2025-03-06,18,0,0.0406160714286,0.133166666667,0.0367172253727
2025-03-07,0,0,0.0116863095238,0.121625,0.00705989524111
2025-03-07,6,0.735457825137,228.784628245,120.090705093,103.472120602
2025-03-07,12,0.865617038207,147.363320196,159.042775926,149.871736271
2025-03-07,18,0,0.0167553287982,0.124488888889,0.0122404887481
2025-03-08,0,0,0.0197921201814,0.100325,0.0251118617588
2025-03-08,6,0.731898870655,223.249087982,104.745015278,87.4687487128
2025-03-08,12,0.861673069276,319.834171088,108.775020833,120.657990001
2025-03-08,18,0,0.00143901643991,0.11615,0.00653912547684
2025-03-09,0,0,0.0461818877551,0.0785222222222,0.0516709961372
2025-03-09,6,0.736631204937,123.262584184,155.263648611,112.974335851
2025-03-09,12,0.861379057951,490.191548228,131.857958796,144.040647551
2025-03-09,18,0,0.03428944161,0.0911055555556,0.0396357512286
2025-03-10,0,0,0.0983801162132,0.0250388888889,0.103582382274
2025-03-10,6,0.761723684398,287.97379341,131.787287037,136.914592032
2025-03-10,12,0.868267577193,299.740883914,158.905518056,148.87107278
2025-03-10,18,0,0.079558064059,0.0476972222222,0.0848836925428
2025-03-11,0,0,0.111663704649,0.000141666666667,0.116196667988
2025-03-11,6,0.772535976992,236.854517885,146.346875926,129.695496851
2025-03-11,12,0.871413073764,261.649687713,196.795205556,181.794816625
2025-03-11,18,0,0.118527040816,0.000216666666667,0.123351775621
2025-03-12,0,0.0387273815139,0.114543835034,0.0218416666667,0.114617029122
2025-03-12,6,0.775136465289,272.771730556,127.527804167,94.0222385238
2025-03-12,12,0.879719977761,221.28946301,87.5920972222,63.0757637351
2025-03-12,18,0,0.121463123583,0.0208777777778,0.12513050185
2025-03-13,0,0.163210857096,0.102286975624,0.0331916666667,0.0950086008157
2025-03-13,6,0.779099928883,494.84598682,116.734109722,121.927598469
2025-03-13,12,0.877747713779,335.61380479,149.575701852,131.968751532
2025-03-13,18,0.122194040549,0.111760430839,0.0348611111111,0.106306939781
2025-03-14,0,0.231940326913,0.091358404195,0.0504222222222,0.0854451618438
2025-03-14,6,0.781198192603,371.544705867,356.896034722,217.109397105
2025-03-14,12,0.880603957621,220.96289888,133.198990278,119.155107878
2025-03-14,18,0.203722030842,0.111312329932,0.0619666666667,0.10488520384
2025-03-15,0,0.267636322179,0.0774511621315,0.0641361111111,0.076775666481
2025-03-15,6,0.788879639907,449.25331036,203.917916667,106.622329439
2025-03-15,12,0.880919129172,239.047128458,188.066565278,171.472286588
2025-03-15,18,0.247065577109,0.0940880668934,0.0750972222222,0.0923392694625
2025-03-16,0,0.28035840831,0.0543292942177,0.06715,0.0598318313346
2025-03-16,6,0.770583622023,387.099881392,226.753073611,236.042727145
2025-03-16,12,0.881717694101,189.20017585,154.630556944,129.807585604
2025-03-16,18,0.264476456024,0.0695067176871,0.081075,0.0743611411953
2025-03-17,0,0.278453820875,0.0850648809524,0.120613888889,0.095744245594
2025-03-17,6,0.768620214589,558.877123257,226.683373611,166.349388741
2025-03-17,12,0.878291265492,386.67644905,93.2959560185,98.0478731508
2025-03-17,18,0.263718663003,0.0856198270975,0.124252777778,0.0962713237659
2025-03-18,0,0.268460798323,0.0730043650794,0.132408333333,0.0886978497645
2025-03-18,6,0.774871655057,314.37989093,126.619866204,147.568965055
2025-03-18,12,0.877425409716,217.592868736,116.546616667,97.8170793199
2025-03-18,18,0.251185574897,0.040339824263,0.106644444444,0.0561614017988
2025-03-19,0,0.237552426044,0.0664177579365,0.147425,0.0835144287164
2025-03-19,6,0.764199688067,289.039395068,231.747420833,190.089465099
2025-03-19,12,0.879894535617,317.933636111,239.179290278,225.18310699
2025-03-19,18,0.218429787275,0.0904336026077,0.173513888889,0.105780106917
2025-03-20,0,0.194400987262,0.0558026785714,0.157388888889,0.0714567939459
2025-03-20,6,0.770070506955,153.805613194,296.243363889,240.450327227
2025-03-20,12,0.88426657522,198.423429691,156.958603704,158.480550726
2025-03-20,18,0.190238791864,0.0585893707483,0.166908333333,0.0751188091534
2025-03-21,0,0.141781465539,0.0627021258503,0.1845,0.0739186002262
2025-03-21,6,0.760819022417,325.202656661,144.662938426,125.517680421
2025-03-21,12,0.887010872763,347.247006264,110.380027315,110.578890187
2025-03-21,18,0.125208260443,0.0496816184807,0.179505555556,0.05938717427
2025-03-22,0,0.0896510563394,0.0742931405896,0.218163888889,0.0802211023261
2025-03-22,6,0.751453107212,194.992933177,173.835241667,144.434161613
2025-03-22,12,0.884574496073,252.644086139,172.85100787,161.568561862
2025-03-22,18,0.0722287870315,0.0705197845805,0.219691666667,0.0740925104782
2025-03-23,0,0.0305242613184,0.352048511905,0.700647222222,0.367647059605
2025-03-23,6,0.758532212316,251.049224518,255.642662037,177.317503751
2025-03-23,12,0.88109407198,423.361594274,165.837263889,164.20247048
2025-03-23,18,0.0255959724265,0.0198587443311,0.728079166667,0.0232693172193
2025-03-24,0,0,0.859722037982,2.00843333333,0.868045342026
2025-03-24,6,0.757189354223,188.55269049,130.223773611,134.496269595
2025-03-24,12,0.878865824275,240.716282951,181.801632407,155.286344787
2025-03-24,18,0,0.0549330357143,1.84165694444,0.0633397104736
2025-03-25,0,0.262359002043,1.16714203515,3.23347638889,1.69468833277
2025-03-25,6,0.749579373319,349.855414569,120.991541204,164.721063421
2025-03-25,12,0.888010721673,182.119287684,105.312069444,118.859393123
2025-03-25,18,0,0.107280017007,2.97842777778,0.115974499655
2025-03-26,0,0.374232844489,1.41048351757,4.78253333333,2.52766634939
2025-03-26,6,0.75196986936,467.27471566,130.914157407,197.953385294
2025-03-26,12,0.883358379244,225.721476304,193.645091667,207.102137292
2025-03-26,18,0,0.181063761338,4.65095694444,0.188962113034
2025-03-27,0,0.32868907201,2.03036196145,5.45879722222,2.81722800216
2025-03-27,6,0.760849448454,144.753775609,176.37882963,135.349717902
2025-03-27,12,0.894600521862,275.678406335,141.367243981,167.785794412
2025-03-27,18,0,0.354598526077,5.69891527778,0.361701477004
2025-03-28,0,0.278442468897,2.39515008503,6.73793333333,2.98233782652
2025-03-28,6,0.772811181428,213.313869303,76.5215759259,82.2478786985
2025-03-28,12,0.892051251149,166.387220621,94.1842930556,101.028684782
2025-03-28,18,0,0.489858049887,7.23222083333,0.496399609953
2025-03-29,0,0.283393370534,2.56561292517,8.35161388889,3.45417148153
2025-03-29,6,0.771822023983,379.513418849,100.60789537,156.399262738
2025-03-29,12,0.896358790395,432.894338166,113.362225926,127.811381676
2025-03-29,18,0,0.623908290816,8.54993194444,0.625349762357
2025-03-30,0,0.278965662005,2.2942501559,10.7120347222,3.53247675912
2025-03-30,6,0.778642057816,169.99204256,140.018164815,119.560598499
2025-03-30,12,0.897841118062,265.935257242,209.922759722,200.78929467
2025-03-30,18,0.0189546998937,0.610369246032,9.64166805556,0.620192966952
2025-03-31,0,0.259581405564,2.63352028061,12.0545555556,3.93825313517
2025-03-31,6,0.784345485949,270.346252154,90.2812643519,122.363584803
2025-03-31,12,0.90530306304,538.190252296,162.180823611,182.062963399
2025-03-31,18,0.0371805211421,0.537521371882,9.75672361111,0.601911992693
2025-04-01,0,0.224385882038,2.82329394841,13.4186527778,3.83888056706
2025-04-01,6,0.783088180837,563.695577622,174.508342593,136.251625914
2025-04-01,12,0.904130935794,469.073453685,128.59422963,114.846256903
2025-04-01,18,0.0456201895419,0.720523937075,11.8509652778,0.823041917543
2025-04-02,0,0.203359004231,1.93603850624,12.5757361111,3.02594235234
2025-04-02,6,0.788711353015,828.124749589,155.609856019,85.7516345031
2025-04-02,12,0.910894894793,345.642648356,156.009041667,112.390445
2025-04-02,18,0.0487665593472,0.757906136621,14.4107013889,0.914308356649
2025-04-03,0,0.187847657111,1.81985391156,13.3075972222,2.77431313472
2025-04-03,6,0.792635442521,290.330376587,135.942985185,121.385302385
2025-04-03,12,0.91179465096,293.72030051,119.836104167,116.036246605
2025-04-03,18,0.0543023199169,0.550924631519,15.1587611111,0.77454949144
2025-04-04,0,0.169728685998,2.1908373441,16.7249555556,3.1556775735
2025-04-04,6,0.7995150357,142.812797846,224.382484722,174.832251949
2025-04-04,12,0.907874264022,449.031603827,157.466819907,191.752440225
2025-04-04,18,0.0563296103395,0.807002267574,18.2526305556,1.07423581513
2025-04-05,0,0.154043097132,2.58610085034,20.618275,3.73233262134
2025-04-05,6,0.801695050642,274.478136395,120.667158333,146.140674725
2025-04-05,12,0.900251907429,305.769883348,253.375745833,247.571254931
2025-04-05,18,0.0531067738546,0.531775935374,17.5808861111,0.79404571734
2025-04-06,0,0.138670964164,2.33012651644,19.9972972222,3.15802894041
2025-04-06,6,0.793880953836,157.927775269,123.995381019,122.831952799
2025-04-06,12,0.912747942627,158.696351105,147.072005556,159.534184438
2025-04-06,18,0.0526563294699,0.516139909297,18.6051875,0.790824512264
2025-04-07,0,0.125214439425,3.99463874717,22.9973819444,4.4151675833
2025-04-07,6,0.802072230806,481.646417531,148.182299074,148.571319999
2025-04-07,12,0.92321325925,247.063877452,109.545359722,103.808077714
2025-04-07,18,0.0492852495019,0.434967842971,19.4674666667,0.750499111666
2025-04-08,0,0.114760029555,1.20184922052,18.6342902778,1.75886378647
2025-04-08,6,0.802545657048,289.388642347,182.718626389,183.892630323
2025-04-08,12,0.919864797872,286.591591695,157.0033875,167.55393603
2025-04-08,18,0.0462169678843,0.711197066327,19.4906486111,1.01572686581
2025-04-09,0,0.113189015268,2.21244312642,22.4523388889,2.74030736704
2025-04-09,6,0.810016568381,415.961544487,121.237677315,170.239739859
2025-04-09,12,0.917775876614,542.115673597,175.567816204,166.893362984
2025-04-09,18,0.0430254638678,1.40364043367,23.4045291667,1.74944995415
2025-04-10,0,0.105909869176,2.35922549603,21.9441166667,2.23541077901
2025-04-10,6,0.813104506622,345.384361905,330.281593519,304.049718891
2025-04-10,12,0.920452409285,218.375618339,167.867069444,155.784784973
2025-04-10,18,0.0424066376909,1.4571218254,21.7171736111,1.27017471995
2025-04-11,0,0.0998706996674,2.66649978741,25.3110708333,2.38275134031
2025-04-11,6,0.817790694187,156.17792106,219.219210648,186.169183899
2025-04-11,12,0.906288357415,464.907957044,149.5098,121.060640507
2025-04-11,18,0.0460788429061,2.73651444161,26.0730694444,2.48702154722
2025-04-12,0,0.0975628373838,6.31832621882,27.4103138889,5.28077068904
2025-04-12,6,0.809208518384,352.247052452,138.717737963,129.757793605
2025-04-12,12,0.908243793068,294.161986338,133.33924213,134.403746727
2025-04-12,18,0.0487719313833,1.75307473073,22.0947875,1.53012090015
2025-04-13,0,0.0954813318476,3.28841785714,21.6043430556,3.59128493741
2025-04-13,6,0.805926583378,233.162396868,100.579102778,106.595382738
2025-04-13,12,0.909597143946,284.591501715,163.501646759,147.500272174
2025-04-13,18,0.0584545863935,2.50098341837,23.2047319444,2.20239833994
2025-04-14,0,0.104680391167,3.14383812358,23.047075,2.45293753314
2025-04-14,6,0.803882860834,131.661900694,143.369422222,147.582076812
2025-04-14,12,0.914667250533,282.510404691,195.342186111,159.175424923
2025-04-14,18,0.0604369861978,3.78466143707,28.7818472222,3.40067040921
2025-04-15,0,0.103165729231,4.68859427438,27.0979208333,3.77795777552
2025-04-15,6,0.804986843789,556.426554734,162.036302778,229.665167139
2025-04-15,12,0.91838855871,298.858240136,158.433319444,138.065641022
2025-04-15,18,0.065238883412,4.05200069444,29.5319166667,3.6529305737
2025-04-16,0,0.103941455003,5.25082923753,26.9593486111,4.40164889639
2025-04-16,6,0.806764094261,364.332204067,165.077230556,178.380701932
2025-04-16,12,0.91523143523,213.718772364,99.6406407407,104.897213059
2025-04-16,18,0.0746264364963,3.13450734127,26.8811430556,2.76042599228
2025-04-17,0,0.105555630791,4.67005524376,29.3963138889,3.71320631475
2025-04-17,6,0.819062310116,206.127195394,135.777393519,142.241534562
2025-04-17,12,0.919508534798,215.218491624,179.609929167,162.880203811
2025-04-17,18,0.0823858446276,1.96270939626,26.2532875,1.67284527879
2025-04-18,0,0.108356285545,2.96842816043,26.8064958333,3.78416654515
2025-04-18,6,0.821730819971,173.653343495,158.915422222,128.898767354
2025-04-18,12,0.918812879101,233.949570111,212.547814352,218.291054425
2025-04-18,18,0.0853125158663,2.49635602324,29.3307694444,2.14950055777
2025-04-19,0,0.109386254163,5.73342902494,28.0606444444,4.93625601762
2025-04-19,6,0.825881806328,309.919810204,229.425531944,182.319903032
2025-04-19,12,0.921176566198,203.102091029,130.943822685,141.161358526
2025-04-19,18,0.0843516472496,3.38327685658,30.4550861111,3.03251940596
2025-04-20,0,0.106034028895,2.46001564626,32.2088194444,2.2057055899
2025-04-20,6,0.82433579185,306.153960006,125.651880556,155.047363128
2025-04-20,12,0.917383202509,270.963612486,178.828507407,196.545381876
2025-04-20,18,0.0842094972006,1.15980626417,24.6558666667,1.78957798698
2025-04-21,0,0.10825814864,6.38361306689,35.8785583333,5.26600845153
2025-04-21,6,0.819614568299,198.491287599,244.898711574,185.997738681
2025-04-21,12,0.919209678387,495.148318764,89.3008217593,101.158010992
2025-04-21,18,0.0858654718126,4.48301733277,31.9986166667,4.11781335705
2025-04-22,0,0.104810411765,2.37905357143,26.3692208333,2.64884799624
2025-04-22,6,0.82816810503,218.634076162,187.204743519,178.758656219
2025-04-22,12,0.919418225394,323.145195904,169.032205556,200.070029722
2025-04-22,18,0.0840546982357,2.07524073129,28.9217013889,1.92157673715
2025-04-23,0,0.106986821555,2.88031845238,34.9115291667,2.65436003686
2025-04-23,6,0.820900532721,269.563849419,223.192741667,228.378794655
2025-04-23,12,0.925915240757,274.041560842,78.0167578704,88.0765270321
2025-04-23,18,0.0875503246881,2.57930338719,31.0481569444,2.24851661055
2025-04-24,0,0.104763229803,2.00950249433,30.0110944444,2.62752967439
2025-04-24,6,0.820004989088,190.654780258,272.860995833,222.672249913
2025-04-24,12,0.932648609571,449.764637245,306.686175,320.918361769
2025-04-24,18,0.0860233932897,2.92844220522,32.3319680556,2.03079579937
2025-04-25,0,0.100794316241,4.54977324263,36.8898083333,2.49652523964
2025-04-25,6,0.818949729645,168.393810048,243.746823148,189.77672036
2025-04-25,12,0.934574189111,322.989401729,122.474203241,134.391913011
2025-04-25,18,0.0850433057922,3.60660649093,33.9334430556,2.06038697299
2025-04-26,0,0.0977574286914,5.27478802438,35.8278375,2.8800418468
2025-04-26,6,0.817088070789,612.614453515,224.4926875,288.27694229
2025-04-26,12,0.940692969891,455.260383262,161.464755093,156.01985581
2025-04-26,18,0.0845724855582,2.83778459467,29.6953888889,1.76250366376
2025-04-27,0,0.09826594633,3.93768904478,28.1172361111,4.03814228147
2025-04-27,6,0.799032198238,249.557772392,351.420785648,302.040638716
2025-04-27,12,0.944371767792,367.832772477,174.213378704,174.415783676
2025-04-27,18,0.0851665251819,3.10471444161,27.1683583333,3.97532495856
2025-04-28,0,0.099762451284,5.50778945578,26.0520083333,5.29037963686
2025-04-28,6,0.810813004296,875.548357143,235.465400926,166.281569779
2025-04-28,12,0.939047188861,663.375303501,99.6925458333,67.2259865606
2025-04-28,18,0.0854296374485,2.43646305272,29.0367180556,2.04787321733
2025-04-29,0,0.0996295950645,5.18611737528,30.8346805556,2.89589164653
2025-04-29,6,0.786473744231,371.905015986,228.836520833,253.63676268
2025-04-29,12,0.945790775534,342.841642404,106.801306481,107.115408883
2025-04-29,18,0.0833574001526,3.6572901644,26.9395791667,4.0949268608
2025-04-30,0,0.100204262831,5.13289411848,38.5573055556,2.70005679042
2025-04-30,6,0.787339184287,418.164414753,267.813988889,289.590340178
2025-04-30,12,0.944081682546,368.028428075,143.694670833,149.092505414
2025-04-30,18,0.0835042419046,4.28860019841,29.6689416667,2.56002705336
2025-05-01,0,0.10118268286,3.66515121882,29.0133166667,3.15518282331
2025-05-01,6,0.78934106286,342.539257611,277.164209722,200.866394416
2025-05-01,12,0.948495140094,215.905306264,156.098865741,143.404814178
2025-05-01,18,0.0820500876414,2.76240607993,28.1183611111,2.21371626793
2025-05-02,0,0.10264398123,6.07859438776,22.7967277778,5.84740310826
2025-05-02,6,0.792115854304,691.880818254,307.635828704,133.03652251
2025-05-02,12,0.951854528766,840.753082015,103.410774537,103.899116141
2025-05-02,18,0.0843169167221,4.62709747732,21.2037694444,4.55675340933
2025-05-03,0,0.102456028024,4.21827295918,25.0940986111,4.31579657155
2025-05-03,6,0.786466474979,206.397472619,147.203136111,125.052884904
2025-05-03,12,0.950302164848,275.263367347,179.458690278,158.759653395
2025-05-03,18,0.0839832400283,5.34619238946,25.5202972222,3.52198254301
2025-05-04,0,0.103798647369,8.68129061791,30.3962527778,5.47166066209
2025-05-04,6,0.777140246465,278.792895181,364.984277778,263.469377195
2025-05-04,12,0.949668836327,413.343750779,152.632436111,132.631951179
2025-05-04,18,0.0840936268218,6.08894206349,23.7446083333,4.40150139808
2025-05-05,0,0.103475085163,9.18648863379,21.8758069444,8.92412257905
2025-05-05,6,0.778489238902,550.171923866,88.2390740741,128.198360947
2025-05-05,12,0.941468310207,325.670835899,134.972790741,125.983746092
2025-05-05,18,0.0872333692816,1.76457465986,25.6910555556,1.37234126707
2025-05-06,0,0.107189195113,1.89396061508,33.9942013889,3.3601461852
2025-05-06,6,0.765677917631,517.502737727,187.861139352,235.604640505
2025-05-06,12,0.934817349889,319.737630754,102.924945833,92.6281518424
2025-05-06,18,0.0905846735779,1.52275695862,27.4593361111,1.80044707296
2025-05-07,0,0.109124306768,5.20741001984,21.8164638889,5.39589243155
2025-05-07,6,0.768625187378,146.748961054,95.9223439815,93.6002723266
2025-05-07,12,0.935710577664,333.088244997,153.221219907,136.404527827
2025-05-07,18,0.0900333610557,5.23472784864,23.8212847222,6.36774860547
2025-05-08,0,0.106274492713,3.91964152494,23.5362291667,3.41687226164
2025-05-08,6,0.773911457774,291.797886976,183.155097222,119.141689613
2025-05-08,12,0.937389499516,432.218506052,101.646381019,98.7870439784
2025-05-08,18,0.0891156829743,2.80510331633,28.3878375,1.20207812588
2025-05-09,0,0.106461764215,4.15744468537,24.8594097222,4.69435123676
2025-05-09,6,0.768332615391,275.648784864,134.862384722,103.921119794
2025-05-09,12,0.938483322872,234.264257058,142.528689815,134.588573192
2025-05-09,18,0.0870214201806,1.92573092404,23.1360597222,1.85480141505
2025-05-10,0,0.106810101308,7.55800442177,26.0971555556,5.25506206614
2025-05-10,6,0.777609141278,455.637048611,141.946075,148.286194599
2025-05-10,12,0.941333472938,356.466640108,126.546797222,135.072308902
2025-05-10,18,0.0869759541977,2.42649696712,23.8235111111,1.95032229284
2025-05-11,0,0.105694165676,7.98533011621,30.537025,5.31013842597
2025-05-11,6,0.778653211967,333.983120493,163.372246296,184.241439555
2025-05-11,12,0.943731925672,279.360720351,90.5274180556,101.25509229
2025-05-11,18,0.086403122358,8.61490596655,22.719425,6.82482126262
2025-05-12,0,0.107275686818,7.3962744898,23.3033361111,5.77122250819
2025-05-12,6,0.779054769802,729.971913818,186.580080093,252.849434785
2025-05-12,12,0.947321503388,418.041099702,131.9544,145.324149908
2025-05-12,18,0.0860460868296,0.810876771542,24.1897097222,1.19158214307
2025-05-13,0,0.10960025968,7.23257076247,24.86795,4.76225523001
2025-05-13,6,0.782582267881,137.594913464,208.950326389,186.322906555
2025-05-13,12,0.944266407577,174.504595366,161.997249074,159.029381174
2025-05-13,18,0.0908518810857,5.25556397392,30.2536555556,3.10953876074
2025-05-14,0,0.110171595892,7.92178174603,18.1923810185,7.22937072607
2025-05-14,6,0.791484644775,244.952488336,245.437189352,215.606121539
2025-05-14,12,0.950116995762,275.843420252,165.605555093,163.115188385
2025-05-14,18,0.0896995872159,1.80778496315,23.7214722222,1.85306574275
2025-05-15,0,0.111872268686,4.22049365079,21.3987861111,4.25026903113
2025-05-15,6,0.79560761525,380.894421967,179.677756944,190.141798612
2025-05-15,12,0.946216641398,236.056302239,112.617830093,115.873211023
2025-05-15,18,0.0912494735675,3.77616771542,16.9233763889,3.57518046061
2025-05-16,0,0.114042931537,4.51315300454,27.9528777778,2.51889596646
2025-05-16,6,0.798742448797,568.067107455,120.343389815,107.075883106
2025-05-16,12,0.945241249021,341.201440179,131.465173611,128.579603568
2025-05-16,18,0.0903984969097,5.00056181973,23.9184375,2.88714731221
2025-05-17,0,0.113614810689,5.48221598639,27.2143680556,6.07363124729
2025-05-17,6,0.801500458773,336.515625723,277.893327315,218.934447092
2025-05-17,12,0.945762184837,424.255721712,199.637210185,178.966264749
2025-05-17,18,0.0908933510096,6.48119187925,22.8612569444,6.51219703388
2025-05-18,0,0.113421473448,6.99162640306,23.4457833333,7.20142426865
2025-05-18,6,0.808150627408,300.61986593,266.408135648,230.566896462
2025-05-18,12,0.949080577952,322.735818226,111.034706481,120.816563857
2025-05-18,18,0.0923167187567,6.91745221088,19.373775,6.77944338516
2025-05-19,0,0.111244110256,7.77430303288,20.6130388889,7.22087446588
2025-05-19,6,0.807144493083,329.202794204,164.174356481,182.256146757
2025-05-19,12,0.942082069613,648.152808503,235.034269907,243.104455043
2025-05-19,18,0.0912956043271,2.41734654195,24.1221888889,2.03214365247
2025-05-20,0,0.109842851852,2.7918865788,18.5145388889,2.72599195945
2025-05-20,6,0.804040788008,173.513812032,150.505114352,120.671743641
2025-05-20,12,0.948591457778,451.980086621,152.290726389,154.611408548
2025-05-20,18,0.0912855559502,3.52820079365,22.4993333333,4.22439444733
2025-05-21,0,0.110063248468,5.99057189626,19.1824375,3.89341993443
2025-05-21,6,0.804580348631,348.052404209,197.870612037,152.180853667
2025-05-21,12,0.958240002431,571.073444827,99.9032722222,110.488931843
2025-05-21,18,0.0909129099877,5.51935827664,18.1357763889,5.33345238521
2025-05-22,0,0.109415997197,2.50702803288,19.3427916667,2.31804618459
2025-05-22,6,0.796347978308,154.452626786,206.232669444,183.804714869
2025-05-22,12,0.958458778967,218.135719501,149.390309259,147.631860557
2025-05-22,18,0.0891545824881,3.04455973639,17.2822402778,3.01701605591
2025-05-23,0,0.110533060138,5.33846509354,20.0339375,5.30588964766
2025-05-23,6,0.797210563803,168.120978756,242.7858125,202.893288553
2025-05-23,12,0.96039946367,229.409919615,408.123451389,384.336482344
2025-05-23,18,0.0884536461324,5.33560143141,23.4298277778,3.40638428508
2025-05-24,0,0.109634925719,3.52277743764,20.5563125,2.79833843734
2025-05-24,6,0.7940554263,430.139891893,110.642636574,135.8324647
2025-05-24,12,0.961697179163,391.758275964,225.5578375,229.600153087
2025-05-24,18,0.0881990550135,5.96057577948,21.6457111111,4.15740564811
2025-05-25,0,0.108224009952,3.25923579932,16.1734486111,2.64930573048
2025-05-25,6,0.78883581953,290.954533702,275.302116667,248.701512584
2025-05-25,12,0.935796964923,283.954277778,201.375095833,189.241817684
2025-05-25,18,0.0899118983857,3.45779872449,17.1832444444,2.28603194649
2025-05-26,0,0.108088697067,1.62546003401,23.5179486111,2.61995903632
2025-05-26,6,0.793912744404,661.572330357,208.405593519,178.05034443
2025-05-26,12,0.939773558661,268.976106066,153.236053704,160.224111358
2025-05-26,18,0.0919829186803,4.3886957483,13.6464222222,4.11921222117
2025-05-27,0,0.107768862917,3.56747780612,17.1730875,2.10327293095
2025-05-27,6,0.791761428819,276.148700779,239.700533796,245.726800498
2025-05-27,12,0.928106471127,264.530621599,166.850271759,148.979263124
2025-05-27,18,0.0925439343242,6.34498146259,14.0697319444,5.04779407416
2025-05-28,0,0.106172411809,14.8874302438,11.2171694444,13.235103884
2025-05-28,6,0.790408856763,491.460001318,220.36944537,168.318311451
2025-05-28,12,0.93059033386,477.613146797,161.523743056,168.344046308
2025-05-28,18,0.0927122211998,8.0352075822,14.5373777778,7.58885620662
2025-05-29,0,0.106570785576,6.25940042517,24.9632430556,6.95448724498
2025-05-29,6,0.784833758986,473.189645153,284.849807407,172.578839953
2025-05-29,12,0.934085881157,207.611405612,144.65965,146.96836041
2025-05-29,18,0.0946097171412,3.49416768707,13.8691347222,3.39879887411
2025-05-30,0,0.111678998511,6.69658687642,17.808575,6.57735965095
2025-05-30,6,0.784053006113,335.086696556,278.933326852,262.327969685
2025-05-30,12,0.93999619812,464.996363081,165.664584722,165.539653818
2025-05-30,18,0.0951376924734,11.4645317035,10.6935069444,10.6134018067
2025-05-31,0,0.108908666887,2.97487664399,14.1922532407,2.96659716958
2025-05-31,6,0.780770607434,301.834498328,190.720746759,180.304002494
2025-05-31,12,0.932665560685,354.054438124,193.921768056,169.333145161
2025-05-31,18,0.0950783010326,2.14571329365,14.8348180556,1.70545336025
2025-06-01,0,0.108491935667,11.475392021,26.4336388889,11.8628711866
2025-06-01,6,0.781004715235,942.736338294,234.904222685,174.821829862
2025-06-01,12,0.928114887158,903.751170876,230.54072963,246.790985341
2025-06-01,18,0.098484215165,7.6503196712,10.7876069444,7.02169637785
2025-06-02,0,0.108232580071,22.3790403486,10.3698763889,19.8015969268
2025-06-02,6,0.779578443313,498.781030343,166.159718056,169.689951284
2025-06-02,12,0.92356212401,912.13092388,206.129012963,229.333382634
2025-06-02,18,0.0988467425411,17.6908801162,13.5259902778,16.3414181694
2025-06-03,0,0.105380724684,24.0295009637,12.381850463,20.4682530841
2025-06-03,6,0.782552226151,546.903037401,421.510651389,237.452080458
2025-06-03,12,0.925178299304,242.421672973,130.067185648,124.634893453
2025-06-03,18,0.0995386304755,16.39959572,14.8192291667,15.1967577651
2025-06-04,0,0.114641233228,4.73970007086,13.2992388889,3.65303003562
2025-06-04,6,0.781245922245,191.486511678,129.618501852,148.652243003
2025-06-04,12,0.928123083585,523.287387472,181.199441667,166.717787953
2025-06-04,18,0.103991529568,1.48052688492,9.31861944444,0.886937464918
2025-06-05,0,0.126874603492,7.8431162415,11.3576736111,5.38378663299
2025-06-05,6,0.761782343067,346.189791525,173.287985648,120.186567305
2025-06-05,12,0.935642966982,426.562677423,137.556968519,163.673769756
2025-06-05,18,0.106851554834,3.08470593821,15.0916347222,3.00604712406
2025-06-06,0,0.126833213731,19.955660941,9.42001111111,16.1507617795
2025-06-06,6,0.766015150411,466.746924546,213.116812963,290.998941861
2025-06-06,12,0.931014116745,859.836741567,160.389953241,195.689388825
2025-06-06,18,0.107083783776,10.8488572421,9.91202222222,9.0928409701
2025-06-07,0,0.128475453259,8.37762467404,8.90244583333,5.42710891716
2025-06-07,6,0.767220127265,574.606676545,121.170505556,220.405298465
2025-06-07,12,0.935634776398,329.172452225,143.98847037,147.351621398
2025-06-07,18,0.105758176274,8.11512857143,13.7331791667,7.02298649263
2025-06-08,0,0.135222600491,1.56526897676,11.5121763889,1.14472669255
2025-06-08,6,0.771484903646,927.82589093,180.400136111,312.045806848
2025-06-08,12,0.94331516898,449.713948455,163.325627778,166.572567259
2025-06-08,18,0.107352970079,3.18551740363,14.1839888889,3.23210424463
2025-06-09,0,0.137033575415,1.83518686224,10.3540583333,2.27848419941
2025-06-09,6,0.776252789601,314.479036607,130.711430093,141.325900295
2025-06-09,12,0.943074513133,333.169853486,174.724438889,174.604177908
2025-06-09,18,0.10661620556,7.52566479592,9.70543888889,5.79220154737
2025-06-10,0,0.136819288121,9.16223647959,16.2674277778,8.82500858588
2025-06-10,6,0.793861225789,369.962920252,268.584103241,293.182011654
2025-06-10,12,0.945604722349,174.750644841,130.653046296,113.915139488
2025-06-10,18,0.10555223711,3.55204440193,7.77410277778,2.67707289183
2025-06-11,0,0.137157684793,4.69330959467,5.85840555556,5.63456053357
2025-06-11,6,0.787966965791,423.152712004,204.395789352,196.713480048
2025-06-11,12,0.947116116108,265.553944459,123.957400926,109.162148107
2025-06-11,18,0.10499769854,1.7278564059,8.06783611111,1.14551003869
2025-06-12,0,0.140776547509,0.550774135488,7.32745555556,2.68474413429
2025-06-12,6,0.785907180597,240.807632653,135.770674074,136.612906046
2025-06-12,12,0.946979195246,181.445533475,144.647771759,143.15841908
2025-06-12,18,0.104636764747,3.78192901077,6.11020555556,3.18705017666
2025-06-13,0,0.141930114703,3.99043157596,15.4802800926,3.68063204259
2025-06-13,6,0.787396065217,419.914518835,146.3739125,162.247996249
2025-06-13,12,0.944030120798,321.423903897,161.646634722,152.683561368
2025-06-13,18,0.105000846846,14.0368581207,4.62268055556,14.3276279651
2025-06-14,0,0.143555053339,13.8234522392,12.7129467593,13.1606874583
2025-06-14,6,0.789244988605,498.236003642,210.608862037,251.947743681
2025-06-14,12,0.946459882058,195.455007299,251.000748611,254.800626215
2025-06-14,18,0.10584128575,4.09964954649,2.24597268519,5.72100539447
2025-06-15,0,0.142596068554,9.30861928855,6.16879074074,10.3707441218
2025-06-15,6,0.79423679579,243.695001871,98.7992828704,122.072905932
2025-06-15,12,0.944748974168,366.947466171,195.658550926,194.766070266
2025-06-15,18,0.113253752215,15.1113830499,6.5237375,14.8632929906
2025-06-16,0,0.151812175679,22.6320735544,9.02366574074,17.2330437863
2025-06-16,6,0.796385629122,273.431433858,211.3511125,191.894259347
2025-06-16,12,0.93997639387,223.164138393,228.776064352,227.965726321
2025-06-16,18,0.115287011584,3.3811799178,7.07795555556,1.7332504339
2025-06-17,0,0.155716949662,4.99177661565,12.3719111111,4.2863505267
2025-06-17,6,0.801230227605,280.548662868,159.681635648,161.05404399
2025-06-17,12,0.940151605888,429.674812259,174.620200926,193.89415454
2025-06-17,18,0.125183756961,3.72930308957,5.14925,2.05395291741
2025-06-18,0,0.167115839945,11.9295280045,10.0032986111,11.8924311001
2025-06-18,6,0.803592540162,316.127478472,329.631581944,273.775094333
2025-06-18,12,0.936450450961,320.5757536,104.439274537,98.3016500845
2025-06-18,18,0.126952659547,5.21803717404,9.14895694444,4.58457846246
2025-06-19,0,0.170787252597,8.85288759921,5.89894027778,10.8574257254
2025-06-19,6,0.803798693229,387.755147619,216.194739815,153.531768392
2025-06-19,12,0.940381647777,701.624951148,304.694268981,299.361725204
2025-06-19,18,0.129260321407,1.85719757653,7.57826527778,1.80377360056
2025-06-20,0,0.179808184221,11.2177559666,6.5115625,12.7840521417
2025-06-20,6,0.804506957052,468.441344615,191.356494444,207.335981785
2025-06-20,12,0.938065828171,384.650829138,126.982976389,124.955460987
2025-06-20,18,0.13097390373,7.24360688776,10.4762444444,5.41273951311
2025-06-21,0,0.185524334465,16.5850595522,4.22128055556,10.2409537286
2025-06-21,6,0.805694251576,514.537089555,183.862724537,203.076257814
2025-06-21,12,0.94995652944,836.849344898,299.956670833,306.299636307
2025-06-21,18,0.132815388629,2.98328633787,6.43787777778,3.00800600543
2025-06-22,0,0.192104352552,17.0723340703,15.9674055556,14.2516620337
2025-06-22,6,0.800497360864,494.211122421,198.127473611,160.485742988
2025-06-22,12,0.948973918257,292.659141738,154.517925,160.70448785
2025-06-22,18,0.133835493506,3.84655140306,6.19998055556,5.00912569598
2025-06-23,0,0.203680420102,6.81692752268,7.1923,10.0093196123
2025-06-23,6,0.815005689269,456.077784439,233.342968056,233.723688036
2025-06-23,12,0.962144665601,257.834835502,155.021929167,163.664811586
2025-06-23,18,0.136921243178,7.61190830499,8.05449583333,5.28508153766
2025-06-24,0,0.218998354594,9.4729799178,13.7616555556,6.8843816762
2025-06-24,6,0.815219627009,747.644294529,145.284818056,209.049003067
2025-06-24,12,0.965638263358,280.805439059,240.238744444,232.22480671
2025-06-24,18,0.140345679441,8.15382106009,16.5733986111,6.97253102016
2025-06-25,0,0.223335319271,9.18810688776,9.60428935185,11.441088301
2025-06-25,6,0.817477287405,381.979334765,218.766190741,135.794462211
2025-06-25,12,0.961882972302,291.684066029,187.536347222,184.673097938
2025-06-25,18,0.1443511166,5.81420634921,10.5397805556,5.92910579961
2025-06-26,0,0.228994910133,5.8237422619,8.6783712963,2.04633744714
2025-06-26,6,0.824287121226,282.476361224,329.590108333,261.097727968
2025-06-26,12,0.95809184771,467.241189598,106.236656944,111.520397437
2025-06-26,18,0.141654480286,4.71519026361,12.1354296296,4.95932748282
2025-06-27,0,0.235881299173,10.180097619,8.88768240741,3.03098437107
2025-06-27,6,0.825250700821,388.223547747,233.062123611,188.11327857
2025-06-27,12,0.959820280025,291.281471244,212.863620833,216.998838681
2025-06-27,18,0.147905457434,2.74796965703,5.02249953704,4.00249843031
2025-06-28,0,0.239183934108,1.92012304422,13.6446305556,2.15430312893
2025-06-28,6,0.832525930707,362.157161423,171.104486574,135.310835995
2025-06-28,12,0.959675053084,390.437136465,123.737207407,116.748660096
2025-06-28,18,0.151672359689,10.6316971797,5.13391574074,10.7934482782
2025-06-29,0,0.247183954838,2.25422901077,7.59131342593,3.85528495161
2025-06-29,6,0.828820459692,315.876521117,215.10992037,230.040728089
2025-06-29,12,0.959131512922,345.957195507,126.230345833,128.003473678
2025-06-29,18,0.151159517358,4.51444838435,2.5439287037,5.84124762898
2025-06-30,0,0.24989381827,9.76512835884,6.11587361111,5.25179983948
2025-06-30,6,0.840734116927,347.509236324,265.798847685,267.683443601
2025-06-30,12,0.963229663565,247.738255187,140.606697222,146.153831379
2025-06-30,18,0.156527856945,3.71054737812,9.36739398148,4.09328528198
2025-07-01,0,0.25075621904,11.9278509921,14.8485958333,8.72027271616
2025-07-01,6,0.837932071464,428.563274802,248.634744444,251.874691738
2025-07-01,12,0.964356612052,660.964243991,141.399010185,137.027557279
2025-07-01,18,0.161920252039,10.7244188776,10.0904388889,9.80788458133
2025-07-02,0,0.264899698479,8.11193348923,10.6730847222,7.23095723524
2025-07-02,6,0.833715854932,852.367952934,139.268902778,104.898776288
2025-07-02,12,0.965431874955,834.432896273,131.910858796,134.941573942
2025-07-02,18,0.168661522928,9.00256638322,6.62844166667,8.82175995597
2025-07-03,0,0.275981471936,10.3993357285,11.9577592593,10.1846176806
2025-07-03,6,0.834921017002,265.666190221,277.67417037,206.785242515
2025-07-03,12,0.965302909587,208.041948739,149.2678375,154.770123691
2025-07-03,18,0.185762721202,2.07453123583,5.85325972222,2.73919844908
2025-07-04,0,0.284427620066,5.91398660714,12.4378638889,4.93052856713
2025-07-04,6,0.841153767774,592.257723101,229.189741667,234.428595986
2025-07-04,12,0.965636143808,402.706556633,179.8951125,184.622173275
2025-07-04,18,0.198550606686,3.09111201814,15.2214527778,2.32689326884
2025-07-05,0,0.295005990846,9.39891863662,3.72579722222,5.28487484236
2025-07-05,6,0.838887792643,562.885297265,179.059383796,178.972213508
2025-07-05,12,0.966094006824,273.944030711,221.576783796,228.775582218
2025-07-05,18,0.204445405913,2.62119180839,9.94223333333,1.72376955227
2025-07-06,0,0.300794823083,4.10623796769,5.77207731481,2.18609221911
2025-07-06,6,0.847254644504,231.934989838,330.065745833,243.378431332
2025-07-06,12,0.969790104129,604.676176715,117.686097222,113.753133674
2025-07-06,18,0.209098975681,10.3794997166,8.45256666667,7.54984668988
2025-07-07,0,0.315060070759,7.84597328515,11.9599777778,6.0020874421
2025-07-07,6,0.850144541548,401.901684538,170.853140278,155.122357264
2025-07-07,12,0.962282933325,284.955753968,257.602311111,243.207336757
2025-07-07,18,0.203878098668,4.20834054705,11.8261458333,4.01138884699
2025-07-08,0,0.322059436077,24.7413820011,16.0770013889,18.3189269662
2025-07-08,6,0.837967368425,278.728390377,143.562151389,150.30528906
2025-07-08,12,0.956866899043,449.413439385,155.757706481,153.876759238
2025-07-08,18,0.216105997037,16.5603423186,2.87284583333,10.6400791256
2025-07-09,0,0.331949058419,8.68278697562,12.3834680556,6.29271296078
2025-07-09,6,0.838383866334,327.053612004,254.316872222,174.255942691
2025-07-09,12,0.958206128604,303.061490136,128.1987625,130.898423276
2025-07-09,18,0.220847648415,7.47359814342,11.3022777778,5.58750646602
2025-07-10,0,0.34575546337,2.36280134637,16.6585597222,2.61497195038
2025-07-10,6,0.840615555652,243.333312132,174.088916667,155.937123728
2025-07-10,12,0.960777057642,159.172804436,139.700148611,152.692574148
2025-07-10,18,0.257531365857,4.95836035998,9.90109444444,3.07844875017
2025-07-11,0,0.35418297838,11.229401559,9.75078287037,5.32572264022
2025-07-11,6,0.835079692952,743.504176913,183.480880093,287.271264536
2025-07-11,12,0.960578183318,424.439785899,139.608681944,130.303801889
2025-07-11,18,0.259602807301,7.40317475907,10.5691236111,4.99518162753
2025-07-12,0,0.364084442591,1.7856127551,8.5408587963,3.14630779179
2025-07-12,6,0.829858941237,344.940602721,204.709091667,118.04503022
2025-07-12,12,0.958925656453,246.782164923,237.54064213,205.558531067
2025-07-12,18,0.265091604927,8.88526411565,15.7929861111,7.395972484
2025-07-13,0,0.383377908276,7.30761461168,8.98606296296,7.19747523156
2025-07-13,6,0.845591030954,280.570894317,117.396697685,108.97139059
2025-07-13,12,0.956576490687,489.688599334,190.719250926,188.653109614
2025-07-13,18,0.274912242173,5.6667817602,16.3568680556,5.22299325517
2025-07-14,0,0.395181641797,4.1988440051,17.7226361111,4.4670641316
2025-07-14,6,0.844261665095,181.407119629,146.020456944,167.839737837
2025-07-14,12,0.949732120379,308.035289612,153.4537,138.5257579
2025-07-14,18,0.275252095755,6.56354855442,12.6896263889,4.83872415178
2025-07-15,0,0.403843976828,8.87265342971,15.8284875,7.77342044356
2025-07-15,6,0.842215465118,468.777893991,205.996306019,221.905573371
2025-07-15,12,0.945014368386,464.914989838,257.5172625,280.031720023
2025-07-15,18,0.280848520391,4.95356267007,17.6900861111,5.23718737833
2025-07-16,0,0.405870457284,15.4691529195,12.2374138889,9.20244093008
2025-07-16,6,0.842568115585,260.213674915,157.732966204,156.067450912
2025-07-16,12,0.945812749364,282.180853359,144.175838889,130.097759601
2025-07-16,18,0.29461894826,2.60004567744,17.9950027778,3.64611253938
2025-07-17,0,0.409387517733,1.37628059807,19.0148652778,4.09696036543
2025-07-17,6,0.846892258548,272.15626566,119.235075,166.242440062
2025-07-17,12,0.946449938422,279.620985091,120.298913426,122.773814617
2025-07-17,18,0.29253824904,5.18987536848,11.7897486111,3.55200389214
2025-07-18,0,0.425713776357,3.61153205782,13.7948555556,4.2699966163
2025-07-18,6,0.848687838083,678.94711824,140.126606944,135.50136483
2025-07-18,12,0.944731815962,375.878165816,275.400054167,296.481084544
2025-07-18,18,0.28961950867,2.88938068311,10.2861138889,1.72332473923
2025-07-19,0,0.426891616881,3.04687467404,24.2018111111,7.89389582597
2025-07-19,6,0.851090092822,310.970060488,380.888825,411.982657585
2025-07-19,12,0.962896622168,177.343974036,120.061892593,118.912522333
2025-07-19,18,0.29688823623,7.37892426304,14.7658597222,5.91009537931
2025-07-20,0,0.432327414038,7.90714231859,10.7853981481,3.60523405516
2025-07-20,6,0.851441183129,336.375505329,198.442288889,173.455351778
2025-07-20,12,0.961661945007,162.251885927,126.938816667,129.095529454
2025-07-20,18,0.300869329515,1.59327797619,17.5121236111,2.37992742218
2025-07-21,0,0.423728458178,9.1804977466,22.0305111111,10.4165043601
2025-07-21,6,0.84531239669,253.093111876,153.818798611,152.910174975
2025-07-21,12,0.966193451508,450.143753614,130.465028241,127.314059103
2025-07-21,18,0.303614085956,4.86601743197,15.172075,4.15870290022
2025-07-22,0,0.439088339992,13.0817897392,22.1707555556,12.8237780415
2025-07-22,6,0.844254974785,338.817165916,436.277628704,350.303359603
2025-07-22,12,0.964132869712,417.564220266,157.678658796,150.731202452
2025-07-22,18,0.296102002493,1.59013185941,15.3493194444,2.80662929285
2025-07-23,0,0.435394556054,8.4538269983,14.5322444444,5.48852749525
2025-07-23,6,0.844354848214,345.905459949,265.78565,287.869417452
2025-07-23,12,0.962595441373,332.543916213,171.747316667,170.626734537
2025-07-23,18,0.286625375181,2.36536456916,14.8231194444,3.65369128711
2025-07-24,0,0.416275152534,3.47182922336,16.8933375,5.72290472001
2025-07-24,6,0.828636273589,311.191685941,107.450396296,113.381836614
2025-07-24,12,0.959763469843,512.864174759,136.660552778,128.388874037
2025-07-24,18,0.277832080494,4.94846934524,22.4064138889,6.08067165819
2025-07-25,0,0.430446650342,3.99995674603,25.2106916667,6.61744669489
2025-07-25,6,0.83707041402,246.618844204,212.491330093,213.448024945
2025-07-25,12,0.959489265605,172.555758985,127.840498611,117.725321402
2025-07-25,18,0.272815891814,5.57183030045,16.4013486111,4.830939098
2025-07-26,0,0.427218787858,13.7317565476,18.6356388889,11.571435744
2025-07-26,6,0.836855793745,375.388076871,170.962156944,180.094347223
2025-07-26,12,0.960650054115,261.614532058,134.448859722,133.323579379
2025-07-26,18,0.235950813161,3.58230282029,18.913125,3.76004136659
2025-07-27,0,0.41358266503,10.8350499717,16.2937791667,7.78159600375
2025-07-27,6,0.83790512063,489.25726464,147.123401389,162.066427116
2025-07-27,12,0.965084943966,140.055797477,124.887828704,123.647825773
2025-07-27,18,0.22997494379,0.786517219388,20.8636472222,2.00672946215
2025-07-28,0,0.42422620665,3.23694535147,19.6883722222,5.0998346464
2025-07-28,6,0.840727942898,528.287785686,170.664737037,246.134001203
2025-07-28,12,0.968187360574,466.576394926,163.085925,170.969532564
2025-07-28,18,0.216629799413,6.24324764739,21.1822055556,6.10401993468
2025-07-29,0,0.401256819784,11.0785050312,27.0996527778,8.35987623575
2025-07-29,6,0.844094083876,538.721789427,301.619397222,149.266485939
2025-07-29,12,0.966178614901,220.324734311,177.384819444,173.871636562
2025-07-29,18,0.183752458533,2.18788660714,24.8571319444,2.92174960376
2025-07-30,0,0.364456417819,5.91676235828,25.8170625,9.38424068149
2025-07-30,6,0.873173612995,311.375896896,137.903030556,116.516208007
2025-07-30,12,0.971794510524,370.675281803,311.768416667,299.663774115
2025-07-30,18,0.158841528011,1.83450279195,22.5009958333,2.42006043538
2025-07-31,0,0.358868843681,5.3474692602,33.0597958333,11.600990113
2025-07-31,6,0.85826572699,260.826836891,128.028055556,135.990603818
2025-07-31,12,0.976507256058,229.360743027,158.208945833,150.185893756
2025-07-31,18,0.150371060138,1.20348295068,24.4017375,1.59548311514
2025-08-01,0,0.341758489876,14.9463091837,33.4080013889,11.8786719715
2025-08-01,6,0.858685604109,590.117769629,339.715784722,273.467218712
2025-08-01,12,0.971610097507,684.29511943,165.180342593,162.555410568
2025-08-01,18,0.145501918117,5.16413381519,26.8623625,4.59195052343
2025-08-02,0,0.299042979082,4.1644239229,28.5844055556,4.05805403591
2025-08-02,6,0.85431385769,629.209278926,178.308208796,181.859065841
2025-08-02,12,0.962471120982,405.37714161,309.133508796,303.96221263
2025-08-02,18,0.132426643107,2.78458543084,26.4267263889,2.3172669303
2025-08-03,0,0.296442756019,1.75175823413,33.4084291667,6.04821490888
2025-08-03,6,0.833623121585,764.905428529,135.519047222,114.06456627
2025-08-03,12,0.972400563341,857.565800865,194.602244444,193.287434809
2025-08-03,18,0.136509901842,6.4108393424,27.0726958333,4.69338750863
2025-08-04,0,0.287188020294,6.65180350057,25.0928472222,8.27155740611
2025-08-04,6,0.823992298438,601.937149362,277.443339815,295.266517288
2025-08-04,12,0.962804196212,334.013851601,226.3546,219.403250721
2025-08-04,18,0.13358062113,1.0706594246,29.6008138889,1.177753798
2025-08-05,0,0.271754138893,12.223702055,23.4213652778,11.8649061463
2025-08-05,6,0.827935020303,253.023826488,193.330063889,187.037326074
2025-08-05,12,0.948679117468,251.915058277,92.5139888889,85.0566159664
2025-08-05,18,0.136453961849,0.913367020975,27.9977680556,1.3481968092
2025-08-06,0,0.258463534217,4.53287037982,28.1696625,6.86181325884
2025-08-06,6,0.835175062104,216.11405445,115.353915278,116.856441873
2025-08-06,12,0.944032014291,564.779671925,137.253201852,121.748379282
2025-08-06,18,0.129215228613,1.32670090703,28.1343027778,1.95743296595
2025-08-07,0,0.254872201114,4.12388847789,33.3129430556,5.70851203628
2025-08-07,6,0.834540825664,227.404390476,159.244258333,141.42950788
2025-08-07,12,0.946420553009,254.047618736,136.55374213,136.799189003
2025-08-07,18,0.123130919533,2.45195004252,28.8048527778,2.96414330958
2025-08-08,0,0.243756470982,6.96903595522,24.2999236111,6.56185914066
2025-08-08,6,0.833436904788,313.54763665,169.450036574,152.049796745
2025-08-08,12,0.945872693996,408.243343863,160.299326389,155.805272408
2025-08-08,18,0.116449514595,4.03106340703,30.7959722222,4.53318714519
2025-08-09,0,0.234701884717,7.0351502551,26.0952416667,7.63940581151
2025-08-09,6,0.831660051317,225.557665703,253.759706944,257.522494138
2025-08-09,12,0.946564896724,417.905681774,208.217213426,196.852971438
2025-08-09,18,0.0935417989021,5.37035056689,27.2676819444,5.23507775483
2025-08-10,0,0.21988654054,2.79123320578,29.37725,4.15944779377
2025-08-10,6,0.824251373811,278.087698328,161.4852125,181.578773766
2025-08-10,12,0.953500984442,450.926878827,88.2244810185,100.369500437
2025-08-10,18,0.0835934011705,3.67776150794,31.2536083333,3.78162893455
2025-08-11,0,0.208206614527,1.33971000567,27.9335569444,2.07554783246
2025-08-11,6,0.820912954275,317.766487457,264.570063426,221.649003113
2025-08-11,12,0.948534673633,210.643227282,174.832883333,153.013498757
2025-08-11,18,0.0559026644728,3.53211522109,30.2057041667,3.2563507256
2025-08-12,0,0.185865870446,4.61830168651,38.5060083333,4.61930639937
2025-08-12,6,0.819974864184,494.761810955,145.990422222,155.91943691
2025-08-12,12,0.952403396953,386.47828682,127.713352315,101.20778164
2025-08-12,18,0.0495575614578,4.57851615646,29.9554430556,4.20513010614
2025-08-13,0,0.181713307924,4.42886207483,26.6121319444,4.31398918985
2025-08-13,6,0.814646170394,324.398111054,106.625272222,134.979807592
2025-08-13,12,0.946994255894,281.127199858,207.687303241,189.369583926
2025-08-13,18,0.0441902835141,1.89850059524,33.7237861111,1.82123812359
2025-08-14,0,0.167011011402,14.2079132795,25.2962180556,12.689400761
2025-08-14,6,0.819945118545,347.642683348,265.5051,196.738708813
2025-08-14,12,0.942713284669,220.84422483,136.822702315,119.536926186
2025-08-14,18,0.0392318070865,5.54498119331,30.2958055556,4.97256150266
2025-08-15,0,0.15978446339,4.01459794501,34.4573291667,5.46371218586
2025-08-15,6,0.827266292181,267.404975,276.214735185,241.615960956
2025-08-15,12,0.92617023885,219.589104294,199.321622222,197.322689275
2025-08-15,18,0.0355494635741,1.47512159864,33.0239027778,1.62211532786
2025-08-16,0,0.157034863021,2.3499836593,44.1635375,4.78010076639
2025-08-16,6,0.81918195034,354.910072166,106.384274074,128.861116438
2025-08-16,12,0.924868551132,218.180792134,106.707923611,90.9218047953
2025-08-16,18,0.0308862685467,1.94401281179,32.5361861111,1.41901458629
2025-08-17,0,0.138101489411,9.02049902211,25.9759388889,7.72256373759
2025-08-17,6,0.80900128856,260.78174606,177.171763889,179.729229452
2025-08-17,12,0.905832740533,248.056449872,126.173618519,139.945307782
2025-08-17,18,0.0302154863723,2.38286673753,31.5127694444,1.83302254718
2025-08-18,0,0.110940282229,2.15955739796,30.3809875,2.1206915706
2025-08-18,6,0.813406276689,256.935319884,200.831243519,168.510876655
2025-08-18,12,0.905488278059,255.103449249,100.882674537,120.496122725
2025-08-18,18,0.0251550716594,3.23863231293,29.6246805556,2.50010988905
2025-08-19,0,0.109565204456,6.7944905754,38.8971875,6.78570564242
2025-08-19,6,0.808099644378,275.339354266,205.386233333,164.566600499
2025-08-19,12,0.909459582309,259.754063251,138.298194444,127.383561517
2025-08-19,18,0.0213509784396,1.25725355726,33.8843402778,0.63809789056
2025-08-20,0,0.105721187765,8.04158735828,25.3848013889,6.75665569201
2025-08-20,6,0.797422405541,953.885340462,122.806452315,223.975558888
2025-08-20,12,0.91289315764,425.786030584,163.286905093,199.853096093
2025-08-20,18,0.0210066575825,1.61390902778,30.8092527778,1.11161660585
2025-08-21,0,0.10367750179,1.55772060658,28.6878847222,0.933852515127
2025-08-21,6,0.797900432535,296.78354555,182.585173611,191.24245718
2025-08-21,12,0.911420275475,434.361633659,121.718676852,142.14957648
2025-08-21,18,0.015003464026,2.74525347222,30.5330694444,2.17347849934
2025-08-22,0,0.101591475214,0.425186720522,34.0443013889,0.860203505996
2025-08-22,6,0.813951772478,249.876584184,255.176236111,228.374039005
2025-08-22,12,0.916274145481,452.897495465,116.697837037,123.397773948
2025-08-22,18,0.0103816156545,0.275298100907,33.2313097222,0.709969937589
2025-08-23,0,0.0941544800287,0.836777054989,29.4827763889,1.35918042988
2025-08-23,6,0.820071971169,485.118480357,264.846543056,304.577821148
2025-08-23,12,0.925735322613,228.973654705,91.3999388889,94.2676070626
2025-08-23,18,0.00758393950179,0.782665348639,31.5295166667,0.774077791404
2025-08-24,0,0.0905638882118,1.49432253401,32.429825,1.19200016625
2025-08-24,6,0.815082056768,331.934948866,136.063881481,117.539731288
2025-08-24,12,0.926395444755,434.770809793,147.217143519,131.090340904
2025-08-24,18,0.00113205453591,1.27590860261,28.2349138889,1.32755260904
2025-08-25,0,0.0880611568009,5.42382799036,28.9277875,4.59671310644
2025-08-25,6,0.820731099873,358.822216256,154.695738426,163.7465305
2025-08-25,12,0.925553047717,705.060300907,144.783972685,140.278286932
2025-08-25,18,0,1.91851189059,29.0909152778,1.23629796822
2025-08-26,0,0.0832581152974,3.59897893991,30.2836638889,3.03577377539
2025-08-26,6,0.819511514614,268.792068396,165.308740278,187.31363801
2025-08-26,12,0.925254768571,242.93302191,156.1227,153.730337569
2025-08-26,18,0,0.779273965419,30.6723513889,0.788758999433
2025-08-27,0,0.0729913794212,3.26929644274,24.3116236111,2.28395054671
2025-08-27,6,0.81948773712,317.640666596,236.492915741,186.977539039
2025-08-27,12,0.923347258392,323.724551998,180.489325926,169.513666681
2025-08-27,18,0,2.07402091837,24.6650416667,1.6543134974
2025-08-28,0,0.0676646191952,3.1636126559,28.0766875,2.4306270282
2025-08-28,6,0.817630358531,785.392087486,195.160146759,252.38967319
2025-08-28,12,0.917850536507,287.460051091,159.802423148,180.556833669
2025-08-28,18,0,1.23550581066,26.5393694444,1.09208848857
2025-08-29,0,0.064078938459,3.68746123866,22.8640083333,2.44303327426
2025-08-29,6,0.815032895999,361.671174986,186.134062963,189.222869003
2025-08-29,12,0.918111399099,173.435353132,129.155625,108.810317013
2025-08-29,18,0,1.26620576814,25.8318875,1.1494630024
2025-08-30,0,0.0611341072319,1.69647797619,26.2959180556,2.97297154875
2025-08-30,6,0.818633616753,593.103914654,171.277533333,222.604931424
2025-08-30,12,0.912532761739,220.730771655,97.809062963,95.1427942422
2025-08-30,18,0,0.853903812358,26.0516388889,1.08437142015
2025-08-31,0,0.0562255759897,0.674039880952,27.1419861111,1.79292038793
2025-08-31,6,0.814740429419,308.393331831,223.945223148,194.013420947
2025-08-31,12,0.918149725516,198.314400723,147.752052315,132.810523158
2025-08-31,18,0,0.796445960884,25.2722666667,1.09813978524
2025-09-01,0,0.0551595911684,2.69193810941,26.1307652778,3.57105185757
2025-09-01,6,0.826690056583,400.612320281,275.467610185,255.010661405
2025-09-01,12,0.917468389483,279.235368452,96.6499171296,96.0579974904
2025-09-01,18,0,0.99392585034,22.932875,0.697398136851
2025-09-02,0,0.0517821886528,0.633224674036,24.7398180556,1.67232007843
2025-09-02,6,0.823965126093,250.905424617,232.141268981,209.640527672
2025-09-02,12,0.915823982909,295.983274263,127.297269907,123.517678724
2025-09-02,18,0,0.299228401361,26.0249305556,0.932985830129
2025-09-03,0,0.0449372940418,0.96139720805,24.6603263889,1.84087287298
2025-09-03,6,0.822002140138,310.838020635,157.780235185,166.773757201
2025-09-03,12,0.913977415406,341.032542205,138.432549074,146.350212927
2025-09-03,18,0,0.928021187642,19.1895666667,0.323847930017
2025-09-04,0,0.0440919839726,1.11839179422,21.6222444444,0.424521584662
2025-09-04,6,0.822510241585,442.568149688,212.924883333,179.888330094
2025-09-04,12,0.912993544185,273.007893863,134.040769907,143.122391665
2025-09-04,18,0,0.570594104308,17.9020847222,0.183397219963
2025-09-05,0,0.0440293244603,1.53135304705,19.7025416667,0.774158711961
2025-09-05,6,0.826783780988,136.137553784,162.649635185,131.574395399
2025-09-05,12,0.916202562432,344.452831562,188.762173611,182.818572795
2025-09-05,18,0,0.405717162698,21.5773277778,0.943909257411
2025-09-06,0,0.0412458703329,1.2032913407,20.090575,1.02656938056
2025-09-06,6,0.814661129136,476.973188563,173.993079167,175.219450812
2025-09-06,12,0.91991078357,516.88814983,76.1183689815,82.2849686291
2025-09-06,18,0,0.624867219388,19.0382402778,1.14709015906
2025-09-07,0,0.0407246492348,1.04256471088,19.9039361111,1.1800040986
2025-09-07,6,0.815393782748,153.865553982,197.038708796,180.586631719
2025-09-07,12,0.925185467918,284.026920904,123.205893056,134.108932082
2025-09-07,18,0,0.840039569161,16.2991583333,1.33102920097
2025-09-08,0,0.0391315683223,1.30295029762,18.2214319444,2.22574189766
2025-09-08,6,0.815170424806,280.269558914,158.798055556,145.490266507
2025-09-08,12,0.926142500455,598.269948115,146.98043287,92.9969952953
2025-09-08,18,0,1.29985223923,16.3630361111,1.693325
2025-09-09,0,0.0390391265657,1.41187035147,15.3669944444,1.94271924134
2025-09-09,6,0.812077221989,391.006568481,138.696483333,133.130957455
2025-09-09,12,0.927581305201,339.328761763,176.046560648,169.476528324
2025-09-09,18,0,1.44227281746,15.3404166667,1.49533888889
2025-09-10,0,0.0401917800307,1.81220535714,12.3163527778,1.23667869933
2025-09-10,6,0.808938972314,507.769517645,92.5017814815,159.330085165
2025-09-10,12,0.915535101156,510.025590179,141.231969907,123.045205537
2025-09-10,18,0,1.15218894558,13.0690055556,1.16407365609
2025-09-11,0,0.0368086536962,1.30100841837,13.3070236111,1.81778173274
2025-09-11,6,0.810733092058,171.816277296,101.276358333,90.0371717866
2025-09-11,12,0.920205549893,412.874662401,92.6688027778,91.9075824863
2025-09-11,18,0,1.06950104875,11.4958638889,1.10006250021
2025-09-12,0,0.0378657738218,1.4471607568,9.41961527778,0.936976155149
2025-09-12,6,0.814420870402,242.989998115,355.587336111,326.297145867
2025-09-12,12,0.91959097491,209.944066327,222.542343981,229.345610738
2025-09-12,18,0,0.794340929705,10.3470291667,0.822007498603
2025-09-13,0,0.0380708133359,1.06024679705,9.00977916667,0.673301471881
2025-09-13,6,0.809198930941,538.512849135,322.272488889,345.512567993
2025-09-13,12,0.919430854647,238.606237004,114.497396296,111.771300399
2025-09-13,18,0,0.621822037982,9.20386666667,0.609608087474
2025-09-14,0,0.0398936291703,0.862035941043,6.92157916667,0.572013672692
2025-09-14,6,0.810426299959,325.809634127,175.822468981,110.962143727
2025-09-14,12,0.918794037016,300.683891327,140.434662037,119.231593213
2025-09-14,18,0,0.53683252551,8.04823472222,0.526225506096
2025-09-15,0,0.0384080945489,0.377931264172,6.57250694444,0.721285736514
2025-09-15,6,0.820423527525,466.310466199,182.227279167,142.844856407
2025-09-15,12,0.919676528318,164.362463478,97.8818509259,98.7386393026
2025-09-15,18,0,0.245032114512,5.81630138889,0.239497098985
2025-09-16,0,0.040546301586,0.482166907596,5.77100694444,0.895500762528
2025-09-16,6,0.818086730261,308.169842007,205.645869444,136.783506897
2025-09-16,12,0.91724407539,228.360922406,122.551741667,92.530715191
2025-09-16,18,0,0.148010388322,5.30900972222,0.152471832175
2025-09-17,0,0.0421431879451,0.321068537415,3.99449861111,0.693446238205
2025-09-17,6,0.838716301661,404.278067829,186.891614815,183.715753878
2025-09-17,12,0.914794682128,151.513912032,103.649365278,93.6768693863
2025-09-17,18,0,0.0819445578231,3.78074305556,0.0927084701272
2025-09-18,0,0.0419028208726,0.448283574263,2.60632638889,0.792998126941
2025-09-18,6,0.835900222513,228.333906973,246.753743056,184.367790073
2025-09-18,12,0.911067874999,193.3272821,147.836168981,105.14216681
2025-09-18,18,0,0.146885600907,2.86701111111,0.169426057174
2025-09-19,0,0.0427298610036,0.571373795351,1.27411388889,0.732058742033
2025-09-19,6,0.836853705174,414.509185558,109.908262037,156.300426861
2025-09-19,12,0.910486124978,164.80828767,107.565111111,96.7060417888
2025-09-19,18,0,0.159638293651,1.30866666667,0.194138305153
2025-09-20,0,0.0435215465936,0.364160161565,0.380985648148,0.353052777778
2025-09-20,6,0.830160692256,292.173500241,250.641707407,243.500163308
2025-09-20,12,0.90707727646,196.436467517,200.510770833,187.84054467
2025-09-20,18,0,0.203483021542,0.346302777778,0.253108322037
2025-09-21,0,0.0426128242553,0.203019373583,0.197088888889,0.196940967043
2025-09-21,6,0.830750891957,391.364061721,343.970995833,295.971571881
2025-09-21,12,0.906498657116,269.373362245,155.360418981,144.339668727
2025-09-21,18,0,0.208724078798,0.202727777778,0.268337887788
2025-09-22,0,0.0409216963757,0.170750155896,0.168402777778,0.168143189728
2025-09-22,6,0.827184973628,146.560879478,243.341545833,211.685569016
2025-09-22,12,0.906585437489,135.313301828,92.6342851852,86.7335615834
2025-09-22,18,0,0.186622619048,0.185083333333,0.248024713062
2025-09-23,0,0.040861389445,0.155800127551,0.155497222222,0.155212766293
2025-09-23,6,0.812253290559,239.615524731,92.9830333333,86.6585756102
2025-09-23,12,0.899132394605,192.872495578,120.792648611,114.672146424
2025-09-23,18,0,0.13263731576,0.132372222222,0.196387418663
2025-09-24,0,0.033890826014,0.142713888889,0.142713888889,0.142427684249
2025-09-24,6,0.818090642302,199.604530102,132.976481944,121.640628504
2025-09-24,12,0.900446212247,204.435147222,99.643162963,96.3348269945
2025-09-24,18,0,0.1357,0.1357,0.203543821272
2025-09-25,0,0.0360806493409,0.104961111111,0.104961111111,0.104659968653
2025-09-25,6,0.820204463545,192.53004083,399.682940278,340.036476143
2025-09-25,12,0.901105155205,157.807523611,161.565940741,148.118374654
2025-09-25,18,0,0.100244444444,0.100244444444,0.177216900613
2025-09-26,0,0.0400534328025,0.107244444444,0.107244444444,0.106926534935
2025-09-26,6,0.818138003112,400.857140689,190.136136574,169.788560926
2025-09-26,12,0.903289217996,142.994619487,144.033065278,149.619222652
2025-09-26,18,0,0.0925155612245,0.0925416666667,0.172074528
2025-09-27,0,0.0254489590484,0.0836065334467,0.0854694444444,0.0850367256142
2025-09-27,6,0.826534225063,309.019211409,84.1537050926,90.7043026094
2025-09-27,12,0.889156775526,412.683241978,80.0179421296,106.11554459
2025-09-27,18,0,0.0699005385488,0.0716638888889,0.155326357669
2025-09-28,0,0.0233862335962,0.0464998157596,0.0495055555556,0.0495548267971
2025-09-28,6,0.815515597412,215.701384538,334.912560185,227.85801995
2025-09-28,12,0.89834004227,227.294331193,117.63214537,102.632202452
2025-09-28,18,0,0.0562737953515,0.0587666666667,0.142799405994
2025-09-29,0,0.0238170079867,0.036162244898,0.0379333333333,0.0381388384919
2025-09-29,6,0.811094517593,105.926578926,393.425716667,335.643000366
2025-09-29,12,0.909572205111,175.241482242,91.4058458333,88.6014263874
2025-09-29,18,0,0.0430317743764,0.0461111111111,0.125435554282
2025-09-30,0,0.0246955513696,0.0265667942177,0.0261944444444,0.0265431620736
2025-09-30,6,0.788025045921,192.904651148,164.76335,177.559384256
2025-09-30,12,0.915641660809,317.965922336,207.778554167,171.740414454
2025-09-30,18,0,0.0229284297052,0.0227194444444,0.0987789561356
2025-10-01,0,0.0221916852728,0.0120449121315,0.009275,0.00977789927423
2025-10-01,6,0.775110657347,1135.18827788,431.263842593,554.23798876
2025-10-01,12,0.916361346336,700.266467489,199.463432407,218.120777458
2025-10-01,18,0,0.0145658163265,0.01275,0.0845519354481
2025-10-02,0,0.0239748662355,0.0303827806122,0.0268388888889,0.0273915173588
2025-10-02,6,0.775348028453,443.188816156,273.05555787,292.285495991
2025-10-02,12,0.911080602765,805.265796216,192.140993056,213.914466931
2025-10-02,18,0,0.0399138463719,0.0366694444444,0.09608931981
2025-10-03,0,0.0227599081611,0.0585592828798,0.0555861111111,0.0560939670558
2025-10-03,6,0.811323133034,373.187051956,177.46755463,160.843836844
2025-10-03,12,0.92974247573,415.268913336,143.179895833,126.368044199
2025-10-03,18,0,0.0706509637188,0.0679055555556,0.114669860782
2025-10-04,0,0.0216839313232,0.110413024376,0.105288888889,0.105730854301
2025-10-04,6,0.81744793072,164.244731349,139.349635185,153.088559957
2025-10-04,12,0.940292557874,143.170834084,170.0142125,167.839508167
2025-10-04,18,0,0.118582511338,0.109969444444,0.144222433575
2025-10-05,0,0.0229429028376,0.15636662415,0.150438888889,0.150824523628
2025-10-05,6,0.820653735989,230.334802253,202.728222685,182.203757833
2025-10-05,12,0.93989728681,232.913475694,141.124504167,129.187235867
2025-10-05,18,0,0.150826445578,0.139730555556,0.164844747198
2025-10-06,0,0.0228501116533,0.184092531179,0.178019444444,0.178369546791
2025-10-06,6,0.82029444228,125.416285006,137.236418056,132.429451816
2025-10-06,12,0.932720294485,214.060194118,164.437498611,159.915545334
2025-10-06,18,0,0.16265994898,0.153505555556,0.171128109493
2025-10-07,0,0.0223833155244,0.149696315193,0.145636111111,0.145957304122
2025-10-07,6,0.824034127138,284.895873356,141.033838889,93.3808787232
2025-10-07,12,0.93555054149,144.789326389,148.3833625,118.311782485
2025-10-07,18,0,0.151161592971,0.146133333333,0.158503797981
2025-10-08,0,0.0190250276305,0.124661210317,0.123288888889,0.123585728297
2025-10-08,6,0.820471856516,202.364117134,143.319453704,156.460080291
2025-10-08,12,0.938498614415,308.293991681,117.762253704,126.91735508
2025-10-08,18,0,0.138055924036,0.136169444444,0.145474700943
2025-10-09,0,0.0197717404817,0.115511111111,0.115511111111,0.115802324046
2025-10-09,6,0.815497914802,215.832360502,215.311034722,207.53641705
2025-10-09,12,0.940128244168,220.532803203,132.579784722,120.137364185
2025-10-09,18,0,0.131819444444,0.131819444444,0.137192646817
2025-10-10,0,0.0148991474875,0.0941138888889,0.0941138888889,0.0943972816158
2025-10-10,6,0.821527026303,174.583282398,255.852147222,220.746856246
2025-10-10,12,0.942828244906,381.412063024,167.562875463,155.822522303
2025-10-10,18,0,0.099175,0.099175,0.106426562654
2025-10-11,0,0.0188861490192,0.0771573129252,0.0772416666667,0.077531381842
2025-10-11,6,0.821102117137,345.062091525,182.345740278,167.979659264
2025-10-11,12,0.942430824161,173.212514328,123.390337963,115.793885635
2025-10-11,18,0,0.0898214427438,0.089975,0.0982203917316
2025-10-12,0,0.0222221117762,0.0669580073696,0.0685277777778,0.0686580549628
2025-10-12,6,0.814700679069,160.769260813,257.45302037,201.024842084
2025-10-12,12,0.943862674224,289.493322931,246.476201389,215.299445066
2025-10-12,18,0,0.0691489512472,0.070775,0.0824775781327
2025-10-13,0,0.0212429124295,0.0497629109977,0.0601027777778,0.0601996537559
2025-10-13,6,0.815459508239,266.126252523,160.738225,153.857415262
2025-10-13,12,0.941124905444,186.896183433,276.03505,265.907259209
2025-10-13,18,0,0.046962329932,0.0554583333333,0.068869234735
2025-10-14,0,0.024325600937,0.0267461026077,0.0455694444444,0.0458871098438
2025-10-14,6,0.811384803873,198.959952494,350.139418056,309.504901574
2025-10-14,12,0.93299501686,259.022503671,175.153762037,142.586944058
2025-10-14,18,0,0.0194515589569,0.0422361111111,0.0659917510845
2025-10-15,0,0.0161594491212,0.00407485827664,0.0300722222222,0.0306317048757
2025-10-15,6,0.816442619612,234.224852452,283.3493125,272.708838891
2025-10-15,12,0.929914708767,448.466603642,120.737143056,113.951309349
2025-10-15,18,0,0.00266683673469,0.0300527777778,0.0612143709537
2025-10-16,0,0.0128861643881,0.0211991496599,0.0144583333333,0.0180240684555
2025-10-16,6,0.790735845621,143.034105924,164.269947222,135.778696722
2025-10-16,12,0.917717108113,550.882663194,148.010647222,137.08236006
2025-10-16,18,0,0.022766893424,0.0161527777778,0.0502106033718
2025-10-17,0,0.0144135364702,0.0347897534014,0.00127777777778,0.0122720902506
2025-10-17,6,0.785692083229,214.574346088,241.759947222,230.771923402
2025-10-17,12,0.913786414341,213.817232086,158.688783796,112.945921928
2025-10-17,18,0.00254677898193,0.0283717828798,0.00948611111111,0.0384812187673
2025-10-18,0,0.015334606232,0.0359463151927,0.00374444444444,0.00701321096178
2025-10-18,6,0.788501477804,188.791237557,237.254322685,182.56162744
2025-10-18,12,0.911809361356,199.704814739,106.733298611,100.488181983
2025-10-18,18,0.00275657732691,0.0366420351474,0.00140555555556,0.0448859476002
2025-10-19,0,0.0157912268983,0.0328429705215,0.00575833333333,0.00841796665045
2025-10-19,6,0.777548787128,174.296993736,133.947393056,124.968465314
2025-10-19,12,0.906371602911,312.642823356,132.97313287,134.390092579
2025-10-19,18,0.00378225459582,0.0352550736961,0.00684444444444,0.0371468084144
2025-10-20,0,0.0192056272782,0.0297822420635,0.00926666666667,0.0130724379036
2025-10-20,6,0.77200365002,405.828228756,146.2669875,171.177917984
2025-10-20,12,0.904734566953,142.904321953,163.692863426,134.559018519
2025-10-20,18,0.00488254946804,0.0319928429705,0.0104722222222,0.0348352362852
2025-10-21,0,0.0226421801871,0.0262755810658,0.0130305555556,0.0367787575584
2025-10-21,6,0.769503436224,382.877100553,100.493844444,151.353030772
2025-10-21,12,0.905190875739,249.686702976,143.07225463,104.171846081
2025-10-21,18,0.00952448691492,0.0290960175737,0.0146805555556,0.0337611255821
2025-10-22,0,0.0272622773948,0.0231923469388,0.0163277777778,0.0507561004685
2025-10-22,6,0.769471654871,367.277909198,106.385331944,124.348924366
2025-10-22,12,0.904459135064,232.769949461,121.385151389,107.268053385
2025-10-22,18,0.0127407878969,0.0278276360544,0.0194083333333,0.0365626580241
2025-10-23,0,0.0296003834539,0.0163653769841,0.0140305555556,0.0614796864726
2025-10-23,6,0.780490038851,266.832888605,265.817675,194.807306318
2025-10-23,12,0.900469651575,146.281824192,119.928319907,118.075196858
2025-10-23,18,0.0174331090773,0.0187891298186,0.0149472222222,0.0514742099391
2025-10-24,0,0.0341790215824,0.0149946145125,0.0148055555556,0.0731488084642
2025-10-24,6,0.761557172408,152.005279592,179.569144907,123.761129874
2025-10-24,12,0.898289841677,148.051197449,132.909465278,104.985932439
2025-10-24,18,0.0224317312603,0.0155257794785,0.0141222222222,0.0639606352674
2025-10-25,0,0.0367583234083,0.0134972222222,0.0134972222222,0.0896031723274
2025-10-25,6,0.752529562599,210.345769799,117.881991667,115.521224928
2025-10-25,12,0.899967394765,112.133184722,141.421255556,126.05039143
2025-10-25,18,0.0283127816716,0.0125388888889,0.0125388888889,0.0777024057186
2025-10-26,0,0.0383900387305,0.0121722222222,0.0121722222222,0.0859746596681
2025-10-26,6,0.735986232954,162.212905683,265.766779167,189.407201168
2025-10-26,12,0.899519452584,144.453386876,139.095853241,126.27354937
2025-10-26,18,0.0322560159271,0.0121583333333,0.0121583333333,0.0825553784611
2025-10-27,0,0.0412229048859,0.00894200680272,0.0103,0.0845003219172
2025-10-27,6,0.740835106582,454.766343793,362.244004167,361.316847297
2025-10-27,12,0.89937547609,274.871943098,107.609576389,71.3302821658
2025-10-27,18,0.0370259415968,0.00660722789116,0.00956944444444,0.0839089370786
2025-10-28,0,0.0394746513201,0.00437522675737,0.00856944444444,0.0816732276399
2025-10-28,6,0.733759917635,124.319554535,147.843987963,101.154185647
2025-10-28,12,0.897871497479,163.962831562,154.888170833,119.268354411
2025-10-28,18,0.0408733041916,0.00356074263039,0.00854722222222,0.0885342918055
2025-10-29,0,0.0435543911584,0.00132878401361,0.00726111111111,0.0796181736827
2025-10-29,6,0.743322922427,491.2984197,121.274280556,95.9690619608
2025-10-29,12,0.898099293483,203.2880554,141.410625,101.142242064
2025-10-29,18,0.0476884365231,0.00227779195011,0.00863611111111,0.0842056850991
2025-10-30,0,0.0496931639177,0.00158613945578,0.00534722222222,0.0736964338193
2025-10-30,6,0.739262555964,172.508990533,255.729377778,166.49033193
2025-10-30,12,0.891824087899,121.773690009,84.5271916667,67.782409818
2025-10-30,18,0.0579670776219,0.00146819727891,0.00543055555556,0.0873351371966
2025-10-31,0,0.0591462155417,0.00309275793651,0.004525,0.0729335181795
2025-10-31,6,0.743006989826,279.424890703,138.751655556,141.743591887
2025-10-31,12,0.886080399403,266.179383659,92.5028189815,100.40914377
2025-10-31,18,0.067634684391,0.00337066326531,0.00401666666667,0.0884944017258
2025-11-01,0,0.0690654660951,0.00398414115646,0.00356944444444,0.0733618908815
2025-11-01,6,0.739805222991,70.9590539257,130.028705556,90.917947258
2025-11-01,12,0.886228108271,117.24430513,118.820999074,92.6987350179
2025-11-01,18,0.0793200733046,0.00407855725624,0.0032,0.0817810729234
2025-11-02,0,0.0807628010203,0.00496115362812,0.00205,0.0687987899707
2025-11-02,6,0.738028557295,118.731530825,147.593196296,100.899937139
2025-11-02,12,0.882863197863,175.128800383,118.381985648,107.305363576
2025-11-02,18,0.0896441783422,0.00476859410431,0.00206111111111,0.0735578849672
2025-11-03,0,0.0929376418184,0.00474308390023,0.00125833333333,0.0601487979395
2025-11-03,6,0.740584299888,298.302214031,147.434030556,129.028120786
2025-11-03,12,0.877787361337,214.778288152,153.738187963,148.463679754
2025-11-03,18,0.0964974824754,0.004741638322,0.00117222222222,0.0649503910339
2025-11-04,0,0.099227535187,0.00473350340136,0.000183333333333,0.0487920847914
2025-11-04,6,0.737317991112,188.475333914,189.289540741,134.925674443
2025-11-04,12,0.881579955959,297.18680316,140.004073611,106.63087968
2025-11-04,18,0.0976041342212,0.00624692460317,0.00128611111111,0.0525966586558
2025-11-05,0,0.0998144544217,0.0067095521542,0.00296944444444,0.0365615387543
2025-11-05,6,0.734691239557,91.5038252976,158.561360648,111.204909571
2025-11-05,12,0.876781668764,121.222748739,117.318418056,81.9110185673
2025-11-05,18,0.0920551063057,0.00553261054422,0.00178055555556,0.0424374383799
2025-11-06,0,0.0924363700125,0.00669890873016,0.00407222222222,0.0313675888155
2025-11-06,6,0.722112187773,332.694814442,104.121531019,139.856943359
2025-11-06,12,0.876534009292,225.674832795,150.236761111,125.680695792
2025-11-06,18,0.0864066622602,0.00681940192744,0.00436111111111,0.0355226259513
2025-11-07,0,0.0878305751837,0.00726529195011,0.00548888888889,0.0280466990486
2025-11-07,6,0.720153126394,232.855722874,344.473721759,238.94290604
2025-11-07,12,0.869728748809,471.688945096,82.9341824074,97.6673230891
2025-11-07,18,0.0751023909506,0.0083514739229,0.00675,0.0320524933224
2025-11-08,0,0.0752541652457,0.0111930839002,0.0101222222222,0.0312056636728
2025-11-08,6,0.733896174228,163.169368849,114.881109722,86.8534925302
2025-11-08,12,0.873215365147,137.325963265,104.584053241,89.9198811786
2025-11-08,18,0.0646233155081,0.0087826814059,0.00780833333333,0.0299300517321
2025-11-09,0,0.067312724371,0.0112388038549,0.0107138888889,0.0366855256815
2025-11-09,6,0.707353797708,176.705360119,151.242731481,143.968916863
2025-11-09,12,0.88029761509,154.26248604,105.682843981,75.047464111
2025-11-09,18,0.0536076738629,0.0126621598639,0.0121777777778,0.0253021341652
2025-11-10,0,0.0541490655464,0.0105059098639,0.0102916666667,0.0433728823707
2025-11-10,6,0.707376194797,172.249489725,295.406759259,213.221343955
2025-11-10,12,0.8849042865,220.826571613,81.9826611111,68.2613138183
2025-11-10,18,0.0318686218472,0.0104484410431,0.010275,0.0276843840721
2025-11-11,0,0.0545039637415,0.0100993480726,0.0100722222222,0.0438839588688
2025-11-11,6,0.70165982514,149.336690221,94.4947800926,88.1624939187
2025-11-11,12,0.885614512233,99.2249090845,80.3533402778,50.8061999922
2025-11-11,18,0.0251561768086,0.0104027777778,0.0104027777778,0.0273991216087
2025-11-12,0,0.0805283551542,0.00945833333333,0.00945833333333,0.0389880914361
2025-11-12,6,0.689810978353,175.450750893,263.856698148,221.235706969
2025-11-12,12,0.8914701044,204.118695833,144.007513889,116.021748989
2025-11-12,18,0.0283354214079,0.00863888888889,0.00863888888889,0.0286097351083
2025-11-13,0,0.162136324557,0.00776757369615,0.00959722222222,0.0355619834489
2025-11-13,6,0.683188808415,280.434520762,115.457665278,149.363684385
2025-11-13,12,0.890110727278,233.993075283,169.988627778,168.635212656
2025-11-13,18,0.0553241320086,0.00741001984127,0.00910277777778,0.0290972709814
2025-11-14,0,0.357806463694,0.00294536564626,0.00758888888889,0.0331903847824
2025-11-14,6,0.686065799972,169.913392503,272.976620833,187.352069181
2025-11-14,12,0.898483301813,167.673504365,103.663677778,96.0450031078
2025-11-14,18,0.128146235464,0.00284274376417,0.00730277777778,0.0314464886927
2025-11-15,0,0.649981483406,4.22335600907e-06,0.00682777777778,0.0316631853308
2025-11-15,6,0.679398569004,87.3853445011,111.632093981,86.5082183413
2025-11-15,12,0.903463618806,87.6751752126,105.7587625,80.5991798053
2025-11-15,18,0.521791691297,0.00128083900227,0.00746944444444,0.0311328043599
2025-11-16,0,0.543709566302,0.00162276077097,0.00614444444444,0.0327631133478
2025-11-16,6,0.67489337151,181.649364895,129.853931944,93.6530125288
2025-11-16,12,0.903211029146,156.025259184,99.7073847222,73.1425251625
2025-11-16,18,0.551057774442,0.00113818027211,0.00653611111111,0.032419915204
2025-11-17,0,0.537407540924,0.00340758219955,0.00471944444444,0.0316076410907
2025-11-17,6,0.682157812183,106.830787387,184.837963889,137.265143028
2025-11-17,12,0.903873673457,167.826816978,110.629720833,87.0987153551
2025-11-17,18,0.54531620005,0.00215082199546,0.00576111111111,0.0304835411427
2025-11-18,0,0.534029994781,0.00285804988662,0.00510833333333,0.0287657256303
2025-11-18,6,0.689654118975,181.491364654,117.110314815,101.155071769
2025-11-18,12,0.905536254555,227.411459991,94.2015912037,90.1952012925
2025-11-18,18,0.542229779654,0.00313680555556,0.00481388888889,0.0288271638101
2025-11-19,0,0.532863719888,0.00298387188209,0.00464444444444,0.0268367099352
2025-11-19,6,0.683046993869,155.372429932,289.093520833,144.717787915
2025-11-19,12,0.90730814969,93.618182979,75.417099537,50.7798279748
2025-11-19,18,0.540079905266,0.00308102324263,0.00446111111111,0.0271108905135
2025-11-20,0,0.531199342044,0.00274349489796,0.00434444444444,0.0248387502095
2025-11-20,6,0.683136960465,203.424439739,86.2499550926,79.5057446821
2025-11-20,12,0.909099358712,139.623031505,62.24115,44.9048173839
2025-11-20,18,0.538915810071,0.00311058673469,0.004025,0.0254114961513
2025-11-21,0,0.529980930903,0.00345639172336,0.00288888888889,0.0244413808361
2025-11-21,6,0.681670310716,182.298002395,253.771416667,199.725724561
2025-11-21,12,0.912183249907,81.1062727183,62.6658064815,65.7503621976
2025-11-21,18,0.537985023279,0.00341398809524,0.00303888888889,0.0246446147843
2025-11-22,0,0.528917630892,0.00330763888889,0.002275,0.0231572640109
2025-11-22,6,0.679678050663,132.365749065,159.568536111,108.261213223
2025-11-22,12,0.912310461414,89.7768260346,71.3504643519,52.0639971659
2025-11-22,18,0.537356212152,0.00330860260771,0.00248611111111,0.0235628754076
2025-11-23,0,0.530424808648,0.00285045351474,0.00198611111111,0.0218690306264
2025-11-23,6,0.666753854205,215.647115916,83.6651310185,87.536994735
2025-11-23,12,0.907785095888,313.220970522,81.7718787037,70.9442262974
2025-11-23,18,0.538245765503,0.00297349773243,0.00201388888889,0.022636752713
2025-11-24,0,0.531636582057,0.00257641723356,0.00158333333333,0.0212540278689
2025-11-24,6,0.681909027887,339.445697208,120.210225,109.408797417
2025-11-24,12,0.908344378434,116.911565349,93.81415,91.0922940826
2025-11-24,18,0.539311072157,0.00264893707483,0.00160555555556,0.0218711258585
2025-11-25,0,0.532365208359,0.00272746598639,0.000908333333333,0.0211560514129
2025-11-25,6,0.703400481242,109.031599221,70.0978986111,51.072790723
2025-11-25,12,0.909819892482,115.571420465,74.8671356481,59.5286273575
2025-11-25,18,0.540192129505,0.00240746882086,0.001175,0.0213427087005
2025-11-26,0,0.532556740081,0.00223509070295,0.000716666666667,0.0206713102779
2025-11-26,6,0.707216068648,92.6157738237,223.000280556,148.505989056
2025-11-26,12,0.914088026738,124.0556303,75.9251888889,56.3531872904
2025-11-26,18,0.54039072571,0.00228452380952,0.000705555555556,0.0212290557164
2025-11-27,0,0.532234624034,0.00222674319728,9.44444444444e-05,0.0208794404504
2025-11-27,6,0.625476182546,166.68266131,212.323952778,178.956400285
2025-11-27,12,0.886455494038,173.204041241,101.719540741,92.0501247646
2025-11-27,18,0.540259621385,0.00171337868481,0.000669444444444,0.0208181282512
2025-11-28,0,0.531668088468,0.00168407029478,4.16666666667e-05,0.0202377196354
2025-11-28,6,0.611018700524,94.5357025652,149.279334259,102.951646647
2025-11-28,12,0.855498001276,115.972997265,61.3232930556,50.5169874292
2025-11-28,18,0.539912990299,0.00178113662132,6.94444444444e-05,0.0206523423922
2025-11-29,0,0.531400987639,0.00123193027211,5.55555555556e-05,0.019204491986
2025-11-29,6,0.599693111636,178.632703897,92.8621662037,54.758205624
2025-11-29,12,0.857953497848,418.435082327,107.329533333,72.1607911872
2025-11-29,18,0.539612981141,0.00154696712018,0.000177777777778,0.0193490147902
2025-11-30,0,0.530568866407,0.00106556122449,0.000252777777778,0.0173310971801
2025-11-30,6,0.594758383682,132.193289725,84.0483666667,54.7562310999
2025-11-30,12,0.863199212048,241.147694345,83.1269916667,84.3533839109
2025-11-30,18,0.536784717283,0.00126118197279,0.000291666666667,0.0174886442146
2025-12-01,0,0.528864674768,0.000793735827664,0.000291666666667,0.0149904110043
2025-12-01,6,0.599216230682,168.459724405,124.539697685,129.623066751
2025-12-01,12,0.861663403363,152.632032696,86.2415634259,79.9946201299
2025-12-01,18,0.530656043978,0.00101665249433,0.000366666666667,0.0152751657124
2025-12-02,0,0.526654297205,0.000700694444444,0.000441666666667,0.0121737188308
2025-12-02,6,0.600455987098,226.229410388,121.065697222,98.5956702699
2025-12-02,12,0.863608653419,106.008730385,78.7885148148,56.6879428534
2025-12-02,18,0.526035921112,0.000968509070295,0.000569444444444,0.012764117176
2025-12-03,0,0.525578989255,0.000673270975057,0.000552777777778,0.00990917857488
2025-12-03,6,0.598043922915,164.425946726,103.284091204,116.701945456
2025-12-03,12,0.870267797921,128.427946485,103.804536574,76.6759765295
2025-12-03,18,0.524572331511,0.000666354875283,0.000494444444444,0.0106405920205
2025-12-04,0,0.525453020093,0.000552820294784,0.000627777777778,0.00803914982086
2025-12-04,6,0.598370681336,117.122302324,71.3808819444,68.242697984
2025-12-04,12,0.865745540152,204.172568736,78.5761236111,84.1136604867
2025-12-04,18,0.524369944712,0.000522137188209,0.00065,0.00851466378124
2025-12-05,0,0.525454056316,0.000403287981859,0.000666666666667,0.00642278959893
2025-12-05,6,0.602831802007,118.587782979,197.88095,153.621862313
2025-12-05,12,0.86127335036,166.398670692,60.6174555556,59.3396305001
2025-12-05,18,0.524371739512,0.000516581632653,0.000838888888889,0.00650712225732
2025-12-06,0,0.525447088513,0.000406519274376,0.000830555555556,0.00497977833947
2025-12-06,6,0.608285618459,204.121528288,138.575672222,59.8086471035
2025-12-06,12,0.858688404466,132.405207908,94.6588527778,77.8263225002
2025-12-06,18,0.524361182895,0.000248696145125,0.000761111111111,0.00524638695498
2025-12-07,0,0.525494350639,0.000419855442177,0.00100555555556,0.00377071884158
2025-12-07,6,0.598166923119,202.187995876,143.763820833,109.519436198
2025-12-07,12,0.860384738338,78.9420393566,67.5782861111,59.9545698464
2025-12-07,18,0.524455415469,0.00024764739229,0.000886111111111,0.00388911822881
2025-12-08,0,0.526419383891,0.000257837301587,0.000986111111111,0.00288901579269
2025-12-08,6,0.606931667307,183.828926715,322.453063889,236.394532262
2025-12-08,12,0.86972061215,116.416234269,59.0968305556,50.2628396261
2025-12-08,18,0.525306454742,0.000220960884354,0.000972222222222,0.00285403124168
2025-12-09,0,0.598035064629,6.08134920635e-05,0.000908333333333,0.00255735296386
2025-12-09,6,0.597294010465,233.181799646,97.8069314815,147.187378551
2025-12-09,12,0.877822562493,124.702221542,84.3764648148,77.5720849493
2025-12-09,18,0.569696310081,0.000150382653061,0.00100555555556,0.00235049409908
2025-12-10,0,0.701815479298,0.000261848072562,0.00118333333333,0.00220541755678
2025-12-10,6,0.593947607428,154.539993764,87.7904837963,75.2384283519
2025-12-10,12,0.88368970601,134.263504124,45.3248763889,59.997321108
2025-12-10,18,0.664472060067,1.58871882086e-05,0.000911111111111,0.00244288606493
2025-12-11,0,0.80548387858,7.96485260771e-06,0.00103333333333,0.00246367957588
2025-12-11,6,0.604620118621,86.1539656179,115.759477778,71.2223307738
2025-12-11,12,0.877431897717,325.64986763,79.7344972222,66.7866871547
2025-12-11,18,0.759056235225,0.000117885487528,0.00110833333333,0.00237693330093
2025-12-12,0,0.864551232049,0.000110756802721,0.000977777777778,0.00262106682191
2025-12-12,6,0.607373862808,112.011601545,266.045010185,112.816142531
2025-12-12,12,0.869535767236,251.295006491,105.234418056,106.621573393
2025-12-12,18,0.811756238784,4.25453514739e-05,0.00102222222222,0.0025692965364
2025-12-13,0,0.825827285429,4.52664399093e-05,0.00108888888889,0.00248217567758
2025-12-13,6,0.611361670184,92.0273897109,61.5815685185,73.4672358932
2025-12-13,12,0.882732193957,171.390504549,81.3882824074,67.4415178592
2025-12-13,18,0.836791092304,5.27210884354e-05,0.00104166666667,0.00260435388788
2025-12-14,0,0.746661853158,0.000271839569161,0.000902777777778,0.00254986476398
2025-12-14,6,0.602918085396,105.200729436,87.7938708333,61.1456168518
2025-12-14,12,0.884833717802,103.596854252,103.222313889,86.0030324274
2025-12-14,18,0.754467356584,0.000220989229025,0.000916666666667,0.00262657739887
2025-12-15,0,0.625641087633,0.000280527210884,0.000875,0.00239304600816
2025-12-15,6,0.602823815753,150.392592474,110.845418519,82.039062142
2025-12-15,12,0.879459409619,135.146947846,72.6444314815,56.4268588778
2025-12-15,18,0.633891190469,0.000167091836735,0.000972222222222,0.00236135019924
2025-12-16,0,0.483836996112,0.000132001133787,0.00100277777778,0.00203504753906
2025-12-16,6,0.588609470171,93.1773502409,93.0990708333,64.9499955215
2025-12-16,12,0.884279385036,149.142374561,74.7647074074,66.8967620969
2025-12-16,18,0.489691351196,0.00018843537415,0.00095,0.00212847480819
2025-12-17,0,0.386681287171,0.000176303854875,0.000972222222222,0.00186407003514
2025-12-17,6,0.575371670754,182.113980967,89.7217694444,89.375223825
2025-12-17,12,0.892912980687,131.845246443,71.8312013889,67.3588704777
2025-12-17,18,0.379697341778,0.000145493197279,0.000983333333333,0.00183866038078
2025-12-18,0,0.353623438894,5.3160430839e-05,0.00106388888889,0.001541814529
2025-12-18,6,0.557815060579,199.237423172,82.9730759259,112.236931306
2025-12-18,12,0.893583194649,267.496106987,43.4666972222,44.1590238158
2025-12-18,18,0.33023998932,0.000219501133787,0.000919444444444,0.00164455025848
2025-12-19,0,0.349316520171,0.000280002834467,0.000844444444444,0.00158278248151
2025-12-19,6,0.563971964324,226.508203897,112.463204167,133.145276007
2025-12-19,12,0.891597710374,106.333259637,95.8080458333,99.2263113879
2025-12-19,18,0.318729517683,0.000159112811791,0.00095,0.0014036025529
2025-12-20,0,0.34886031944,0.000253217120181,0.000847222222222,0.00135591799308
2025-12-20,6,0.575194841264,181.357518892,99.7244365741,112.062371839
2025-12-20,12,0.899600846229,128.532276871,80.6275939815,76.0181439655
2025-12-20,18,0.317017180328,0.000142446145125,0.000955555555556,0.00119959500156
2025-12-21,0,0.348714768862,0.000120068027211,0.000941666666667,0.00104210014419
2025-12-21,6,0.578741251096,204.702870125,161.268245833,154.37864369
2025-12-21,12,0.900917399103,121.365723866,106.463146296,87.0562359899
2025-12-21,18,0.316773084028,0.000132695578231,0.000952777777778,0.00101456937194
2025-12-22,0,0.34854960119,0.000184382086168,0.000883333333333,0.000996372956592
2025-12-22,6,0.591458971368,129.885598413,88.3907324074,79.4044524911
2025-12-22,12,0.904299183639,79.9239673186,57.0297365741,60.5923228123
2025-12-22,18,0.31651519391,0.000176856575964,0.000913888888889,0.00101915914454
2025-12-23,0,0.362714370506,0.000111493764172,0.000955555555556,0.00121839654178
2025-12-23,6,0.580016853109,174.7356572,73.1032518519,75.1062352264
2025-12-23,12,0.904052181487,146.643855782,61.7698958333,63.3021856047
2025-12-23,18,0.341783175801,0.000169841269841,0.000911111111111,0.00115994240139
2025-12-24,0,0.390961402377,7.20946712018e-05,0.000988888888889,0.00137309651538
2025-12-24,6,0.583036118487,214.46513142,136.55954213,130.100469789
2025-12-24,12,0.911544944256,108.048338294,95.1063041667,89.3911078047
2025-12-24,18,0.372350693189,0.000113024376417,0.000961111111111,0.00132662519969
2025-12-25,0,0.416526316801,0.000137698412698,0.000927777777778,0.00139136826463
2025-12-25,6,0.556008834393,144.207453628,149.207252778,117.710341845
2025-12-25,12,0.925341516181,131.946442191,74.8690972222,63.2441021551
2025-12-25,18,0.408393216384,2.16836734694e-05,0.00105,0.0015294443576
2025-12-26,0,0.427723931425,0.000134764739229,0.000911111111111,0.00141552757444
2025-12-26,6,0.567579242941,151.709805286,80.3525296296,56.9415984985
2025-12-26,12,0.926163199998,113.447143509,84.4551263889,92.1399784739
2025-12-26,18,0.420315954284,7.49007936508e-05,0.00101944444444,0.00151800394928
2025-12-27,0,0.429187706157,8.71882086168e-05,0.000966666666667,0.00146676538569
2025-12-27,6,0.55332427761,123.231953373,85.3780527778,106.075426217
2025-12-27,12,0.921907508453,89.3152427721,98.0009476852,85.271798473
2025-12-27,18,0.417077040764,0.000150963718821,0.000955555555556,0.00143219066714
2025-12-28,0,0.420505472674,0.000212400793651,0.000858333333333,0.0013197758751
2025-12-28,6,0.561193592651,73.6828935941,62.7020611111,65.2988023854
2025-12-28,12,0.925777177638,257.199850893,73.4511791667,69.0647326668
2025-12-28,18,0.405066654933,6.92318594104e-05,0.00103055555556,0.00147093885184
2025-12-29,0,0.397349116581,8.31490929705e-05,0.00113055555556,0.00153273169715
2025-12-29,6,0.563032056173,203.385417857,118.561376389,84.9251997956
2025-12-29,12,0.925697873431,75.102890051,128.110629167,108.271233198
2025-12-29,18,0.38229733051,0.000206462585034,0.000897222222222,0.00126272012406
2025-12-30,0,0.372929967943,2.57936507937e-05,0.00105555555556,0.00135683263024
2025-12-30,6,0.554898740102,123.663882908,162.822711111,133.361668967
2025-12-30,12,0.926038300917,301.613452764,125.059395833,117.222602507
2025-12-30,18,0.35632791096,8.21853741497e-05,0.00100555555556,0.00129363677971
2025-12-31,0,0.34687763699,3.64512471655e-05,0.00105,0.00125147302885
2025-12-31,6,0.558142323802,138.577922123,57.9573481481,98.265882902
2025-12-31,12,0.913147875716,93.9728868056,72.9395041667,60.3245886359
2025-12-31,18,0.32741250627,2.76360544218e-05,0.00111388888889,0.00128221283238
