date,slot,start,end,issue_hour,price_yuan_per_kwh,original_kwh,adjusted_kwh,increase_kwh,decrease_kwh,charge_kwh,discharge_kwh,energy_before_kwh,energy_after_kwh,load_kwh,pv_kwh,forecast_net_kwh,net_supply_kwh,emergency_kwh,dump_kwh,planned_cost_yuan,increase_cost_yuan,cancellation_refund_yuan,breach_cost_yuan,adjustment_net_yuan,emergency_cost_yuan,total_cost_yuan
2025-02-01,0,00:00,00:10,0,0.3281,440.31865916666663,440.31865916666663,0.0,0.0,0.0,0.0,6000.0,6000.0,422.0303666666667,0.0,435.8275524999999,440.31865916666663,0.0,18.288292499999955,144.46855207258332,0.0,0.0,0.0,0.0,0.0,144.46855207258332
2025-02-01,1,00:10,00:20,0,0.3257,1285.8832580555556,1285.8832580555556,0.0,0.0,833.3333333333334,0.0,6000.0,6750.0,415.4073166666667,0.0,442.0721480555555,452.5499247222223,0.0,37.14260805555557,418.81217714869445,0.0,0.0,0.0,0.0,0.0,418.81217714869445
2025-02-01,2,00:20,00:30,0,0.3041,1300.428638888889,1300.428638888889,0.0,0.0,833.3333333333334,0.0,6750.0,7500.0,410.7166666666667,0.0,462.01697222222225,467.0953055555557,0.0,56.378638888888986,395.46034908611114,0.0,0.0,0.0,0.0,0.0,395.46034908611114
2025-02-01,3,00:30,00:40,0,0.3126,1287.3238266666667,1287.3238266666667,0.0,0.0,833.3333333333334,0.0,7500.0,8250.0,430.29479999999995,0.0,452.5107516666667,453.99049333333335,0.0,23.695693333333395,402.417428216,0.0,0.0,0.0,0.0,0.0,402.417428216
2025-02-01,4,00:40,00:50,0,0.3286,1294.4990041666667,1294.4990041666667,0.0,0.0,833.3333333333334,0.0,8250.0,9000.0,424.4105833333333,0.0,458.49117083333334,461.16567083333337,0.0,36.75508750000006,425.3723727691667,0.0,0.0,0.0,0.0,0.0,425.3723727691667
2025-02-01,5,00:50,01:00,0,0.3438,495.8574166666667,495.8574166666667,0.0,0.0,0.0,0.0,9000.0,9000.0,406.0516666666667,0.0,482.1330833333334,495.8574166666667,0.0,89.80575000000005,170.47577985,0.0,0.0,0.0,0.0,0.0,170.47577985
2025-02-01,6,01:00,01:10,0,0.3704,490.91939638888874,490.91939638888874,0.0,0.0,0.0,0.0,9000.0,9000.0,436.7501833333333,0.0,476.86912805555545,490.91939638888874,0.0,54.16921305555542,181.8365444224444,0.0,0.0,0.0,0.0,0.0,181.8365444224444
2025-02-01,7,01:10,01:20,0,0.3746,472.1822094444444,472.1822094444444,0.0,0.0,0.0,0.0,9000.0,9000.0,451.7976833333333,0.0,462.6185052777778,472.1822094444444,0.0,20.384526111111143,176.87945565788888,0.0,0.0,0.0,0.0,0.0,176.87945565788888
2025-02-01,8,01:20,01:30,0,0.3606,1308.9345555555556,1308.9345555555556,0.0,0.0,833.3333333333334,0.0,9000.0,9750.0,446.08,0.0,464.57222222222214,475.6012222222222,0.0,29.521222222222207,472.0018007333333,0.0,0.0,0.0,0.0,0.0,472.0018007333333
2025-02-01,9,01:30,01:40,0,0.3582,486.9058858333333,486.9058858333333,0.0,0.0,0.0,0.0,9750.0,9750.0,471.7663333333333,0.0,486.9058858333333,486.9058858333333,0.0,15.13955249999998,174.4096883055,0.0,0.0,0.0,0.0,0.0,174.4096883055
2025-02-01,10,01:40,01:50,0,0.3041,500.35562333333337,500.35562333333337,0.0,0.0,0.0,0.0,9750.0,9750.0,448.02596666666665,0.0,499.14363444444444,500.35562333333337,0.0,52.32965666666672,152.15814505566667,0.0,0.0,0.0,0.0,0.0,152.15814505566667
2025-02-01,11,01:50,02:00,0,0.2537,1335.7976944444445,1335.7976944444445,0.0,0.0,833.3333333333334,0.0,9750.0,10500.0,397.40333333333336,0.0,488.0205277777777,502.4643611111111,0.0,105.06102777777772,338.8918750805555,0.0,0.0,0.0,0.0,0.0,338.8918750805555
2025-02-01,12,02:00,02:10,0,0.3346,479.13957444444446,479.13957444444446,0.0,0.0,0.0,0.0,10500.0,10500.0,434.0906333333333,0.0,470.7911111111111,479.13957444444446,0.0,45.04894111111116,160.32010160911113,0.0,0.0,0.0,0.0,0.0,160.32010160911113
2025-02-01,13,02:10,02:20,0,0.3971,494.29651138888886,494.29651138888886,0.0,0.0,0.0,0.0,10500.0,10500.0,490.5609166666666,0.0,481.53221472222214,494.29651138888886,0.0,3.735594722222231,196.28514467252776,0.0,0.0,0.0,0.0,0.0,196.28514467252776
2025-02-01,14,02:20,02:30,0,0.367,518.6955555555555,518.6955555555555,0.0,0.0,0.0,0.0,10500.0,10500.0,503.22,0.0,506.1226111111111,518.6955555555555,0.0,15.475555555555502,190.36126888888887,0.0,0.0,0.0,0.0,0.0,190.36126888888887
2025-02-01,15,02:30,02:40,0,0.3185,505.89345305555565,505.89345305555565,0.0,0.0,0.0,0.0,10500.0,10500.0,474.0728166666667,0.0,501.74563638888895,505.89345305555565,0.0,31.820636388888943,161.12706479819448,0.0,0.0,0.0,0.0,0.0,161.12706479819448
2025-02-01,16,02:40,02:50,0,0.3285,521.8865716666668,521.8865716666668,0.0,0.0,0.0,0.0,10500.0,10500.0,461.38439999999997,0.0,515.8524116666667,521.8865716666668,0.0,60.50217166666681,171.43973879250004,0.0,0.0,0.0,0.0,0.0,171.43973879250004
2025-02-01,17,02:50,03:00,0,0.3772,555.1959166666667,555.1959166666667,0.0,0.0,0.0,0.0,10500.0,10500.0,476.94166666666666,0.0,540.9179166666667,555.1959166666667,0.0,78.25425000000001,209.41989976666665,0.0,0.0,0.0,0.0,0.0,209.41989976666665
2025-02-01,18,03:00,03:10,0,0.3815,523.932346388889,523.932346388889,0.0,0.0,0.0,0.0,10500.0,10500.0,483.39955000000003,0.0,519.6712063888889,523.932346388889,0.0,40.532796388888926,199.88019014736113,0.0,0.0,0.0,0.0,0.0,199.88019014736113
2025-02-01,19,03:10,03:20,0,0.3822,506.3785805555555,506.3785805555555,0.0,0.0,0.0,0.0,10500.0,10500.0,486.6019166666667,0.0,505.2610972222223,506.3785805555555,0.0,19.776663888888834,193.5378934883333,0.0,0.0,0.0,0.0,0.0,193.5378934883333
2025-02-01,20,03:20,03:30,0,0.3962,516.8367777777778,516.8367777777778,0.0,0.0,0.0,0.0,10500.0,10500.0,498.84833333333336,0.0,509.69983333333334,516.8367777777778,0.0,17.98844444444444,204.77073135555557,0.0,0.0,0.0,0.0,0.0,204.77073135555557
2025-02-01,21,03:30,03:40,0,0.3879,501.3786613888888,501.3786613888888,0.0,0.0,0.0,0.0,10500.0,10500.0,518.3097333333334,0.0,496.2466330555556,501.3786613888888,16.931071944444568,0.0,194.48478275275,0.0,0.0,0.0,0.0,32.83781403625024,227.32259678900024
2025-02-01,22,03:40,03:50,0,0.3405,513.2658316666667,513.2658316666667,0.0,0.0,0.0,0.0,10500.0,10500.0,509.13346666666666,0.0,508.28770000000003,513.2658316666667,0.0,4.13236500000005,174.76701568250002,0.0,0.0,0.0,0.0,0.0,174.76701568250002
2025-02-01,23,03:50,04:00,0,0.3164,543.5528611111113,543.5528611111113,0.0,0.0,0.0,0.0,10500.0,10500.0,483.6166666666666,0.0,535.8314722222223,543.5528611111113,0.0,59.93619444444465,171.9801252555556,0.0,0.0,0.0,0.0,0.0,171.9801252555556
2025-02-01,24,04:00,04:10,0,0.3916,532.9579600000002,532.9579600000002,0.0,0.0,0.0,0.0,10500.0,10500.0,491.1868,0.0,523.1499805555555,532.9579600000002,0.0,41.77116000000018,208.7063371360001,0.0,0.0,0.0,0.0,0.0,208.7063371360001
2025-02-01,25,04:10,04:20,0,0.4109,529.4032269444444,529.4032269444444,0.0,0.0,0.0,0.0,10500.0,10500.0,504.64528333333334,0.0,524.9833386111111,529.4032269444444,0.0,24.757943611111102,217.53178595147222,0.0,0.0,0.0,0.0,0.0,217.53178595147222
2025-02-01,26,04:20,04:30,0,0.361,557.0941111111111,557.0941111111111,0.0,0.0,0.0,0.0,10500.0,10500.0,505.5783333333333,0.0,549.7931111111112,557.0941111111111,0.0,51.51577777777783,201.11097411111112,0.0,0.0,0.0,0.0,0.0,201.11097411111112
2025-02-01,27,04:30,04:40,0,0.3799,563.2000222222223,563.2000222222223,0.0,0.0,0.0,0.0,10500.0,10500.0,503.2309666666667,0.0,547.4431483333334,563.2000222222223,0.0,59.9690555555556,213.95968844222224,0.0,0.0,0.0,0.0,0.0,213.95968844222224
2025-02-01,28,04:40,04:50,0,0.4094,547.2275026042764,547.2275026042764,0.0,0.0,0.0,0.0,10500.0,10500.0,502.84698333333336,0.00023333333333333333,531.8998876042764,547.2275026042764,0.0,44.38075260427644,224.03493956619076,0.0,0.0,0.0,0.0,0.0,224.03493956619076
2025-02-01,29,04:50,05:00,0,0.4052,529.9826111111114,529.9826111111114,0.0,0.0,0.0,0.0,10500.0,10500.0,499.64166666666665,0.0,526.0339444444445,529.9826111111114,0.0,30.340944444444744,214.74895402222234,0.0,0.0,0.0,0.0,0.0,214.74895402222234
2025-02-01,30,05:00,05:10,0,0.3896,547.8189919444444,547.8189919444444,0.0,0.0,0.0,0.0,10500.0,10500.0,488.78358333333335,0.0,539.4480552777777,547.8189919444444,0.0,59.03540861111105,213.43027926155554,0.0,0.0,0.0,0.0,0.0,213.43027926155554
2025-02-01,31,05:10,05:20,0,0.3908,571.2581938060518,571.2581938060518,0.0,0.0,0.0,0.0,10500.0,10500.0,498.51875,0.003316666666666667,560.4008088060519,571.2581938060518,0.0,72.74276047271843,223.24770213940505,0.0,0.0,0.0,0.0,0.0,223.24770213940505
2025-02-01,32,05:20,05:30,0,0.3821,584.9114166666667,584.9114166666667,0.0,0.0,0.0,0.0,10500.0,10500.0,529.2233333333334,0.0,570.74575,584.9114166666667,0.0,55.68808333333334,223.49465230833334,0.0,0.0,0.0,0.0,0.0,223.49465230833334
2025-02-01,33,05:30,05:40,0,0.3475,904.6341777777777,904.6341777777777,0.0,0.0,333.3333333333333,0.0,10500.0,10800.0,547.4103166666666,0.0,558.7347844444445,571.3008444444445,0.0,23.890527777777834,314.36037677777773,0.0,0.0,0.0,0.0,0.0,314.36037677777773
2025-02-01,34,05:40,05:50,0,0.5182,548.6077480753569,548.6077480753569,0.0,0.0,0.0,0.0,10800.0,10800.0,531.2274,0.04623333333333333,542.5990297984571,548.6077480753569,0.0,17.426581408690254,284.28853505264993,0.0,0.0,0.0,0.0,0.0,284.28853505264993
2025-02-01,35,05:50,06:00,0,0.8102,-0.0,0.0,0.0,0.0,0.0,555.537,10800.0,10182.736666666666,510.98333333333335,0.0,540.0563333333333,555.537,0.0,44.553666666666686,-0.0,0.0,0.0,0.0,0.0,0.0,0.0
2025-02-01,36,06:00,06:10,6,0.8756,0.0,0.0,0.0,0.0,0.0,568.6256054818964,10182.736666666666,9550.930438353447,535.1871833333333,0.0,549.2728832596741,568.6256054818964,0.0,33.43842214856306,0.0,0.0,0.0,0.0,0.0,0.0,0.0
2025-02-01,37,06:10,06:20,6,0.818,0.0,0.0,0.0,0.0,0.0,570.2336992492604,9550.930438353447,8917.337439187602,533.9993499999999,0.6440166666666667,548.6796936937048,570.2336992492604,0.0,36.878365915927134,0.0,0.0,0.0,0.0,0.0,0.0,0.0
2025-02-01,38,06:20,06:30,6,0.7708,0.0,0.0,0.0,0.0,0.0,564.9587009814735,8917.337439187602,8289.605549208187,504.52,0.0,535.3585932200152,564.9587009814735,0.0,60.43870098147352,0.0,0.0,0.0,0.0,0.0,0.0,0.0
2025-02-01,39,06:30,06:40,6,0.7715,0.0,0.0,0.0,0.0,0.0,564.1691335364424,8289.605549208187,7662.7509563899175,519.5536833333333,0.0,532.591860203109,564.1691335364424,0.0,44.61545020310905,0.0,0.0,0.0,0.0,0.0,0.0,0.0
2025-02-01,40,06:40,06:50,6,0.8181,0.0,0.0,0.0,0.0,0.0,593.6291907510586,7662.7509563899175,7003.162966666519,566.415,14.934916666666666,561.1126420122174,593.6291907510586,0.0,42.149107417725304,0.0,0.0,0.0,0.0,0.0,0.0,0.0
2025-02-01,41,06:50,07:00,6,0.8678,0.0,0.0,0.0,0.0,0.0,608.2732112702248,7003.162966666519,6327.303843032936,608.7916666666666,56.75,585.6080946035582,608.2732112702248,0.0,56.23154460355818,0.0,0.0,0.0,0.0,0.0,0.0,0.0
2025-02-01,42,07:00,07:10,6,0.864,0.0,0.0,0.0,0.0,0.0,584.1743647051986,6327.303843032936,5678.221215582716,617.2140499999999,102.656,553.0635695178016,584.1743647051986,0.0,69.61631470519865,0.0,0.0,0.0,0.0,0.0,0.0,0.0
2025-02-01,43,07:10,07:20,6,0.8237,0.0,0.0,0.0,0.0,0.0,524.3085812597758,5678.221215582716,5095.6561252940755,595.3964666666667,147.48791666666668,489.1417970503206,524.3085812597758,0.0,76.40003125977586,0.0,0.0,0.0,0.0,0.0,0.0,0.0
2025-02-01,44,07:20,07:30,6,0.7654,0.0,0.0,0.0,0.0,0.0,457.11169286328817,5095.6561252940755,4587.754244334867,579.5366666666666,190.11249999999998,428.06048569425974,457.11169286328817,0.0,67.68752619662149,0.0,0.0,0.0,0.0,0.0,0.0,0.0
2025-02-01,45,07:30,07:40,6,0.7258,0.0,0.0,0.0,0.0,0.0,422.3987876873794,4587.754244334867,4118.4222580155565,609.0003666666667,231.34661666666668,390.2654818389287,422.3987876873794,0.0,44.745037687379465,0.0,0.0,0.0,0.0,0.0,0.0,0.0
2025-02-01,46,07:40,07:50,6,0.8697,0.0,0.0,0.0,0.0,0.0,370.74072173793087,4118.4222580155565,3706.4881227511887,640.2366833333333,279.07533333333333,348.73979997478926,370.74072173793087,0.0,9.579371737930842,0.0,0.0,0.0,0.0,0.0,0.0,0.0
2025-02-01,47,07:50,08:00,6,1.0783,0.0,0.0,0.0,0.0,0.0,320.91992915327734,3706.4881227511887,3349.9104236919916,633.9416666666667,334.01875,291.9582525981811,320.91992915327734,0.0,20.99701248661063,0.0,0.0,0.0,0.0,0.0,0.0,0.0
2025-02-01,48,08:00,08:10,6,1.0448,0.0,0.0,0.0,0.0,0.0,250.08169015855307,3349.9104236919916,3072.041879071377,590.91065,388.68441666666666,232.93635182521993,250.08169015855307,0.0,47.855456825219676,0.0,0.0,0.0,0.0,0.0,0.0,0.0
2025-02-01,49,08:10,08:20,6,0.9667,0.0,0.0,0.0,0.0,0.0,205.2223436070448,3072.041879071377,2844.0170528413273,568.5581666666667,438.7655666666667,178.01662138482257,205.2223436070448,0.0,75.4297436070448,0.0,0.0,0.0,0.0,0.0,0.0,0.0
2025-02-01,50,08:20,08:30,6,0.9429,0.0,0.0,0.0,0.0,0.0,156.69182433079726,2844.0170528413273,2669.915025807108,574.2283333333334,487.94374999999997,125.88879397200155,156.69182433079726,0.0,70.40724099746393,0.0,0.0,0.0,0.0,0.0,0.0,0.0
2025-02-01,51,08:30,08:40,6,0.893,0.0,0.0,0.0,0.0,0.0,127.37774731067755,2669.915025807108,2528.384195461911,577.8523166666666,541.8831666666666,78.91403181761696,127.37774731067755,0.0,91.40859731067758,0.0,0.0,0.0,0.0,0.0,0.0,0.0
2025-02-01,52,08:40,08:50,6,0.9266,0.0,0.0,0.0,0.0,0.0,113.6762960175895,2528.384195461911,2402.0771998868117,649.0800333333333,586.6261000000001,69.7346271287006,113.6762960175895,0.0,51.22236268425619,0.0,0.0,0.0,0.0,0.0,0.0,0.0
2025-02-01,53,08:50,09:00,6,0.9995,0.0,0.0,0.0,0.0,0.0,114.13935807212704,2402.0771998868117,2275.2556909177815,737.1266666666667,621.9499999999999,83.56460807212693,114.13935807212704,1.0373085945396952,0.0,0.0,0.0,0.0,0.0,0.0,5.183949701212127,5.183949701212127
2025-02-01,54,09:00,09:10,6,0.9415,0.0,0.0,0.0,0.0,0.0,67.96787113825357,2275.2556909177815,2199.7358340974997,711.2534166666666,665.4293,56.92041280492034,67.96787113825357,0.0,22.14375447158698,0.0,0.0,0.0,0.0,0.0,0.0,0.0
2025-02-01,55,09:10,09:20,6,0.8825,0.0,0.0,0.0,0.0,0.0,15.551162508546819,2199.7358340974997,2182.456764643559,698.3616999999999,729.7222,-14.036945269231031,15.551162508546819,0.0,46.9116625085469,0.0,0.0,0.0,0.0,0.0,0.0,0.0
2025-02-01,56,09:20,09:30,6,0.8929,0.0,0.0,0.0,0.0,51.49731291220911,0.0,2182.456764643559,2228.8043462645473,736.3866666666667,798.0875,-88.47482134813299,-51.49731291220911,0.0,10.20352042112421,0.0,0.0,0.0,0.0,0.0,0.0,0.0
2025-02-01,57,09:30,09:40,6,0.9059,0.0,0.0,0.0,0.0,72.41023023356036,0.0,2228.8043462645473,2293.9735534747515,733.2125666666667,838.3206833333334,-116.23364243531432,-72.41023023356036,0.0,32.69788643310626,0.0,0.0,0.0,0.0,0.0,0.0,0.0
2025-02-01,58,09:40,09:50,6,0.8581,0.0,0.0,0.0,0.0,122.27063497410984,0.0,2293.9735534747515,2404.0171249514506,697.1223666666666,867.3196166666667,-156.01705664077645,-122.27063497410984,0.0,47.926615025890186,0.0,0.0,0.0,0.0,0.0,0.0,0.0
2025-02-01,59,09:50,10:00,6,0.8084,0.0,0.0,0.0,0.0,195.0249673935556,0.0,2404.0171249514506,2579.5395956056504,678.5883333333334,894.0187500000001,-224.66971981808396,-195.0249673935556,0.0,20.40544927311106,0.0,0.0,0.0,0.0,0.0,0.0,0.0
2025-02-01,60,10:00,10:10,6,0.8605,0.0,0.0,0.0,0.0,216.89571711692452,0.0,2579.5395956056504,2774.7457410108827,711.4322000000001,911.8498333333333,-268.05925737520147,-216.89571711692452,16.478083783591188,0.0,0.0,0.0,0.0,0.0,0.0,70.89695547890109,70.89695547890109
2025-02-01,61,10:10,10:20,6,0.8292,0.0,0.0,0.0,0.0,262.7592918361157,0.0,2774.7457410108827,3011.229103663387,706.70705,933.6272333333333,-299.01111177913464,-262.7592918361157,35.83910850278241,0.0,0.0,0.0,0.0,0.0,0.0,148.58894385253586,148.58894385253586
2025-02-01,62,10:20,10:30,6,0.7446,0.0,0.0,0.0,0.0,287.54529344480824,0.0,3011.229103663387,3270.0198677637145,666.9933333333333,959.21875,-321.8635101114748,-287.54529344480824,0.0,4.680123221858423,0.0,0.0,0.0,0.0,0.0,0.0,0.0
2025-02-01,63,10:30,10:40,6,0.7982,0.0,0.0,0.0,0.0,309.1814564263661,0.0,3270.0198677637145,3548.283178547444,678.7204333333333,979.8081666666667,-338.86313351606185,-309.1814564263661,8.093723093032736,0.0,0.0,0.0,0.0,0.0,0.0,32.30204886429365,32.30204886429365
2025-02-01,64,10:40,10:50,6,0.6917,0.0,0.0,0.0,0.0,335.79327972691954,0.0,3548.283178547444,3850.497130301672,678.1305,1021.3479000000001,-372.6423797269197,-335.79327972691954,0.0,7.4241202730805185,0.0,0.0,0.0,0.0,0.0,0.0,0.0
2025-02-01,65,10:50,11:00,6,0.438,0.0,0.0,0.0,0.0,374.59485393670565,0.0,3850.497130301672,4187.632498844707,652.9250000000001,1060.2749999999999,-406.7716119389176,-374.59485393670565,0.0,32.75514606329426,0.0,0.0,0.0,0.0,0.0,0.0,0.0
2025-02-01,66,11:00,11:10,6,0.3671,0.0,0.0,0.0,0.0,386.4506348017506,0.0,4187.632498844707,4535.438070166282,657.69435,1046.1778166666666,-398.5422655887496,-386.4506348017506,0.0,2.0328318649160337,0.0,0.0,0.0,0.0,0.0,0.0,0.0
2025-02-01,67,11:10,11:20,6,0.3419,0.0,0.0,0.0,0.0,376.1418314735586,0.0,4535.438070166282,4873.965718492485,656.1017166666667,1051.3417833333333,-402.5570650167283,-376.1418314735586,0.0,19.098235193108053,0.0,0.0,0.0,0.0,0.0,0.0,0.0
2025-02-01,68,11:20,11:30,6,0.308,0.0,0.0,0.0,0.0,390.2322602420022,0.0,4873.965718492485,5225.174752710287,654.535,1099.0625,-421.31264357533547,-390.2322602420022,0.0,54.29523975799776,0.0,0.0,0.0,0.0,0.0,0.0,0.0
2025-02-01,69,11:30,11:40,6,0.3563,0.0,0.0,0.0,0.0,369.9486357789456,0.0,5225.174752710287,5558.128524911338,692.20855,1136.31565,-410.36857922446626,-369.9486357789456,0.0,74.15846422105443,0.0,0.0,0.0,0.0,0.0,0.0,0.0
2025-02-01,70,11:40,11:50,6,0.3499,0.0,0.0,0.0,0.0,393.3527722550983,0.0,5558.128524911338,5912.146019940927,680.1494833333334,1128.4168166666666,-414.02739781065367,-393.3527722550983,0.0,54.91456107823501,0.0,0.0,0.0,0.0,0.0,0.0,0.0
2025-02-01,71,11:50,12:00,6,0.2979,328.7046524340205,0.0,0.0,328.7046524340205,392.51532045272717,0.0,5912.146019940927,6265.409808348381,640.0333333333333,1100.65625,-438.8970704527272,-392.51532045272717,0.0,68.10759621393953,97.92111596009471,0.0,97.92111596009471,48.960557980047355,-48.960557980047355,0.0,48.960557980047355
2025-02-01,72,12:00,12:10,12,0.3528,110.58462537584808,37.00244100171841,0.0,73.58218437412967,423.32943063985414,0.0,6265.409808348381,6646.40629592425,676.8413833333333,1105.4832,-412.24219519369126,-386.32698963813573,0.0,42.31482702853094,39.014255832599204,0.0,25.959794647192947,12.979897323596473,-12.979897323596473,0.0,26.03435850900273
2025-02-01,73,12:10,12:20,12,0.4214,0.0,0.0,0.0,0.0,371.50538401381834,0.0,6646.40629592425,6980.761141536686,663.0938,1089.4810666666667,-402.56254651381846,-371.50538401381834,0.0,54.88188265284833,0.0,0.0,0.0,0.0,0.0,0.0,0.0
2025-02-01,74,12:20,12:30,12,0.4077,476.00419075155145,454.2004571339601,0.0,21.803733617591377,833.3333333333334,0.0,6980.761141536686,7730.761141536686,594.0216666666666,1052.4125000000001,-394.51484286603994,-379.1328761993733,0.0,79.25795713396008,194.06690856940753,0.0,8.889382195892004,4.444691097946002,-4.444691097946002,0.0,189.62221747146154
2025-02-01,75,12:30,12:40,12,0.3359,481.3348198934698,460.342020583658,0.0,20.9927993098118,833.3333333333334,0.0,7730.761141536686,8480.761141536686,601.1141666666666,1052.0977666666665,-390.6357252496755,-372.9913127496754,0.0,77.99228725032458,161.6803660022165,0.0,7.051481288165784,3.525740644082892,-3.525740644082892,0.0,158.1546253581336
2025-02-01,76,12:40,12:50,12,0.4541,0.0,0.0,0.0,0.0,347.94426485608585,0.0,8480.761141536686,8793.910979907163,633.3353666666667,1058.98975,-376.47996560684106,-347.94426485608585,0.0,77.71011847724748,0.0,0.0,0.0,0.0,0.0,0.0,0.0
2025-02-01,77,12:50,13:00,12,0.6884,0.0,0.0,0.0,0.0,327.67092240428053,0.0,8793.910979907163,9088.814810071015,638.6816666666667,1052.2250000000001,-356.56656050677293,-327.67092240428053,0.0,85.87241092905282,0.0,0.0,0.0,0.0,0.0,0.0,0.0
2025-02-01,78,13:00,13:10,12,0.7168,0.0,0.0,0.0,0.0,312.6890042736213,0.0,9088.814810071015,9370.234913917275,619.3742333333333,1041.0229166666666,-342.4349570513993,-312.6890042736213,0.0,108.95967905971202,0.0,0.0,0.0,0.0,0.0,0.0,0.0
2025-02-01,79,13:10,13:20,12,0.7194,0.0,0.0,0.0,0.0,300.76074131529424,0.0,9370.234913917275,9640.91958110104,606.5044,1029.2288333333333,-326.77471449254057,-300.76074131529424,0.0,121.96369201803901,0.0,0.0,0.0,0.0,0.0,0.0,0.0
2025-02-01,80,13:20,13:30,12,0.7375,0.0,0.0,0.0,0.0,241.69037664633024,0.0,9640.91958110104,9858.440920082738,607.0133333333333,1017.28125,-299.62885024073006,-241.69037664633024,0.0,168.57754002033644,0.0,0.0,0.0,0.0,0.0,0.0,0.0
2025-02-01,81,13:30,13:40,12,0.6413,0.0,0.0,0.0,0.0,241.11595923347937,0.0,9858.440920082738,10075.44528339287,606.3183333333333,998.79405,-266.3814759001462,-241.11595923347937,0.0,151.35975743318727,0.0,0.0,0.0,0.0,0.0,0.0,0.0
2025-02-01,82,13:40,13:50,12,0.6761,0.0,0.0,0.0,0.0,214.28828926004806,0.0,10075.44528339287,10268.304743726912,624.9272166666666,948.6343499999999,-238.89611195723583,-214.28828926004806,0.0,109.41884407328527,0.0,0.0,0.0,0.0,0.0,0.0,0.0
2025-02-01,83,13:50,14:00,12,0.8225,0.0,0.0,0.0,0.0,179.9013812120422,0.0,10268.304743726912,10430.21598681775,641.645,875.1875,-215.67296338072984,-179.9013812120422,0.0,53.64111878795782,0.0,0.0,0.0,0.0,0.0,0.0,0.0
2025-02-01,84,14:00,14:10,12,0.8111,0.0,0.0,0.0,0.0,147.4667356959586,0.0,10430.21598681775,10562.936048944111,612.7233833333333,815.6234166666667,-181.6171534737363,-147.4667356959586,0.0,55.43329763737475,0.0,0.0,0.0,0.0,0.0,0.0,0.0
2025-02-01,85,14:10,14:20,12,0.8061,0.0,0.0,0.0,0.0,135.0548920873761,0.0,10562.936048944111,10684.48545182275,603.26775,769.5365666666667,-159.03930542070938,-135.0548920873761,0.0,31.21392457929059,0.0,0.0,0.0,0.0,0.0,0.0,0.0
2025-02-01,86,14:20,14:30,12,0.8727,0.0,0.0,0.0,0.0,94.05911188668236,0.0,10684.48545182275,10769.138652520764,610.8116666666666,727.4,-135.060795428053,-94.05911188668236,0.0,22.529221446650936,0.0,0.0,0.0,0.0,0.0,0.0,0.0
2025-02-01,87,14:30,14:40,12,0.8717,0.0,0.0,0.0,0.0,34.290386088039725,0.0,10769.138652520764,10800.0,571.6230833333333,684.0674,-78.68677433373296,-34.290386088039725,0.0,78.15393057862701,0.0,0.0,0.0,0.0,0.0,0.0,0.0
2025-02-01,88,14:40,14:50,12,0.7054,0.0,0.0,0.0,0.0,0.0,0.0,10800.0,10800.0,554.5942,648.3614333333334,-29.2812424368304,0.0,0.0,93.76723333333332,0.0,0.0,0.0,0.0,0.0,0.0,0.0
2025-02-01,89,14:50,15:00,12,0.5147,0.0,0.0,0.0,0.0,0.0,0.1868966646991339,10800.0,10799.792337039224,578.9233333333333,614.725,0.1868966646991339,0.1868966646991339,0.0,35.98856333136579,0.0,0.0,0.0,0.0,0.0,0.0,0.0
2025-02-01,90,15:00,15:10,12,0.5575,38.13219253128325,38.13219253128325,0.0,0.0,0.23073662308484522,0.0,10799.792337039224,10800.0,593.822,565.3928500000001,36.763378087693205,37.90145590819841,0.0,9.472305908198472,21.258697336190412,0.0,0.0,0.0,0.0,0.0,21.258697336190412
2025-02-01,91,15:10,15:20,12,0.6606,86.37801880198631,101.27981581778722,14.90179701580091,0.0,0.0,0.0,10800.0,10800.0,603.3700333333334,505.4359666666667,91.89089431371333,101.27981581778722,0.0,3.345749151120529,57.061319220592154,14.766190662957118,0.0,0.0,14.766190662957118,0.0,71.82750988354927
2025-02-01,92,15:20,15:30,12,0.688,152.9807718180625,154.4663977038518,1.485625885789318,0.0,0.0,0.0,10800.0,10800.0,608.655,450.6375,154.4663977038518,154.4663977038518,3.5511022961482013,0.0,105.25077101082698,1.5331659141345764,0.0,0.0,1.5331659141345764,12.21579189874981,118.99972882371137
2025-02-01,93,15:30,15:40,12,0.6617,196.35685789312376,196.35685789312376,0.0,0.0,0.0,8.218467944457075,10800.0,10790.868368950603,596.7886500000001,413.6283,203.89769805980313,204.57532583758083,0.0,21.414975837580812,129.92933286788,0.0,0.0,0.0,0.0,0.0,129.92933286788
2025-02-01,94,15:40,15:50,12,0.6465,250.18662358370668,250.18662358370668,0.0,0.0,0.0,0.3064201170823537,10790.868368950603,10790.527902153844,570.11095,375.9729,250.49304370078903,250.49304370078903,0.0,56.35499370078901,161.74565214686635,0.0,0.0,0.0,0.0,0.0,161.74565214686635
2025-02-01,95,15:50,16:00,12,0.6667,296.15402479743545,296.15402479743545,0.0,0.0,2.3454889791518667,0.0,10790.527902153844,10792.638842235081,548.75,328.93125000000003,286.66648811616295,293.8085358182836,0.0,73.9897858182836,197.4458883324502,0.0,0.0,0.0,0.0,0.0,197.4458883324502
2025-02-01,96,16:00,16:10,12,0.6956,306.9355371754999,306.9355371754999,0.0,0.0,0.0,0.0,10792.638842235081,10792.638842235081,554.0824,281.17405,294.76928002836644,306.9355371754999,0.0,34.02718717549993,213.50435965927775,0.0,0.0,0.0,0.0,0.0,213.50435965927775
2025-02-01,97,16:10,16:20,12,0.7032,340.4550193266663,340.4550193266663,0.0,0.0,0.0,14.213974030535041,10792.638842235081,10776.845537756708,559.0360666666667,240.44151666666667,337.74659599335047,354.6689933572013,0.0,36.074443357201346,239.40796959051173,0.0,0.0,0.0,0.0,0.0,239.40796959051173
2025-02-01,98,16:20,16:30,12,0.7041,427.7012817270601,427.7012817270601,0.0,0.0,0.0,0.0,10776.845537756708,10776.845537756708,563.1066666666667,202.36249999999998,410.0944600529083,427.7012817270601,0.0,66.95711506039345,301.144472464023,0.0,0.0,0.0,0.0,0.0,301.144472464023
2025-02-01,99,16:30,16:40,12,0.7357,445.2679797456566,445.2679797456566,0.0,0.0,0.0,0.0,10776.845537756708,10776.845537756708,580.2863,155.51903333333334,439.4670819738476,445.2679797456566,0.0,20.500713078989918,327.5836526988796,0.0,0.0,0.0,0.0,0.0,327.5836526988796
2025-02-01,100,16:40,16:50,12,0.7466,427.033205735844,427.033205735844,0.0,0.0,0.0,0.0,10776.845537756708,10776.845537756708,532.8180166666667,106.71146666666668,421.6884688371575,427.033205735844,0.0,0.9266557358440082,318.82299140238115,0.0,0.0,0.0,0.0,0.0,318.82299140238115
2025-02-01,101,16:50,17:00,12,0.7383,418.488202800496,418.488202800496,0.0,0.0,0.41838269851871246,0.0,10776.845537756708,10777.222082185375,446.78,59.706250000000004,399.75951749640564,418.0698201019773,0.0,30.996070101977352,308.9698401276062,0.0,0.0,0.0,0.0,0.0,308.9698401276062
2025-02-01,102,17:00,17:10,12,0.7642,434.9539757968171,434.9539757968171,0.0,0.0,0.0,4.418308438167344,10777.222082185375,10772.312850587412,433.5435166666667,15.897433333333334,416.93317034609555,439.3722842349844,0.0,21.726200901651055,332.3918283039276,0.0,0.0,0.0,0.0,0.0,332.3918283039276
2025-02-01,103,17:10,17:20,12,0.787,464.18716147931076,464.18716147931076,0.0,0.0,0.0,0.20437043295646617,10772.312850587412,10772.085772328572,439.7808,0.0,443.8591930645103,464.3915319122672,0.0,24.610731912267227,365.3152960842176,0.0,0.0,0.0,0.0,0.0,365.3152960842176
2025-02-01,104,17:20,17:30,12,0.775,484.42282453976395,484.42282453976395,0.0,0.0,5.0212345800457,0.0,10772.085772328572,10776.604883450613,436.1366666666667,0.0,457.85949274523756,479.40158995971825,0.0,43.26492329305154,375.4276890183171,0.0,0.0,0.0,0.0,0.0,375.4276890183171
2025-02-01,105,17:30,17:40,12,0.7557,495.4355547614805,495.4355547614805,0.0,0.0,4.483540685122989,0.0,10776.604883450613,10780.640070067224,445.99516666666665,0.68945,459.9121823973528,490.9520140763575,0.0,45.64629740969082,374.4006487332508,0.0,0.0,0.0,0.0,0.0,374.4006487332508
2025-02-01,106,17:40,17:50,12,0.8692,471.46872583369804,471.46872583369804,0.0,0.0,0.0,2.725200269422942,10780.640070067224,10777.612069767865,439.8926333333333,0.0,462.11350221423214,474.193926103121,0.0,34.301292769787665,409.80061649465034,0.0,0.0,0.0,0.0,0.0,409.80061649465034
2025-02-01,107,17:50,18:00,12,1.0662,0.0,0.0,0.0,0.0,0.0,495.86505555555533,10777.612069767865,10226.650896928359,428.47,0.0,471.28916666666663,495.86505555555533,0.0,67.3950555555553,0.0,0.0,0.0,0.0,0.0,0.0,0.0
2025-02-01,108,18:00,18:10,18,1.1465,0.0,0.0,0.0,0.0,0.0,492.4982871273959,10226.650896928359,9679.430577897918,454.18455,0.049499999999999995,478.9983480362632,492.4982871273959,0.0,38.36323712739585,0.0,0.0,0.0,0.0,0.0,0.0,0.0
2025-02-01,109,18:10,18:20,18,1.1653,0.0,0.0,0.0,0.0,0.0,488.73394888888896,9679.430577897918,9136.392856910263,472.26531666666665,0.0,475.59799888888887,488.73394888888896,0.0,16.46863222222231,0.0,0.0,0.0,0.0,0.0,0.0,0.0
2025-02-01,110,18:20,18:30,18,1.1644,0.0,0.0,0.0,0.0,0.0,470.6068055555555,9136.392856910263,8613.49640629298,454.16833333333335,0.0,458.22147222222225,470.6068055555555,0.0,16.438472222222174,0.0,0.0,0.0,0.0,0.0,0.0,0.0
2025-02-01,111,18:30,18:40,18,1.1265,0.0,0.0,0.0,0.0,0.0,453.32867835324777,8613.49640629298,8109.79787478937,418.3761833333333,0.0035499999999999998,441.445996354693,453.32867835324777,0.0,34.95604501991443,0.0,0.0,0.0,0.0,0.0,0.0,0.0
2025-02-01,112,18:40,18:50,18,1.1134,0.0,0.0,0.0,0.0,0.0,467.80759027777765,8109.79787478937,7590.011663369617,414.0822333333333,0.0,443.12007361111097,467.80759027777765,0.0,53.72535694444434,0.0,0.0,0.0,0.0,0.0,0.0,0.0
2025-02-01,113,18:50,19:00,18,1.1312,0.0,0.0,0.0,0.0,0.0,470.00994444444444,7590.011663369617,7067.778391764678,432.1383333333333,0.0,449.5682777777777,470.00994444444444,0.0,37.87161111111112,0.0,0.0,0.0,0.0,0.0,0.0,0.0
2025-02-01,114,19:00,19:10,18,1.1292,0.0,0.0,0.0,0.0,0.0,444.59544690310446,7067.778391764678,6573.783450761229,424.0143666666667,0.00025,434.55625856977105,444.59544690310446,0.0,20.581330236437736,0.0,0.0,0.0,0.0,0.0,0.0,0.0
2025-02-01,115,19:10,19:20,18,1.133,0.0,0.0,0.0,0.0,0.0,461.44933972222225,6573.783450761229,6061.061962180982,442.41246666666666,0.0,446.79369027777784,461.44933972222225,0.0,19.03687305555559,0.0,0.0,0.0,0.0,0.0,0.0,0.0
2025-02-01,116,19:20,19:30,18,1.1382,0.0,0.0,0.0,0.0,0.0,509.07544444444454,6061.061962180982,5495.422579464932,483.74666666666667,0.0,477.7757777777778,509.07544444444454,0.0,25.328777777777873,0.0,0.0,0.0,0.0,0.0,0.0,0.0
2025-02-01,117,19:30,19:40,18,1.1103,0.0,0.0,0.0,0.0,0.0,488.0459589906606,5495.422579464932,4953.149291697531,481.18446666666665,0.0,468.3186163888888,488.0459589906606,0.0,6.861492323993957,0.0,0.0,0.0,0.0,0.0,0.0,0.0
2025-02-01,118,19:40,19:50,18,1.0929,0.0,0.0,0.0,0.0,0.0,476.2600172222221,4953.149291697531,4423.971494783951,444.76593333333335,0.0,459.4603744444444,476.2600172222221,0.0,31.494083888888724,0.0,0.0,0.0,0.0,0.0,0.0,0.0
2025-02-01,119,19:50,20:00,18,1.1041,0.0,0.0,0.0,0.0,0.0,484.10024999999996,4423.971494783951,3886.0823281172843,418.095,0.0,466.56258333333335,484.10024999999996,0.0,66.00524999999993,0.0,0.0,0.0,0.0,0.0,0.0,0.0
2025-02-01,120,20:00,20:10,18,1.1204,0.0,0.0,0.0,0.0,0.0,483.5774944444444,3886.0823281172843,3348.7740009567906,436.7405166666667,0.0,463.4980366666667,483.5774944444444,0.0,46.83697777777775,0.0,0.0,0.0,0.0,0.0,0.0,0.0
2025-02-01,121,20:10,20:20,18,1.1344,0.0,0.0,0.0,0.0,0.0,476.0093175,3348.7740009567906,2819.8747592901236,452.69785,0.0,463.48405472222225,476.0093175,0.0,23.311467499999992,0.0,0.0,0.0,0.0,0.0,0.0,0.0
2025-02-01,122,20:20,20:30,18,1.1597,0.0,0.0,0.0,0.0,0.0,489.10075,2819.8747592901236,2276.429481512346,449.9683333333333,0.0,467.76597222222216,489.10075,0.0,39.1324166666667,0.0,0.0,0.0,0.0,0.0,0.0,0.0
2025-02-01,123,20:30,20:40,18,1.1766,0.0,0.0,0.0,0.0,0.0,475.9828072222223,2276.429481512346,1747.5596957098765,455.0667,0.0,465.07074055555563,475.9828072222223,0.0,20.91610722222225,0.0,0.0,0.0,0.0,0.0,0.0,0.0
2025-02-01,124,20:40,20:50,18,0.9864,0.0,0.0,0.0,0.0,0.0,485.45063722222227,1747.5596957098765,1208.170098796296,454.01236666666665,0.0,481.2341038888889,485.45063722222227,0.0,31.43827055555562,0.0,0.0,0.0,0.0,0.0,0.0,0.0
2025-02-01,125,20:50,21:00,18,0.724,498.90325,498.90325,0.0,0.0,-0.0,0.0,1208.170098796296,1208.170098796296,459.405,0.0,498.90325,498.90325,0.0,39.49825000000004,361.205953,0.0,0.0,0.0,0.0,0.0,361.205953
2025-02-01,126,21:00,21:10,18,0.7481,482.2255511419756,482.2255511419756,0.0,0.0,1.2869725308644888,0.0,1208.170098796296,1209.3283740740742,497.4207666666667,0.0,473.57532805555553,480.9385786111111,16.482188055555582,0.0,360.7529348093119,0.0,0.0,0.0,0.0,61.65162442180566,422.40455923111756
2025-02-01,127,21:10,21:20,18,0.8129,461.8608444444445,461.8608444444445,0.0,0.0,0.0,0.0,1209.3283740740742,1209.3283740740742,503.28313333333335,0.0,460.4264811111111,461.8608444444445,41.42228888888883,0.0,375.4466804488889,0.0,0.0,0.0,0.0,168.36089318888864,543.8075736377775
2025-02-01,128,21:20,21:30,18,0.8144,483.44413888888886,483.44413888888886,0.0,0.0,0.0,2.5674999999999955,1209.3283740740742,1206.4755962962963,477.5566666666667,0.0,481.7208055555555,486.01163888888885,0.0,8.454972222222182,393.7169067111111,0.0,0.0,0.0,0.0,0.0,393.7169067111111
2025-02-01,129,21:30,21:40,18,0.8497,500.3651036111111,500.3651036111111,0.0,0.0,0.0,5.828036666666662,1206.4755962962963,1200.0,479.13595000000004,0.0,500.3651036111111,506.1931402777778,0.0,27.05719027777775,425.16022853836114,0.0,0.0,0.0,0.0,0.0,425.16022853836114
2025-02-01,130,21:40,21:50,18,0.6531,477.79405055555554,482.37278722222226,4.578736666666714,0.0,0.0,0.0,1200.0,1200.0,450.2041,0.0,477.79405055555554,482.37278722222226,0.0,32.168687222222275,312.0472944178333,4.4855593755000465,0.0,0.0,4.4855593755000465,0.0,316.53285379333335
2025-02-01,131,21:50,22:00,18,0.3205,438.1815000000002,438.1815000000002,0.0,0.0,0.0,0.0,1200.0,1200.0,392.08500000000004,0.0,428.32683333333335,438.1815000000002,0.0,46.09650000000016,140.43717075000006,0.0,0.0,0.0,0.0,0.0,140.43717075000006
2025-02-01,132,22:00,22:10,18,0.2542,492.96701824074034,492.96701824074034,0.0,0.0,71.99280407407366,0.0,1200.0,1264.7935236666663,371.76981666666666,0.0,405.2515052777778,420.9742141666667,0.0,49.20439750000003,125.31221603679619,0.0,0.0,0.0,0.0,0.0,125.31221603679619
2025-02-01,133,22:10,22:20,18,0.273,422.97714916666695,422.97714916666695,0.0,0.0,0.0,0.0,1264.7935236666663,1264.7935236666663,363.5782166666667,0.0,407.3207447222223,422.97714916666695,0.0,59.39893250000023,115.47276172250008,0.0,0.0,0.0,0.0,0.0,115.47276172250008
2025-02-01,134,22:20,22:30,18,0.2774,431.43233333333336,431.43233333333336,0.0,0.0,-0.0,0.0,1264.7935236666663,1264.7935236666663,359.1566666666667,0.0,419.7956111111111,431.43233333333336,0.0,72.27566666666667,119.67932926666667,0.0,0.0,0.0,0.0,0.0,119.67932926666667
2025-02-01,135,22:30,22:40,18,0.3501,432.3428475,432.3428475,0.0,0.0,0.0,5.011396666666656,1264.7935236666663,1259.2253051481478,382.05071666666663,0.0,426.82669416666664,437.35424416666666,0.0,55.30352750000003,151.36323090975,0.0,0.0,0.0,0.0,0.0,151.36323090975
2025-02-01,136,22:40,22:50,18,0.378,407.30340083333334,407.30340083333334,0.0,0.0,0.0,6.250147222222267,1259.2253051481478,1252.2806971234563,417.16841666666664,0.0,407.30340083333334,413.5535480555556,3.614868611111035,0.0,153.960685515,0.0,0.0,0.0,0.0,6.832101674999857,160.79278718999984
2025-02-01,137,22:50,23:00,18,0.3465,392.9082222222222,392.9082222222222,0.0,0.0,0.0,2.7353333333331875,1252.2806971234563,1249.2414378641972,431.7966666666667,0.0,385.7104444444444,395.6435555555554,36.153111111111286,0.0,136.142699,0.0,0.0,0.0,0.0,62.6352650000003,198.77796400000028
2025-02-01,138,23:00,23:10,18,0.3534,419.14473626388923,419.14473626388923,0.0,0.0,0.0,0.0,1249.2414378641972,1249.2414378641972,406.46495,0.0,409.0864041666666,419.14473626388923,0.0,12.679786263889241,148.12574979565844,0.0,0.0,0.0,0.0,0.0,148.12574979565844
2025-02-01,139,23:10,23:20,18,0.3497,431.6185396499997,431.6185396499997,0.0,0.0,0.0,14.415755905555784,1249.2414378641972,1233.2239313024686,400.95986666666664,0.0,429.1349888888889,446.0342955555555,0.0,45.07442888888886,150.9370033156049,0.0,0.0,0.0,0.0,0.0,150.9370033156049
2025-02-01,140,23:20,23:30,18,0.3245,421.53666666666663,421.53666666666663,0.0,0.0,0.0,7.218333333333362,1233.2239313024686,1225.2035609320983,409.945,0.0,421.53666666666663,428.755,0.0,18.810000000000002,136.78864833333333,0.0,0.0,0.0,0.0,0.0,136.78864833333333
2025-02-01,141,23:30,23:40,18,0.3293,420.1645133333334,420.1645133333334,0.0,0.0,0.0,8.851956111111122,1225.2035609320983,1215.3680541419749,387.2367,0.0,420.1645133333334,429.0164694444445,0.0,41.779769444444526,138.36017424066668,0.0,0.0,0.0,0.0,0.0,138.36017424066668
2025-02-01,142,23:40,23:50,18,0.3592,493.1547258333333,493.1547258333333,0.0,0.0,0.0,1.787862777777832,1215.3680541419749,1213.381539944444,454.71015000000006,0.0,493.1547258333333,494.94258861111115,0.0,40.23243861111109,177.14117751933333,0.0,0.0,0.0,0.0,0.0,177.14117751933333
2025-02-01,143,23:50,24:00,18,0.4038,598.3022500000001,598.3022500000001,0.0,0.0,0.0,12.043385949999651,1213.381539944444,1200.0,580.8233333333334,0.0,598.3022500000001,610.3456359499997,0.0,29.522302616666366,241.59444855000004,0.0,0.0,0.0,0.0,0.0,241.59444855000004
2025-02-02,0,00:00,00:10,0,0.4523,1456.3894922222223,1456.3894922222223,0.0,0.0,833.3333333333334,0.0,1200.0,1950.0,598.66405,0.0,618.5650522222222,623.056158888889,0.0,24.39210888888897,658.7249673321111,0.0,0.0,0.0,0.0,0.0,658.7249673321111
2025-02-02,1,00:10,00:20,0,0.4559,1444.8894272222224,1444.8894272222224,0.0,0.0,833.3333333333334,0.0,1950.0,2700.0,581.7344833333333,0.0,603.6460055555556,611.556093888889,0.0,29.821610555555708,658.7250898706112,0.0,0.0,0.0,0.0,0.0,658.7250898706112
2025-02-02,2,00:20,00:30,0,0.4264,1440.155638888889,1440.155638888889,0.0,0.0,833.3333333333334,0.0,2700.0,3450.0,584.5933333333334,0.0,601.7439722222222,606.8223055555555,0.0,22.228972222222183,614.0823644222222,0.0,0.0,0.0,0.0,0.0,614.0823644222222
2025-02-02,3,00:30,00:40,0,0.4251,1447.5899580555556,1447.5899580555556,0.0,0.0,833.3333333333334,0.0,3450.0,4200.0,586.1028666666667,0.0,612.7768830555556,614.2566247222222,0.0,28.1537580555555,615.3704911694167,0.0,0.0,0.0,0.0,0.0,615.3704911694167
2025-02-02,4,00:40,00:50,0,0.4292,1452.4862697222225,1452.4862697222225,0.0,0.0,833.3333333333334,0.0,4200.0,4950.0,587.1968666666667,0.0,616.4784363888889,619.1529363888891,0.0,31.956069722222423,623.4071069647779,0.0,0.0,0.0,0.0,0.0,623.4071069647779
2025-02-02,5,00:50,01:00,0,0.4478,1291.230111111111,1291.230111111111,0.0,0.0,666.6666666666666,0.0,4950.0,5550.0,596.0733333333334,0.0,610.839111111111,624.5634444444444,0.0,28.49011111111099,578.2128437555555,0.0,0.0,0.0,0.0,0.0,578.2128437555555
2025-02-02,6,01:00,01:10,0,0.5032,627.9193288888888,627.9193288888888,0.0,0.0,0.0,0.0,5550.0,5550.0,612.0548166666666,0.0,613.8690605555555,627.9193288888888,0.0,15.864512222222174,315.96900629688884,0.0,0.0,0.0,0.0,0.0,315.96900629688884
2025-02-02,7,01:10,01:20,0,0.4672,1474.5110197222223,1474.5110197222223,0.0,0.0,833.3333333333334,0.0,5550.0,6300.0,598.3243,0.0,631.6139822222223,641.1776863888889,0.0,42.85338638888891,688.8915484142223,0.0,0.0,0.0,0.0,0.0,688.8915484142223
2025-02-02,8,01:20,01:30,0,0.389,1491.9420833333334,1491.9420833333334,0.0,0.0,833.3333333333334,0.0,6300.0,7050.0,572.2333333333333,0.0,647.57975,658.60875,0.0,86.37541666666664,580.3654704166667,0.0,0.0,0.0,0.0,0.0,580.3654704166667
2025-02-02,9,01:30,01:40,0,0.4462,636.1386725,636.1386725,0.0,0.0,0.0,0.0,7050.0,7050.0,591.6527333333333,0.0,636.1386725,636.1386725,0.0,44.48593916666664,283.8450756695,0.0,0.0,0.0,0.0,0.0,283.8450756695
2025-02-02,10,01:40,01:50,0,0.4778,1445.7863994444444,1445.7863994444444,0.0,0.0,833.3333333333334,0.0,7050.0,7800.0,624.2957,0.0,612.4530661111111,612.4530661111111,11.84263388888894,0.0,690.7967416545556,0.0,0.0,0.0,0.0,28.292052360555683,719.0887940151113
2025-02-02,11,01:50,02:00,0,0.4332,1443.218138888889,1443.218138888889,0.0,0.0,833.3333333333334,0.0,7800.0,8550.0,628.665,0.0,605.0815833333332,609.8848055555555,18.78019444444442,0.0,625.2020977666666,0.0,0.0,0.0,0.0,40.67790116666661,665.8799989333332
2025-02-02,12,02:00,02:10,0,0.4262,1474.579101388889,1474.579101388889,0.0,0.0,833.3333333333334,0.0,8550.0,9300.0,599.0741166666667,0.0,632.8973047222223,641.2457680555557,0.0,42.17165138888902,628.4656130119446,0.0,0.0,0.0,0.0,0.0,628.4656130119446
2025-02-02,13,02:10,02:20,0,0.4412,677.5494272222223,677.5494272222223,0.0,0.0,0.0,0.0,9300.0,9300.0,611.8605833333334,0.0,664.7851305555556,677.5494272222223,0.0,65.68884388888898,298.9348072904445,0.0,0.0,0.0,0.0,0.0,298.9348072904445
2025-02-02,14,02:20,02:30,0,0.4418,680.9255277777778,680.9255277777778,0.0,0.0,0.0,0.0,9300.0,9300.0,647.1383333333333,0.0,673.0489722222222,680.9255277777778,0.0,33.78719444444448,300.83289817222226,0.0,0.0,0.0,0.0,0.0,300.83289817222226
2025-02-02,15,02:30,02:40,0,0.4245,1492.4657741666665,1492.4657741666665,0.0,0.0,833.3333333333334,0.0,9300.0,10050.0,618.5352333333334,0.0,657.1147775,659.1324408333331,0.0,40.59720749999974,633.5517211337499,0.0,0.0,0.0,0.0,0.0,633.5517211337499
2025-02-02,16,02:40,02:50,0,0.4533,664.65185,664.65185,0.0,0.0,0.0,0.0,10050.0,10050.0,632.8425166666667,0.0,658.6176899999999,664.65185,0.0,31.809333333333257,301.28668360499995,0.0,0.0,0.0,0.0,0.0,301.28668360499995
2025-02-02,17,02:50,03:00,0,0.4922,686.3137222222222,686.3137222222222,0.0,0.0,0.0,0.0,10050.0,10050.0,682.7416666666667,0.0,673.0670555555556,686.3137222222222,0.0,3.572055555555494,337.80361407777775,0.0,0.0,0.0,0.0,0.0,337.80361407777775
2025-02-02,18,03:00,03:10,0,0.4433,664.419906111111,664.419906111111,0.0,0.0,0.0,0.0,10050.0,10050.0,650.2912666666667,0.0,660.5115133333334,664.419906111111,0.0,14.128639444444275,294.5373443790555,0.0,0.0,0.0,0.0,0.0,294.5373443790555
2025-02-02,19,03:10,03:20,0,0.4219,663.4095261111111,663.4095261111111,0.0,0.0,0.0,0.0,10050.0,10050.0,625.2837000000001,0.0,662.2920427777779,663.4095261111111,0.0,38.125826111110996,279.89247906627776,0.0,0.0,0.0,0.0,0.0,279.89247906627776
2025-02-02,20,03:20,03:30,0,0.4714,682.4093333333334,682.4093333333334,0.0,0.0,0.0,0.0,10050.0,10050.0,648.8266666666667,0.0,675.2723888888889,682.4093333333334,0.0,33.58266666666668,321.68775973333334,0.0,0.0,0.0,0.0,0.0,321.68775973333334
2025-02-02,21,03:30,03:40,0,0.5121,661.7503794444444,661.7503794444444,0.0,0.0,0.0,0.0,10050.0,10050.0,667.2369666666667,0.0,654.7761161111112,661.7503794444444,5.486587222222283,0.0,338.8823693135,0.0,0.0,0.0,0.0,14.048406582500158,352.93077589600017
2025-02-02,22,03:40,03:50,0,0.4836,654.042916111111,654.042916111111,0.0,0.0,0.0,0.0,10050.0,10050.0,658.5555,0.0,649.0647844444444,654.042916111111,4.512583888889026,0.0,316.2951542313333,0.0,0.0,0.0,0.0,10.911427843333662,327.206582074667
2025-02-02,23,03:50,04:00,0,0.4376,679.2242222222224,679.2242222222224,0.0,0.0,0.0,0.0,10050.0,10050.0,637.655,0.0,671.5028333333333,679.2242222222224,0.0,41.56922222222238,297.2285196444445,0.0,0.0,0.0,0.0,0.0,297.2285196444445
2025-02-02,24,04:00,04:10,0,0.4776,695.1641069444444,695.1641069444444,0.0,0.0,0.0,0.0,10050.0,10050.0,636.6545833333333,0.0,685.3969124999999,695.1641069444444,0.0,58.509523611111035,332.01037747666663,0.0,0.0,0.0,0.0,0.0,332.01037747666663
2025-02-02,25,04:10,04:20,0,0.4964,693.6628638888888,693.6628638888888,0.0,0.0,0.0,0.0,10050.0,10050.0,645.9066666666666,0.0,689.2429755555555,693.6628638888888,0.0,47.75619722222211,344.33424563444436,0.0,0.0,0.0,0.0,0.0,344.33424563444436
2025-02-02,26,04:20,04:30,0,0.4723,698.7036111111111,698.7036111111111,0.0,0.0,0.0,0.0,10050.0,10050.0,652.965,0.0,691.4026111111111,698.7036111111111,0.0,45.73861111111103,329.99771552777776,0.0,0.0,0.0,0.0,0.0,329.99771552777776
2025-02-02,27,04:30,04:40,0,0.4865,710.130665,710.130665,0.0,0.0,0.0,0.0,10050.0,10050.0,656.2554833333334,0.0,694.3737911111111,710.130665,0.0,53.87518166666666,345.4785685225,0.0,0.0,0.0,0.0,0.0,345.4785685225
2025-02-02,28,04:40,04:50,0,0.4808,692.7653642232953,692.7653642232953,0.0,0.0,0.0,0.0,10050.0,10050.0,665.3873333333333,0.00023333333333333333,677.4377492232952,692.7653642232953,0.0,27.37826422329522,333.0815871185604,0.0,0.0,0.0,0.0,0.0,333.0815871185604
2025-02-02,29,04:50,05:00,0,0.4531,661.793277777778,661.793277777778,0.0,0.0,0.0,0.0,10050.0,10050.0,681.0333333333333,0.0,657.8446111111111,661.793277777778,19.240055555555273,0.0,299.8585341611112,0.0,0.0,0.0,0.0,43.58834586111047,343.44688002222165
2025-02-02,30,05:00,05:10,0,0.4678,687.0193947222223,687.0193947222223,0.0,0.0,0.0,0.0,10050.0,10050.0,691.0207666666666,0.0,678.6484580555556,687.0193947222223,4.001371944444372,0.0,321.3876728510556,0.0,0.0,0.0,0.0,9.359208978055387,330.746881829111
2025-02-02,31,05:10,05:20,0,0.4823,721.9767895095385,721.9767895095385,0.0,0.0,0.0,0.0,10050.0,10050.0,679.2231166666667,0.00315,711.1194045095386,721.9767895095385,0.0,42.756822842871884,348.20940558045044,0.0,0.0,0.0,0.0,0.0,348.20940558045044
2025-02-02,32,05:20,05:30,0,0.4391,724.6009166666666,724.6009166666666,0.0,0.0,0.0,0.0,10050.0,10050.0,647.9466666666666,0.0,710.43525,724.6009166666666,0.0,76.65425000000005,318.1722625083333,0.0,0.0,0.0,0.0,0.0,318.1722625083333
2025-02-02,33,05:30,05:40,0,0.3697,1519.5880586111111,1519.5880586111111,0.0,0.0,833.3333333333334,0.0,10050.0,10800.0,633.4947,0.0,673.6886652777779,686.2547252777778,0.0,52.7600252777778,561.7917052685277,0.0,0.0,0.0,0.0,0.0,561.7917052685277
2025-02-02,34,05:40,05:50,0,0.5849,752.658278278178,752.658278278178,0.0,0.0,0.0,0.0,10800.0,10800.0,723.7820499999999,0.04398333333333334,746.6495600012782,752.658278278178,0.0,28.920211611511377,440.2298269649063,0.0,0.0,0.0,0.0,0.0,440.2298269649063
2025-02-02,35,05:50,06:00,0,0.9636,896.3446666666667,896.3446666666667,0.0,0.0,0.0,0.0,10800.0,10800.0,855.5333333333333,0.0,890.1828333333333,896.3446666666667,0.0,40.81133333333344,863.7177208,0.0,0.0,0.0,0.0,0.0,863.7177208
2025-02-02,36,06:00,06:10,6,1.0488,91.34921014937436,91.34921014937436,0.0,0.0,0.0,830.8557676439624,10800.0,9876.826924840041,867.2495166666666,0.0,907.1694833488923,922.2049777933368,0.0,54.955461126670116,95.80705160466383,0.0,0.0,0.0,0.0,0.0,95.80705160466383
2025-02-02,37,06:10,06:20,6,1.0385,897.3000578968914,897.3000578968914,0.0,0.0,0.0,4.472103578690053,9876.826924840041,9871.857920863718,855.2815166666666,0.6127,881.4498545311368,901.7721614755815,0.0,47.10334480891481,931.8461101259218,0.0,0.0,0.0,0.0,0.0,931.8461101259218
2025-02-02,38,06:20,06:30,6,1.0714,891.1260087878857,891.1260087878857,0.0,0.0,0.0,14.09751726866989,9871.857920863718,9856.194012787419,873.5016666666667,0.0,879.0384441523353,905.2235260565556,0.0,31.72185938988889,954.7524058153406,0.0,0.0,0.0,0.0,0.0,954.7524058153406
2025-02-02,39,06:30,06:40,6,1.0749,888.1417631537483,887.1327565122476,0.0,1.0090066415007186,0.0,0.0,9856.194012787419,9856.194012787419,876.0123666666667,0.0,878.93232996833,887.1327565122476,0.0,11.120389845580917,954.6635812139641,0.0,1.0845812389491225,0.5422906194745613,-0.5422906194745613,0.0,954.1212905944896
2025-02-02,40,06:40,06:50,6,1.0446,871.9151372033829,871.9151372033829,0.0,0.0,0.0,0.0,9856.194012787419,9856.194012787419,853.8498833333333,19.09655,860.8053008050207,871.9151372033829,0.0,37.16180387004965,910.8025523226537,0.0,0.0,0.0,0.0,0.0,910.8025523226537
2025-02-02,41,06:50,07:00,6,0.9869,825.3856124146903,825.3856124146903,0.0,0.0,0.0,15.4940163232435,9856.194012787419,9838.978439094926,832.265,64.34375,824.1268747491564,840.8796287379338,0.0,72.9583787379338,814.5730608920578,0.0,0.0,0.0,0.0,0.0,814.5730608920578
2025-02-02,42,07:00,07:10,6,0.9164,806.4868079671994,806.4868079671994,0.0,0.0,0.0,2.9671875327568387,9838.978439094926,9835.68156405853,845.0358,109.53881666666666,795.8532538332897,809.4539954999562,0.0,73.95701216662292,739.0645108211415,0.0,0.0,0.0,0.0,0.0,739.0645108211415
2025-02-02,43,07:10,07:20,6,0.9117,753.0352523255856,753.0352523255856,0.0,0.0,0.0,5.515151655791328,9835.68156405853,9829.553617774318,865.4190666666667,156.74493333333334,752.7762539813767,758.5504039813769,0.0,49.8762706480436,686.5422395452364,0.0,0.0,0.0,0.0,0.0,686.5422395452364
2025-02-02,44,07:20,07:30,6,0.9168,686.5786187910617,686.5786187910617,0.0,0.0,0.0,1.2345084088654403,9829.553617774318,9828.181941764467,862.9766666666666,206.4,679.9574210036167,687.8131271999271,0.0,31.23646053326047,629.4552777076453,0.0,0.0,0.0,0.0,0.0,629.4552777076453
2025-02-02,45,07:30,07:40,6,0.8379,1449.2336686925873,1449.2336686925873,0.0,0.0,810.9178842353072,0.0,9828.181941764467,10558.008037576245,851.2133,252.16675,620.6107076295042,638.3157844572802,0.0,39.26923445728016,1214.312890997519,0.0,0.0,0.0,0.0,0.0,1214.312890997519
2025-02-02,46,07:40,07:50,6,1.0094,440.2711909375661,440.2711909375661,0.0,0.0,0.0,296.24739306415415,10558.008037576245,10228.844267504963,963.0563333333333,294.4087666666667,727.2468655503236,736.5185840017202,0.0,67.87101733505358,444.4097401323792,0.0,0.0,0.0,0.0,0.0,444.4097401323792
2025-02-02,47,07:50,08:00,6,1.3473,61.42198897552328,67.40237040226191,5.9803814267386315,0.0,0.0,833.3333333333334,10228.844267504963,9302.918341579038,1143.6366666666665,332.4875,889.476656099671,900.7357037355953,0.0,89.58653706892869,82.7538457467225,12.086051844367438,0.0,0.0,12.086051844367438,0.0,94.83989759108994
2025-02-02,48,08:00,08:10,6,1.3998,0.0,0.0,0.0,0.0,0.0,833.3333333333334,9302.918341579038,8376.992415653112,1189.9577666666667,367.12641666666667,825.4135968885803,833.3333333333334,0.0,10.501983333333328,0.0,0.0,0.0,0.0,0.0,0.0,0.0
2025-02-02,49,08:10,08:20,6,1.3427,0.0,0.0,0.0,0.0,0.0,752.4036023566505,8376.992415653112,7540.988413034612,1173.5552,414.6793333333333,732.045627863733,752.4036023566505,6.472264310016158,0.0,0.0,0.0,0.0,0.0,0.0,43.451546445293474,43.451546445293474
2025-02-02,50,08:20,08:30,6,1.3172,0.0,0.0,0.0,0.0,0.0,722.3057996979868,7540.988413034612,6738.426413370182,1167.535,474.96875,707.4810700190691,722.3057996979868,0.0,29.73954969798683,0.0,0.0,0.0,0.0,0.0,0.0,0.0
2025-02-02,51,08:30,08:40,6,1.2806,0.0,0.0,0.0,0.0,0.0,679.9899184483372,6738.426413370182,5982.882059538696,1171.4924666666668,531.3649666666666,659.8394042454313,679.9899184483372,0.0,39.862418448337166,0.0,0.0,0.0,0.0,0.0,0.0,0.0
2025-02-02,52,08:40,08:50,6,1.2438,0.0,0.0,0.0,0.0,0.0,620.6729603459906,5982.882059538696,5293.245436932039,1169.5395833333334,583.4552833333333,608.024923527738,620.6729603459906,0.0,34.58866034599055,0.0,0.0,0.0,0.0,0.0,0.0,0.0
2025-02-02,53,08:50,09:00,6,1.2256,0.0,0.0,0.0,0.0,0.0,588.0818391189326,5293.245436932039,4639.821171244336,1159.6966666666667,638.49375,563.9829928928824,588.0818391189326,0.0,66.8789224522659,0.0,0.0,0.0,0.0,0.0,0.0,0.0
2025-02-02,54,09:00,09:10,6,1.2306,0.0,0.0,0.0,0.0,0.0,515.5112689094219,4639.821171244336,4067.0308724560896,1155.84485,701.0060166666667,506.8924503350293,515.5112689094219,0.0,60.672435576088674,0.0,0.0,0.0,0.0,0.0,0.0,0.0
2025-02-02,55,09:10,09:20,6,1.2355,0.0,0.0,0.0,0.0,0.0,464.1438128095418,4067.0308724560896,3551.315524889932,1166.1131666666668,752.3296,443.47575552500484,464.1438128095418,0.0,50.360246142875155,0.0,0.0,0.0,0.0,0.0,0.0,0.0
2025-02-02,56,09:20,09:30,6,1.2013,0.0,0.0,0.0,0.0,0.0,412.01680151403053,3551.315524889932,3093.5190787632314,1171.27,796.9875000000001,385.24281349923086,412.01680151403053,0.0,37.73430151403056,0.0,0.0,0.0,0.0,0.0,0.0,0.0
2025-02-02,57,09:30,09:40,6,1.1141,0.0,0.0,0.0,0.0,0.0,349.56334001810046,3093.5190787632314,2705.1153676320087,1143.4297833333333,854.4570666666667,339.326500625041,349.56334001810046,0.0,60.590623351433806,0.0,0.0,0.0,0.0,0.0,0.0,0.0
2025-02-02,58,09:40,09:50,6,1.0893,0.0,0.0,0.0,0.0,0.0,317.05819995217735,2705.1153676320087,2352.828478796256,1121.5185833333333,890.1131833333334,295.4442193966218,317.05819995217735,0.0,85.65279995217739,0.0,0.0,0.0,0.0,0.0,0.0,0.0
2025-02-02,59,09:50,10:00,6,1.1386,0.0,0.0,0.0,0.0,0.0,269.25082503479825,2352.828478796256,2053.660895424258,1126.9816666666668,904.61875,249.61955857666862,269.25082503479825,0.0,46.88790836813146,0.0,0.0,0.0,0.0,0.0,0.0,0.0
2025-02-02,60,10:00,10:10,6,1.1539,0.0,0.0,0.0,0.0,0.0,232.21029109202618,2053.660895424258,1795.6494608775622,1143.2435833333334,932.48405,214.7604755364705,232.21029109202618,0.0,21.450757758692816,0.0,0.0,0.0,0.0,0.0,0.0,0.0
2025-02-02,61,10:10,10:20,6,1.097,0.0,0.0,0.0,0.0,0.0,192.48624149008205,1795.6494608775622,1581.7758592219154,1140.95675,948.9234666666666,177.414146418044,192.48624149008205,0.0,0.4529581567487071,0.0,0.0,0.0,0.0,0.0,0.0,0.0
2025-02-02,62,10:20,10:30,6,1.0376,0.0,0.0,0.0,0.0,0.0,173.03168228271548,1581.7758592219154,1389.5184344633426,1120.825,955.75,150.7930156160487,173.03168228271548,0.0,7.956682282715519,0.0,0.0,0.0,0.0,0.0,0.0,0.0
2025-02-02,63,10:30,10:40,6,1.0533,0.0,0.0,0.0,0.0,0.0,170.56659101700822,1389.5184344633426,1200.0,1112.39495,985.7863000000001,150.23185536055053,170.56659101700822,0.0,43.95794101700825,0.0,0.0,0.0,0.0,0.0,0.0,0.0
2025-02-02,64,10:40,10:50,6,0.9148,158.34115247228115,145.05497756612766,0.0,13.28617490615349,0.0,0.0,1200.0,1200.0,1127.6572666666666,1027.8570166666666,121.68567396678661,145.05497756612766,0.0,45.25472756612773,144.8504862816428,0.0,12.154192804149213,6.0770964020746066,-6.0770964020746066,0.0,138.77338987956819
2025-02-02,65,10:50,11:00,6,0.6806,952.8105011577431,937.8049395593229,0.0,15.005561598420286,833.3333333333334,0.0,1200.0,1950.0,1140.545,1055.08125,72.56994742822326,104.47160622598949,0.0,19.007856225989443,648.48282708796,0.0,10.212785223884847,5.106392611942423,-5.106392611942423,0.0,643.3764344760176
2025-02-02,66,11:00,11:10,6,0.6578,934.7564950336857,909.2287932919206,0.0,25.5277017417651,833.3333333333334,0.0,1950.0,2700.0,1114.6941166666668,1054.1732,63.803829171588255,75.89545995858725,0.0,15.374543291920567,614.8828224331585,0.0,16.792122205733083,8.396061102866542,-8.396061102866542,0.0,606.486761330292
2025-02-02,67,11:10,11:20,6,0.6943,943.4638618085614,922.3179703585088,0.0,21.14589145005266,833.3333333333334,0.0,2700.0,3450.0,1103.5297833333334,1079.4850666666666,67.49222857944035,88.9846370251754,0.0,64.93992035850863,655.0469592536842,0.0,14.681592433771561,7.3407962168857805,-7.3407962168857805,0.0,647.7061630367984
2025-02-02,68,11:20,11:30,6,0.6727,953.4279420304658,909.7436083411958,0.0,43.684333689270034,833.3333333333334,0.0,3450.0,4200.0,1132.0416666666667,1117.6375,55.8840473451916,76.41027500786242,0.0,62.00610834119573,641.3709766038943,0.0,29.38645127277195,14.693225636385975,-14.693225636385975,0.0,626.6777509675084
2025-02-02,69,11:30,11:40,6,0.6265,923.5798159797126,886.5760201856531,0.0,37.003795794059556,833.3333333333334,0.0,4200.0,4950.0,1160.9295666666667,1105.8838833333332,27.303181368771977,53.24268685231971,1.8029964810137145,0.0,578.6227547112899,0.0,23.18287806497831,11.591439032489156,-11.591439032489156,5.647886476775461,572.6792021555763
2025-02-02,70,11:40,11:50,6,0.577,879.2704522223464,827.213444505509,0.0,52.05700771683746,833.3333333333334,0.0,4950.0,5700.0,1105.1401166666667,1117.75745,-19.29746309207606,-6.119888827824411,0.0,6.497444505509028,507.33905093229384,0.0,30.036893452615214,15.018446726307607,-15.018446726307607,0.0,492.3206042059862
2025-02-02,71,11:50,12:00,6,0.5556,864.8584974230043,824.7829790124945,0.0,40.07551841050986,833.3333333333334,0.0,5700.0,6450.0,1014.6033333333334,1148.0062500000001,-54.93210432083894,-8.550354320838892,0.0,124.85256234582786,480.5153811682212,0.0,22.265958028879275,11.132979014439638,-11.132979014439638,0.0,469.3824021537816
2025-02-02,72,12:00,12:10,12,0.5901,862.960689232277,811.7979301935482,0.0,51.16275903872884,833.3333333333334,0.0,6450.0,7200.0,1029.2584666666667,1115.8952,-35.050086473118576,-21.535403139785217,0.0,65.10133019354805,509.2331027159666,0.0,30.191144108753885,15.095572054376943,-15.095572054376943,0.0,494.13753066158966
2025-02-02,73,12:10,12:20,12,0.6344,899.7680131732833,839.127567892783,0.0,60.64044528050033,833.3333333333334,0.0,7200.0,7950.0,1068.5136,1090.4079333333334,-25.262927940550526,5.794234559449592,0.0,27.688567892782924,570.8128275571308,0.0,38.47029848594941,19.235149242974703,-19.235149242974703,0.0,551.5776783141562
2025-02-02,74,12:20,12:30,12,0.6108,863.0978195966766,801.1114204997401,0.0,61.98639909693645,833.3333333333334,0.0,7950.0,8700.0,1060.23,1099.76875,-46.829080360510794,-32.22191283359325,0.0,7.3168371664067635,527.18014820965,0.0,37.861292568408786,18.930646284204393,-18.930646284204393,0.0,508.24950192544566
2025-02-02,75,12:30,12:40,12,0.519,855.5588466253492,802.7457586629371,0.0,52.81308796241217,833.3333333333334,0.0,8700.0,9450.0,1017.6193333333334,1101.54775,-48.22853883706239,-30.587574670396293,0.0,53.34084199627034,444.03504139855625,0.0,27.409992652491916,13.704996326245958,-13.704996326245958,0.0,430.33004507231027
2025-02-02,76,12:40,12:50,12,0.6941,907.092610212674,869.7798870071208,0.0,37.3127232055532,833.3333333333334,0.0,9450.0,10200.0,1029.4667166666666,1088.6407833333333,8.698880340454252,36.446553673787434,0.0,95.62062034045405,629.612980748617,0.0,25.898761176974478,12.949380588487239,-12.949380588487239,0.0,616.6636001601298
2025-02-02,77,12:50,13:00,12,1.0283,145.0825723140665,101.34605634210112,0.0,43.73651597196539,0.0,0.0,10200.0,10200.0,1087.325,1067.8625,82.27017300876787,101.34605634210112,0.0,81.88355634210119,149.1884091105546,0.0,44.97425937397201,22.487129686986005,-22.487129686986005,0.0,126.7012794235686
2025-02-02,78,13:00,13:10,12,1.0587,127.95942006574963,92.49032381474308,0.0,35.46909625100655,0.0,0.0,10200.0,10200.0,1097.3868833333333,1051.91705,84.61294272280793,92.49032381474308,0.0,47.02049048140983,135.47063802360913,0.0,37.55113220094063,18.775566100470314,-18.775566100470314,0.0,116.69507192313881
2025-02-02,79,13:10,13:20,12,0.9965,132.98777662043418,92.37598377973708,0.0,40.61179284069709,0.0,0.0,10200.0,10200.0,1085.0511,1058.2799166666666,84.97079245772284,92.37598377973708,0.0,65.6048004464038,132.52231940226267,0.0,40.46965156575465,20.234825782877326,-20.234825782877326,0.0,112.28749361938534
2025-02-02,80,13:20,13:30,12,1.0091,150.7481763199532,130.4354376954422,0.0,20.312738624510985,0.0,0.0,10200.0,10200.0,1084.2633333333333,1061.6875,113.86428769544243,130.4354376954422,0.0,107.85960436210888,152.11998472446479,0.0,20.497584545994037,10.248792272997019,-10.248792272997019,0.0,141.87119245146778
2025-02-02,81,13:30,13:40,12,1.0445,171.4125972421213,158.0488751092386,0.0,13.363722132882714,0.0,0.0,10200.0,10200.0,1095.6653166666667,1017.2032333333333,139.9182695536832,158.0488751092386,0.0,79.58679177590525,179.0404578193957,0.0,13.958407767795995,6.9792038838979975,-6.9792038838979975,0.0,172.0612539354977
2025-02-02,82,13:40,13:50,12,1.052,0.0,0.0,0.0,0.0,0.0,163.678898441993,10200.0,10018.134557286674,1079.5258000000001,974.22565,157.61713769015023,163.678898441993,0.0,58.37874844199297,0.0,0.0,0.0,0.0,0.0,0.0,0.0
2025-02-02,83,13:50,14:00,12,1.0369,0.0,0.0,0.0,0.0,0.0,202.443364045525,10018.134557286674,9793.19748612498,1048.8616666666667,949.0,171.3881307121916,202.443364045525,0.0,102.58169737885831,0.0,0.0,0.0,0.0,0.0,0.0,0.0
2025-02-02,84,14:00,14:10,12,1.0441,0.0,0.0,0.0,0.0,0.0,229.0214504297072,9793.19748612498,9538.72920786975,1057.3207333333332,911.0906666666666,203.899645231557,229.0214504297072,0.0,82.79138376304053,0.0,0.0,0.0,0.0,0.0,0.0,0.0
2025-02-02,85,14:10,14:20,12,1.0639,0.0,0.0,0.0,0.0,0.0,258.82244778366885,9538.72920786975,9251.14871033234,1072.0557666666666,871.6022166666667,242.20388396176364,258.82244778366885,0.0,58.368897783668814,0.0,0.0,0.0,0.0,0.0,0.0,0.0
2025-02-02,86,14:20,14:30,12,1.0889,0.0,0.0,0.0,0.0,0.0,295.59366050319807,9251.14871033234,8922.71130977323,1068.7783333333334,838.68125,282.89748143483877,295.59366050319807,0.0,65.49657716986465,0.0,0.0,0.0,0.0,0.0,0.0,0.0
2025-02-02,87,14:30,14:40,12,1.1026,0.0,0.0,0.0,0.0,0.0,335.78767242553096,8922.71130977323,8549.613895967086,1055.7741666666668,802.7843166666667,319.93111409219773,335.78767242553096,0.0,82.79782242553088,0.0,0.0,0.0,0.0,0.0,0.0,0.0
2025-02-02,88,14:40,14:50,12,0.9951,0.0,0.0,0.0,0.0,0.0,379.0508750020012,8549.613895967086,8128.446257075973,1047.2526166666667,741.1351666666666,359.8103257637217,379.0508750020012,0.0,72.93342500200117,0.0,0.0,0.0,0.0,0.0,0.0,0.0
2025-02-02,89,14:50,15:00,12,0.8205,1229.4676498112162,1229.4676498112162,0.0,0.0,825.0068633394012,0.0,8128.446257075973,8870.952434081435,1038.28,665.11875,404.01422090469686,404.460786471815,0.0,31.299536471814974,1008.7782066701029,0.0,0.0,0.0,0.0,0.0,1008.7782066701029
2025-02-02,90,15:00,15:10,12,0.7696,1274.9346205243098,1274.9346205243098,0.0,0.0,812.670205073706,0.0,8870.952434081435,9602.35561864777,1015.9704166666667,610.73905,449.2309488085254,462.2644154506038,0.0,57.03304878393709,981.1896839555088,0.0,0.0,0.0,0.0,0.0,981.1896839555088
2025-02-02,91,15:10,15:20,12,0.8245,1298.672377906035,1298.672377906035,0.0,0.0,774.6841964926056,0.0,9602.35561864777,10299.571395491115,1014.6231666666666,563.84555,501.7819043695728,523.9881814134295,0.0,73.21056474676294,1070.7553755835258,0.0,0.0,0.0,0.0,0.0,1070.7553755835258
2025-02-02,92,15:20,15:30,12,0.8914,1268.2107125782584,1134.509701914963,0.0,133.7010106632954,556.0317827876497,0.0,10299.571395491115,10800.0,1031.7616666666665,511.72499999999997,564.816225871666,578.4779191273133,0.0,58.44125246064664,1130.4830291922594,0.0,119.18108090526151,59.590540452630755,-59.590540452630755,0.0,1070.8924887396288
2025-02-02,93,15:30,15:40,12,0.8933,616.6108383836234,629.7889631630488,13.178124779425389,0.0,0.0,0.0,10800.0,10800.0,1031.36365,456.01683333333335,629.7889631630488,629.7889631630488,0.0,54.44214649638229,550.8184619280909,17.65802829819105,0.0,0.0,17.65802829819105,0.0,568.476490226282
2025-02-02,94,15:40,15:50,12,0.9024,652.990534744178,669.8019000661628,16.811365321984795,0.0,0.0,0.0,10800.0,10800.0,1036.5344,398.35275,669.8019000661628,669.8019000661628,0.0,31.62025006616284,589.2586585531462,22.755864099838618,0.0,0.0,22.755864099838618,0.0,612.0145226529849
2025-02-02,95,15:50,16:00,12,0.9311,674.7296731031379,696.8629607867955,22.133287683657613,0.0,0.0,0.0,10800.0,10800.0,1043.1516666666666,343.0625,696.8629607867955,696.8629607867955,3.226205879871145,0.0,628.2407986263318,30.912456243380408,0.0,0.0,30.912456243380408,15.019601473740115,674.1728563434523
2025-02-02,96,16:00,16:10,12,0.9295,730.9291858511907,751.2720624844308,20.342876633240053,0.0,0.0,0.0,10800.0,10800.0,1023.52795,294.6661833333333,744.2284148582048,751.2720624844308,0.0,22.410295817764222,679.3986782486818,28.363055745894943,0.0,0.0,28.363055745894943,0.0,707.7617339945767
2025-02-02,97,16:10,16:20,12,0.9789,783.2611069475395,795.6988527996197,12.437745852080184,0.0,0.0,0.0,10800.0,10800.0,1022.9147333333334,247.29463333333334,795.2857849172693,795.6988527996197,0.0,20.078752799619565,766.7342975909464,18.262964121901938,0.0,0.0,18.262964121901938,0.0,784.9972617128484
2025-02-02,98,16:20,16:30,12,1.0591,840.9556987441985,840.9556987441985,0.0,0.0,0.0,0.0,10800.0,10800.0,1037.415,198.84375,838.5005851033385,840.9556987441985,0.0,2.384448744198494,890.6561805399805,0.0,0.0,0.0,0.0,0.0,890.6561805399805
2025-02-02,99,16:30,16:40,12,1.0582,878.0070714651329,878.1655766310636,0.15850516593070552,0.0,0.0,9.546112757239642,10800.0,10789.393208047512,1017.6533,152.69565,885.5459711220348,887.7116893883032,0.0,22.754039388303227,929.1070830244037,0.25159524988180887,0.0,0.0,0.25159524988180887,0.0,929.3586782742855
2025-02-02,100,16:40,16:50,12,1.0373,926.9553593666317,926.9553593666317,0.0,0.0,0.0,6.034734070548325,10789.393208047512,10782.687947969125,1001.7467,108.53166666666668,931.4132448073078,932.99009343718,0.0,39.77506010384673,961.5307942710072,0.0,0.0,0.0,0.0,0.0,961.5307942710072
2025-02-02,101,16:50,17:00,12,1.0422,985.2537699213709,985.2537699213709,0.0,0.0,0.0,0.6842466297683814,10782.687947969125,10781.927673936048,1004.9983333333333,63.43125,971.0825165511393,985.9380165511393,0.0,44.37093321780594,1026.8314790120528,0.0,0.0,0.0,0.0,0.0,1026.8314790120528
2025-02-02,102,17:00,17:10,12,1.0598,1016.3976956260516,1016.3976956260516,0.0,0.0,0.0,0.0,10781.927673936048,10781.927673936048,1004.3622999999999,18.726033333333334,995.2043138836483,1016.3976956260516,0.0,30.761428959385057,1077.1782778244894,0.0,0.0,0.0,0.0,0.0,1077.1782778244894
2025-02-02,103,17:10,17:20,12,1.0817,1022.305281352522,1022.305281352522,0.0,0.0,0.0,0.0,10781.927673936048,10781.927673936048,1005.3769000000001,0.0,1004.0385435046084,1022.305281352522,0.0,16.92838135252191,1105.8276228390232,0.0,0.0,0.0,0.0,0.0,1105.8276228390232
2025-02-02,104,17:20,17:30,12,1.0782,1049.2692918211972,1049.2692918211972,0.0,0.0,7.309503634504836,0.0,10781.927673936048,10788.506227207103,1026.9183333333333,0.0,1023.9825881866923,1041.9597881866923,0.0,15.041454853359028,1131.322150441615,0.0,0.0,0.0,0.0,0.0,1131.322150441615
2025-02-02,105,17:30,17:40,12,1.0433,1090.1967896984036,1090.1967896984036,0.0,0.0,7.757070513013559,0.0,10788.506227207103,10795.487590668816,1050.86015,0.5959666666666666,1055.712680296501,1082.43971918539,0.0,32.175535852056555,1137.4023106923444,0.0,0.0,0.0,0.0,0.0,1137.4023106923444
2025-02-02,106,17:40,17:50,12,1.143,944.2828735082637,944.2828735082637,0.0,0.0,0.0,0.0,10795.487590668816,10795.487590668816,902.1030666666667,0.0,934.7287997142836,944.2828735082637,0.0,42.17980684159704,1079.3153244199455,0.0,0.0,0.0,0.0,0.0,1079.3153244199455
2025-02-02,107,17:50,18:00,12,1.3075,737.7995833333333,737.7995833333333,0.0,0.0,0.0,13.210000000000036,10795.487590668816,10780.809812891039,680.3766666666667,0.0,736.85525,751.0095833333334,0.0,70.63291666666669,964.6729552083334,0.0,0.0,0.0,0.0,0.0,964.6729552083334
2025-02-02,108,18:00,18:10,18,1.2913,715.3841412964083,715.3841412964083,0.0,0.0,0.0,11.011599805493802,10780.809812891039,10768.574701996045,682.6128333333334,0.04278333333333333,715.3841412964083,726.3957411019021,0.0,43.825691101902066,923.7755416560519,0.0,0.0,0.0,0.0,0.0,923.7755416560519
2025-02-02,109,18:10,18:20,18,1.2583,742.4795191666666,742.4795191666666,0.0,0.0,0.0,9.143335555555609,10768.574701996045,10758.41544026765,745.4169166666667,0.0,742.4795191666666,751.6228547222222,0.0,6.205938055555521,934.2619789674166,0.0,0.0,0.0,0.0,0.0,934.2619789674166
2025-02-02,110,18:20,18:30,18,1.2799,723.6310833333332,723.6310833333332,0.0,0.0,0.0,9.105611111111216,10758.41544026765,10748.298094588637,755.2766666666666,0.0,723.6310833333332,732.7366944444444,22.539972222222218,0.0,926.1754235583333,0.0,0.0,0.0,0.0,144.24455223611108,1070.4199757944443
2025-02-02,111,18:30,18:40,18,1.2635,703.8507314219793,703.8507314219793,0.0,0.0,0.0,8.781217929232866,10748.298094588637,10738.541185778378,754.6055166666666,0.0030666666666666668,703.8507314219793,712.6319493512121,41.970500648787834,0.0,889.3153991516708,0.0,0.0,0.0,0.0,265.14863784871716,1154.464037000388
2025-02-02,112,18:40,18:50,18,1.2481,250.49337483133843,250.49337483133843,0.0,0.0,0.0,481.69298766866154,10738.541185778378,10203.326755035421,737.466,0.0,717.1671441666666,732.1863625,5.279637500000035,0.0,312.6407811269935,0.0,0.0,0.0,0.0,32.94757781875022,345.5883589457437
2025-02-02,113,18:50,19:00,18,1.2611,0.0,0.0,0.0,0.0,0.0,750.0121666666664,10203.326755035421,9369.97990318357,720.6283333333334,0.0,739.5558333333332,750.0121666666664,0.0,29.383833333332973,0.0,0.0,0.0,0.0,0.0,0.0,0.0
2025-02-02,114,19:00,19:10,18,1.2809,0.0,0.0,0.0,0.0,0.0,727.8224274601953,9369.97990318357,8561.288317116687,734.1430166666668,0.00021666666666666666,719.9523830157509,727.8224274601953,6.320372539804794,0.0,0.0,0.0,0.0,0.0,0.0,40.4788259311798,40.4788259311798
2025-02-02,115,19:10,19:20,18,1.2785,0.0,0.0,0.0,0.0,0.0,720.4815802777778,8561.288317116687,7760.753227919156,718.8030333333332,0.0,711.2377102777778,720.4815802777778,0.0,1.6785469444445198,0.0,0.0,0.0,0.0,0.0,0.0,0.0
2025-02-02,116,19:20,19:30,18,1.2632,0.0,0.0,0.0,0.0,0.0,748.7128055555555,7760.753227919156,6928.850110635206,688.355,0.0,729.7561388888889,748.7128055555555,0.0,60.3578055555555,0.0,0.0,0.0,0.0,0.0,0.0,0.0
2025-02-02,117,19:30,19:40,18,1.2665,0.0,0.0,0.0,0.0,0.0,753.6558272222222,6928.850110635206,6091.454747054959,714.8059333333334,0.0,736.4320366666666,753.6558272222222,0.0,38.8498938888888,0.0,0.0,0.0,0.0,0.0,0.0,0.0
2025-02-02,118,19:40,19:50,18,1.254,0.0,0.0,0.0,0.0,0.0,739.6379511111112,6091.454747054959,5269.634801375946,724.8145166666667,0.0,723.42943,739.6379511111112,0.0,14.823434444444501,0.0,0.0,0.0,0.0,0.0,0.0,0.0
2025-02-02,119,19:50,20:00,18,1.2366,0.0,0.0,0.0,0.0,0.0,705.8717222222223,5269.634801375946,4485.332887795699,705.315,0.0,702.2285555555555,705.8717222222223,0.0,0.5567222222222199,0.0,0.0,0.0,0.0,0.0,0.0,0.0
2025-02-02,120,20:00,20:10,18,1.2592,0.0,0.0,0.0,0.0,0.0,711.4980300000002,4485.332887795699,3694.779521129032,714.35385,0.0,694.2334300000001,711.4980300000002,2.855819999999767,0.0,0.0,0.0,0.0,0.0,0.0,17.980242719998532,17.980242719998532
2025-02-02,121,20:10,20:20,18,1.254,0.0,0.0,0.0,0.0,0.0,726.7268986111112,3694.779521129032,2887.3051893389083,707.17605,0.0,715.7048419444445,726.7268986111112,0.0,19.550848611111178,0.0,0.0,0.0,0.0,0.0,0.0,0.0
2025-02-02,122,20:20,20:30,18,1.2362,0.0,0.0,0.0,0.0,0.0,765.4169223494617,2887.3051893389083,2036.8419422839509,689.7199999999999,0.0,745.384138888889,765.4169223494617,0.0,75.69692234946183,0.0,0.0,0.0,0.0,0.0,0.0,0.0
2025-02-02,123,20:30,20:40,18,1.2676,0.0,0.0,0.0,0.0,0.0,750.9535513888891,2036.8419422839509,1202.4491074074074,715.1150166666666,0.0,741.0988347222224,750.9535513888891,0.0,35.83853472222245,0.0,0.0,0.0,0.0,0.0,0.0,0.0
2025-02-02,124,20:40,20:50,18,1.16,721.1204611111112,721.1204611111112,0.0,0.0,0.0,2.2041966666666895,1202.4491074074074,1200.0,719.2343500000001,0.0,721.1204611111112,723.3246577777779,0.0,4.090307777777866,836.499734888889,0.0,0.0,0.0,0.0,0.0,836.499734888889
2025-02-02,125,20:50,21:00,18,0.9655,716.4588217764058,716.4588217764058,0.0,0.0,5.4143217764057,0.0,1200.0,1204.8728895987651,695.3299999999999,0.0,711.0445000000001,711.0445000000001,0.0,15.714500000000157,691.7409924251198,0.0,0.0,0.0,0.0,0.0,691.7409924251198
2025-02-02,126,21:00,21:10,18,0.9396,736.5223222599451,736.5223222599451,0.0,0.0,9.055157537722948,0.0,1204.8728895987651,1213.022531382716,701.5716666666667,0.0,720.1039141666665,727.4671647222222,0.0,25.895498055555436,692.0363739954444,0.0,0.0,0.0,0.0,0.0,692.0363739954444
2025-02-02,127,21:10,21:20,18,0.9423,732.7123608333334,732.7123608333334,0.0,0.0,0.0,0.0,1213.022531382716,1213.022531382716,707.7024666666666,0.0,726.3577413888888,732.7123608333334,0.0,25.009894166666754,690.4348576132501,0.0,0.0,0.0,0.0,0.0,690.4348576132501
2025-02-02,128,21:20,21:30,18,0.9317,735.203361111111,735.203361111111,0.0,0.0,0.0,4.290833333333353,1213.022531382716,1208.2549387901233,707.6866666666666,0.0,735.203361111111,739.4941944444444,0.0,31.80752777777775,684.9889715472221,0.0,0.0,0.0,0.0,0.0,684.9889715472221
2025-02-02,129,21:30,21:40,18,0.9705,757.9360436111111,757.9360436111111,0.0,0.0,0.0,5.828036666666662,1208.2549387901233,1201.779342493827,718.29075,0.0,757.9360436111111,763.7640802777778,0.0,45.47333027777779,735.5769303245834,0.0,0.0,0.0,0.0,0.0,735.5769303245834
2025-02-02,130,21:40,21:50,18,0.76,696.05557,699.0328984222224,2.9773284222223992,0.0,0.0,1.6014082444443147,1201.779342493827,1200.0,663.7065,0.0,696.05557,700.6343066666667,0.0,36.9278066666667,529.0022332,3.3941544013335356,0.0,0.0,3.3941544013335356,0.0,532.3963876013335
2025-02-02,131,21:50,22:00,18,0.4122,587.3316111111113,587.3316111111113,0.0,0.0,0.0,0.0,1200.0,1200.0,566.7516666666667,0.0,577.4769444444445,587.3316111111113,0.0,20.579944444444664,242.0980901000001,0.0,0.0,0.0,0.0,0.0,242.0980901000001
2025-02-02,132,22:00,22:10,18,0.3735,689.3892660562412,689.3892660562412,0.0,0.0,135.70089327846347,0.0,1200.0,1322.130803950617,536.4216666666667,0.0,537.9656638888889,553.6883727777778,0.0,17.266706111111034,257.4868908720061,0.0,0.0,0.0,0.0,0.0,257.4868908720061
2025-02-02,133,22:10,22:20,18,0.4258,543.365927222222,543.365927222222,0.0,0.0,0.0,0.0,1322.130803950617,1322.130803950617,538.9398166666666,0.0,530.7696105555555,543.365927222222,0.0,4.426110555555397,231.36521181122214,0.0,0.0,0.0,0.0,0.0,231.36521181122214
2025-02-02,134,22:20,22:30,18,0.4236,543.4471111111112,543.4471111111112,0.0,0.0,-0.0,0.0,1322.130803950617,1322.130803950617,541.5966666666667,0.0,531.810388888889,543.4471111111112,0.0,1.8504444444445198,230.20419626666668,0.0,0.0,0.0,0.0,0.0,230.20419626666668
2025-02-02,135,22:30,22:40,18,0.4363,572.2346197085047,572.2346197085047,0.0,0.0,0.0,4.613412235939677,1322.130803950617,1317.0047903551285,546.5506666666666,0.0,566.3204819444444,576.8480319444444,0.0,30.29736527777777,249.66596457882062,0.0,0.0,0.0,0.0,0.0,249.66596457882062
2025-02-02,136,22:40,22:50,18,0.4193,579.9557308333333,579.9557308333333,0.0,0.0,0.0,7.277899722222287,1317.0047903551285,1308.918235108215,543.9407,0.0,579.9557308333333,587.2336305555556,0.0,43.292930555555586,243.17543793841665,0.0,0.0,0.0,0.0,0.0,243.17543793841665
2025-02-02,137,22:50,23:00,18,0.3873,569.8965833333333,569.8965833333333,0.0,0.0,0.0,9.933111111110975,1308.918235108215,1297.8814449847582,541.5416666666666,0.0,569.8965833333333,579.8296944444443,0.0,38.28802777777764,220.72094672499998,0.0,0.0,0.0,0.0,0.0,220.72094672499998
2025-02-02,138,23:00,23:10,18,0.4093,584.021127188889,584.021127188889,0.0,0.0,0.0,7.925173922222029,1297.8814449847582,1289.0756961822892,556.7465333333333,0.0,583.475946111111,591.946301111111,0.0,35.19976777777765,239.03984735841226,0.0,0.0,0.0,0.0,0.0,239.03984735841226
2025-02-02,139,23:10,23:20,18,0.4166,582.4702325,582.4702325,0.0,0.0,0.0,13.841245752949566,1289.0756961822892,1273.6965342345675,562.4285333333333,0.0,582.4702325,596.3114782529495,0.0,33.88294491961619,242.6570988595,0.0,0.0,0.0,0.0,0.0,242.6570988595
2025-02-02,140,23:20,23:30,18,0.4029,565.302111111111,565.302111111111,0.0,0.0,0.0,7.218333333333362,1273.6965342345675,1265.6761638641972,548.4583333333334,0.0,565.302111111111,572.5204444444444,0.0,24.062111111110994,227.76022056666662,0.0,0.0,0.0,0.0,0.0,227.76022056666662
2025-02-02,141,23:30,23:40,18,0.4308,573.9987216666667,573.9987216666667,0.0,0.0,0.0,7.372600000000034,1265.6761638641972,1257.4843860864194,537.1479166666667,0.0,573.9987216666667,581.3713216666667,0.0,44.22340500000007,247.27864929400002,0.0,0.0,0.0,0.0,0.0,247.27864929400002
2025-02-02,142,23:40,23:50,18,0.4514,590.2715,590.2715,0.0,0.0,0.0,1.5559341666665887,1257.4843860864194,1255.7555703456787,563.8254499999999,0.0,590.2715,591.8274341666665,0.0,28.001984166666603,266.44855509999996,0.0,0.0,0.0,0.0,0.0,266.44855509999996
2025-02-02,143,23:50,24:00,18,0.4406,554.3756811333335,554.3756811333335,0.0,0.0,0.0,50.18001331111088,1255.7555703456787,1200.0,591.3766666666667,0.0,593.3182777777778,604.5556944444444,0.0,13.17902777777772,244.25792510734672,0.0,0.0,0.0,0.0,0.0,244.25792510734672
