日期,模型,计划购电费_元,紧急购电费_元,实际总成本_元,计划购电量_kWh,紧急购电量_kWh,紧急购电次数,弃电量_kWh,期初储能_kWh,期末储能_kWh,CVaR紧急成本_元,净负荷RMSE_kWh,净负荷MAE_kWh,80分位覆盖率,季度
2025-02-01,GBDT分位数主模型,25102.791832616538,140.00005620196725,25242.791888818505,46480.605421153276,32.25575593424355,3,13369.425740517818,6000.0,1200.0,1062.3719808374117,68.89890208933599,57.04039816243921,0.9583333333333334,Q1
2025-02-02,GBDT分位数主模型,63172.81130306129,54.68343183067577,63227.49473489197,98582.04432720301,16.0826780458583,2,15381.979770678201,1200.0,1200.0,3228.5387332584323,99.38625117729136,77.13674654147908,0.9513888888888888,Q1
2025-02-03,GBDT分位数主模型,62091.14470338669,35.56481690362854,62126.70952029032,96995.03827722953,6.671450398954562,2,11949.859551683763,1200.0,1200.0,3338.7688994406644,67.51419806305381,51.0159124704874,0.9027777777777778,Q1
2025-02-04,GBDT分位数主模型,61935.386241664964,146.59526619669504,62081.98150786166,96782.55416411307,61.887449453261524,4,10814.82617294628,1200.0,1200.0,4510.934456741869,55.17152419145548,47.45098683321372,0.9166666666666666,Q1
2025-02-05,GBDT分位数主模型,54970.62250460257,3540.6053489476953,58511.22785355027,87627.33214699321,950.1015022995957,42,3181.8935652447835,1200.0,1200.0,3701.8477052636563,39.402862655413784,27.642478338644608,0.7708333333333334,Q1
2025-02-06,GBDT分位数主模型,55746.69691717427,2164.6320856768034,57911.32900285107,88543.73166062727,624.7173298430596,39,4179.05844047034,1200.0,1200.0,3917.6918643495014,32.99928164150209,25.43175262663581,0.8263888888888888,Q1
2025-02-07,GBDT分位数主模型,25562.915277023174,221.22051512833056,25784.135792151505,49117.45863930716,51.60334991176421,4,13304.966876231958,1200.0,1200.0,1269.7246554952571,94.37630068665906,59.09814508410435,0.9444444444444444,Q1
2025-02-08,GBDT分位数主模型,23081.666174205788,1051.4422508326434,24133.10842503843,44722.03192450816,250.766732976101,20,9539.597448594992,1200.0,1200.0,1223.3465950008003,50.016076756984255,36.99474812733834,0.8402777777777778,Q1
2025-02-09,GBDT分位数主模型,53958.47340385908,5021.314679381478,58979.788083240564,86183.68820556457,1405.5247511064035,52,3354.384357351182,1200.0,1200.0,2197.7794769872253,44.98990703589241,29.464287273119787,0.5208333333333334,Q1
2025-02-10,GBDT分位数主模型,53058.33969884464,2405.0336888768215,55463.37338772146,85083.18304279979,594.0289636064686,37,6697.045590065105,1200.0,1200.0,3059.403069358544,48.19100078082306,33.59606175445466,0.875,Q1
2025-02-11,GBDT分位数主模型,55049.73905483911,1362.455435697916,56412.194490537026,87829.98664305394,316.67663842840955,26,8207.732814815692,1200.0,1200.0,2806.003808831611,50.37483436961305,35.571496567123596,0.9097222222222222,Q1
2025-02-12,GBDT分位数主模型,54775.00948941914,2190.4325179382295,56965.44200735737,87285.96951744711,530.2748936406883,34,7831.174944421149,1200.0,1200.0,2046.0636586565793,49.82208278898991,33.985887468877124,0.8680555555555556,Q1
2025-02-13,GBDT分位数主模型,54287.86031244198,1774.9745580199872,56062.83487046197,86569.62987944453,501.20930837781214,31,11099.920101048743,1200.0,1200.0,2172.8357075227655,79.59103833813406,52.935205006662486,0.8611111111111112,Q1
2025-02-14,GBDT分位数主模型,24402.13954106966,205.36435828155606,24607.503899351217,47109.27240228263,42.86550462857576,5,13436.466879349146,1200.0,1200.0,1340.480932225605,79.77901468633712,56.03346370434608,0.9236111111111112,Q1
2025-02-15,GBDT分位数主模型,20996.66406104705,1556.8510013824093,22553.51506242946,40507.67565790472,449.87334911172377,30,7977.738798247268,1200.0,1200.0,1894.3724929237683,41.856168701827016,31.762897162520048,0.875,Q1
2025-02-16,GBDT分位数主模型,51518.01741606077,6223.170732398497,57741.18814845927,82171.18158425544,2019.8940312854984,58,4100.006022891617,1200.0,1200.0,4365.886724611415,56.63085841887731,41.292733226290544,0.5694444444444444,Q1
2025-02-17,GBDT分位数主模型,51839.10578647998,1550.1153167752104,53389.22110325519,82983.12216331411,484.30908000551597,34,7620.233177703545,1200.0,1200.0,2898.2203926120446,44.19630789565283,32.15460413702859,0.7291666666666666,Q1
2025-02-18,GBDT分位数主模型,51029.916288675464,2431.3993242024153,53461.31561287788,81723.35629772136,667.145364255199,42,5762.318427989497,1200.0,1200.0,2722.990465769519,39.40895454783469,29.014694533894993,0.7083333333333334,Q1
2025-02-19,GBDT分位数主模型,52188.302236321586,2569.0923990131096,54757.3946353347,83505.71696485479,810.0625307095703,43,6718.118778897688,1200.0,1200.0,3247.1118842675974,49.79923909782904,35.10172982263626,0.6875,Q1
2025-02-20,GBDT分位数主模型,51707.99765978403,2934.9355890349025,54642.93324881893,82795.98648059924,809.8481413555617,44,7950.783310344492,1200.0,1200.0,3630.7721161478494,55.2372930779285,39.37024485622706,0.7361111111111112,Q1
2025-02-21,GBDT分位数主模型,20712.667594776005,1697.6371663336413,22410.304761109648,40037.060125266624,518.8396017759312,31,11159.144449122234,1200.0,1200.0,1296.5876197228822,58.045490438038435,42.25370101111977,0.8055555555555556,Q1
2025-02-22,GBDT分位数主模型,19559.31598045479,2583.65406186019,22142.97004231498,37934.15172111431,754.3209259798175,34,7145.8901732133945,1200.0,1200.0,2205.150140831575,43.21228019486235,33.104099535564586,0.8611111111111112,Q1
2025-02-23,GBDT分位数主模型,50866.45162357561,3575.456915250994,54441.9085388266,81829.94832783027,1049.0811467612812,52,6745.522172201329,1200.0,1200.0,3912.0423388128957,46.81828141911892,34.90004760292907,0.6805555555555556,Q1
2025-02-24,GBDT分位数主模型,48414.79040686741,3279.3431647764683,51694.13357164388,78396.47111485137,771.4964856115374,36,6358.846221646396,1200.0,1200.0,3033.9234759997667,34.95367594225747,26.786651740079524,0.75,Q1
2025-02-25,GBDT分位数主模型,49911.514962371955,2115.3537531407055,52026.86871551266,80496.10410201973,639.8729078114211,31,10694.713673047423,1200.0,1200.0,2461.8619276984605,69.83793124071926,45.24837243064829,0.75,Q1
2025-02-26,GBDT分位数主模型,47908.18201639183,3420.448521566729,51328.63053795856,77392.45280956182,968.3490663081366,47,5043.00484566372,1200.0,1200.0,3313.6311456996964,42.54151286201399,32.613206113557226,0.6944444444444444,Q1
2025-02-27,GBDT分位数主模型,47530.02584563042,2302.0017836736556,49832.02762930408,76647.06333118863,491.01215663530786,29,5727.54168336697,1200.0,1200.0,3427.0322012611314,41.69650874927668,29.411104246351286,0.75,Q1
2025-02-28,GBDT分位数主模型,19599.483549487966,1354.9079087575456,20954.39145824551,37839.603620424416,437.04613365586096,27,11328.416100868904,1200.0,1200.0,1808.170738211227,57.343870829194735,38.92160810326513,0.8333333333333334,Q1
2025-03-01,GBDT分位数主模型,19462.711605530967,908.5114622512714,20371.223067782237,37112.735808560145,188.24237213145096,13,10098.420164739817,1200.0,1200.0,1591.3710932648407,58.13939206273008,43.31524360338709,0.9305555555555556,Q1
2025-03-02,GBDT分位数主模型,48055.509777290696,14728.950106575285,62784.45988386598,77823.1826544952,3810.3369139244523,50,4888.780236053557,1200.0,1200.0,3295.786879909467,97.13024566729366,58.155064489812425,0.6111111111111112,Q1
2025-03-03,GBDT分位数主模型,46730.14449757054,12217.167274265634,58947.311771836175,75889.53394396641,3108.1426808338556,68,2574.572447995295,1200.0,1200.0,2312.71515958727,98.35946445000289,68.88776529033319,0.4930555555555556,Q1
2025-03-04,GBDT分位数主模型,47101.00049905813,3873.8780042596654,50974.87850331779,76356.15387711028,1365.2563854041648,46,4086.2956096546677,1200.0,1200.0,2795.07749618302,61.35152215043283,42.7164347861836,0.625,Q1
2025-03-05,GBDT分位数主模型,47184.40497028543,2582.5903799316457,49766.995350217076,76299.89197041337,758.4566546145626,30,6489.587672461475,1200.0,1200.0,2831.467563197103,52.00697828013474,34.657444105825796,0.7847222222222222,Q1
2025-03-06,GBDT分位数主模型,46495.817492947186,4219.329922544777,50715.14741549196,75101.07030192245,1250.9167509676722,43,6026.453322743426,1200.0,1200.0,2578.225888339547,59.71317250658872,42.766295936190296,0.7013888888888888,Q1
2025-03-07,GBDT分位数主模型,18701.718948250113,2007.1067977254443,20708.825745975555,35948.44393073406,538.7063823069705,19,12073.032789222503,1200.0,1200.0,1254.653511740394,70.30161598085655,51.87420384573633,0.8888888888888888,Q1
2025-03-08,GBDT分位数主模型,18417.20872042427,381.0874993773539,18798.296219801625,35253.678389609464,120.87785832150632,9,12909.200083194472,1200.0,1200.0,2106.6233147567978,59.47253843651604,41.27287666050539,0.9166666666666666,Q1
2025-03-09,GBDT分位数主模型,47157.578766165956,951.989984928921,48109.56875109488,76342.81968082325,325.3398035557218,27,8910.970722746482,1200.0,1200.0,4307.6795882296665,64.66273742672742,35.861182388797516,0.7986111111111112,Q1
2025-03-10,GBDT分位数主模型,45716.23728988151,7385.865098773389,53102.102388654894,74036.29206213477,2700.743628162814,52,4267.5750630408875,1200.0,1200.0,3741.7648860991767,76.61896267199906,48.211410638199936,0.6180555555555556,Q1
2025-03-11,GBDT分位数主模型,44642.65590346259,4165.3373262764635,48807.993229739055,72789.78667303796,1190.974647630919,42,5679.191297478301,1200.0,1200.0,1692.4136411235181,63.20429559995831,45.05417060347176,0.7152777777777778,Q1
2025-03-12,GBDT分位数主模型,44336.72786059279,2205.5644137946324,46542.29227438742,72441.2122576333,769.0058480691704,39,6490.021623410132,1200.0,1200.0,1680.733166006111,36.82831101005014,29.064395299086048,0.7222222222222222,Q1
2025-03-13,GBDT分位数主模型,43222.563426824854,16471.805492707746,59694.3689195326,70353.77365829439,5082.633155777747,64,3560.4623831285794,1200.0,1200.0,3075.001837831974,119.44361439297971,70.36677020603128,0.5069444444444444,Q1
2025-03-14,GBDT分位数主模型,17986.650569317582,1584.031325093625,19570.681894411206,34209.82813824175,479.13141427854333,27,15328.39388554847,1200.0,1200.0,1059.2512568798065,91.03778732466071,60.448308387666735,0.8958333333333334,Q1
2025-03-15,GBDT分位数主模型,18367.53555516246,2064.918712732182,20432.45426789464,35734.63796571959,658.8511041139034,34,12274.01828321709,1200.0,1200.0,2758.1189826353893,66.04210448459348,46.381333022490935,0.8194444444444444,Q1
2025-03-16,GBDT分位数主模型,44633.47007733217,3678.50943176745,48311.97950909962,73102.01594617158,1078.073869795357,53,6409.630091042314,1200.0,1200.0,4932.63589006913,53.72978930244152,36.476306370382176,0.7083333333333334,Q1
2025-03-17,GBDT分位数主模型,46116.05549097518,1765.7551287104848,47881.81061968567,75801.41732723496,435.120517068588,28,13974.231915574997,1200.0,1200.0,4663.623518514429,102.95819895464778,62.10884876834153,0.8819444444444444,Q1
2025-03-18,GBDT分位数主模型,45872.56457568453,777.0801543823866,46649.64473006692,75235.14366275878,290.74020607837815,23,9998.25883550383,1200.0,1200.0,4240.294757606304,67.96978874737597,43.845696711746236,0.8472222222222222,Q1
2025-03-19,GBDT分位数主模型,45305.18927008122,1090.2731870477473,46395.46245712896,74327.32628004882,290.9818258711638,21,10739.376325636671,1200.0,1200.0,2511.673750787864,69.66763795946238,43.717905231117484,0.8958333333333334,Q1
2025-03-20,GBDT分位数主模型,45921.168520752166,2409.432243111298,48330.60076386346,75690.60285992522,647.9833795095929,32,9730.072568508385,1200.0,1200.0,1651.9158407708833,73.15357889318618,46.468726256499224,0.6944444444444444,Q1
2025-03-21,GBDT分位数主模型,17492.579625512928,789.758626685252,18282.33825219818,33791.77252302847,316.7739740236783,22,18956.661471621737,1200.0,1200.0,1237.6410529417178,132.1625069942072,85.25840855580196,0.875,Q1
2025-03-22,GBDT分位数主模型,18422.358686903906,547.862374261422,18970.221061165328,35809.92249299047,241.72267327614796,17,17088.53862094017,1200.0,1200.0,1202.703479843677,111.51140130841728,68.96657644169514,0.9444444444444444,Q1
2025-03-23,GBDT分位数主模型,44418.32000877696,2590.1003083635087,47008.420317140466,73219.02210817077,655.1066247877897,33,10736.100398417759,1200.0,1200.0,3539.5388291356685,70.75926888042068,46.041439052271954,0.7638888888888888,Q1
2025-03-24,GBDT分位数主模型,44140.09760154818,2132.0201810050103,46272.11778255319,72486.50765865791,689.3998856388109,28,10900.53448359239,1200.0,1200.0,3141.572506601261,81.60599522014873,51.33033382951564,0.7916666666666666,Q1
2025-03-25,GBDT分位数主模型,43874.807187082115,1889.1623181841787,45763.969505266294,71960.59503029156,607.8921690365945,38,7318.743104435376,1200.0,1200.0,2962.9297061438424,60.223562345189094,41.858904414515536,0.7361111111111112,Q1
2025-03-26,GBDT分位数主模型,43311.63211615497,815.9375600570104,44127.569676211984,71302.7226438756,330.6791231007563,26,11793.412254284094,1200.0,1200.0,3190.153166528724,83.16969803430516,48.26940060381191,0.8472222222222222,Q1
2025-03-27,GBDT分位数主模型,44150.74032350164,2002.9666279267346,46153.70695142837,72698.44295556276,690.1759370119499,34,10259.751515099373,1200.0,1200.0,4342.695206797437,70.56732963475044,42.51074206046161,0.7986111111111112,Q1
2025-03-28,GBDT分位数主模型,17244.545186050666,852.2048202085037,18096.750006259168,32959.503552253256,309.502459092008,16,19392.529916606072,1200.0,1200.0,1583.881302394366,143.78567286801774,88.65840693124801,0.9236111111111112,Q1
2025-03-29,GBDT分位数主模型,16539.315458723533,827.5218547367533,17366.837313460288,31784.36762571512,276.4442570923534,16,21396.026075776797,1200.0,1200.0,845.0696735636119,104.02393608730983,68.92493806618293,0.8958333333333334,Q1
2025-03-30,GBDT分位数主模型,41121.36544298634,1137.351241044411,42258.71668403075,68522.60904407951,412.1211184341215,27,9452.546655963699,1200.0,1200.0,3239.5721961332138,66.79772817043734,41.012468801179494,0.8055555555555556,Q1
2025-03-31,GBDT分位数主模型,40664.389516310286,2000.362254237753,42664.75177054804,67515.13600425115,557.8553887204541,30,6959.939187359228,1200.0,1200.0,2632.549382938299,50.06572225250288,35.10846058292387,0.7708333333333334,Q1
2025-04-01,GBDT分位数主模型,41967.63539421222,4737.371959771122,46705.00735398335,69333.19352897585,1461.5247704409167,51,6438.160019068793,1200.0,1200.0,2155.204612873328,63.11676743305544,43.90853512888581,0.6527777777777778,Q2
2025-04-02,GBDT分位数主模型,39642.13156483982,9839.551526410472,49481.68309125029,66136.33596979901,2597.8601666258146,50,4148.626416290055,1200.0,1200.0,1042.6275269271573,92.75565355211803,55.2896053640555,0.5833333333333334,Q2
2025-04-03,GBDT分位数主模型,40543.065908755234,1695.560595834018,42238.62650458925,67511.80084732524,423.14356043226013,25,7908.864215104279,1200.0,1200.0,1113.8859215253603,47.881024512433015,33.42171062680299,0.75,Q2
2025-04-04,GBDT分位数主模型,15550.784598302984,670.6516296534928,16221.436227956478,30242.258882483155,253.2566916138677,15,21232.93380773683,1200.0,1200.0,539.8386129905344,72.37058596137092,46.27841968834417,0.8958333333333334,Q2
2025-04-05,GBDT分位数主模型,15521.458985937297,2583.515322337631,18104.974308274926,30222.827952386226,737.6136102978838,29,16139.926119010204,1200.0,1200.0,420.8832955947282,52.62828418834439,36.035655178458086,0.8055555555555556,Q2
2025-04-06,GBDT分位数主模型,38318.72002611167,2903.7120015567734,41222.43202766844,64036.32161763675,816.8573245255686,35,6309.725852648711,1200.0,1200.0,2353.9724992732245,43.317056044806705,31.925464927506077,0.7430555555555556,Q2
2025-04-07,GBDT分位数主模型,39776.651150110934,682.1341270743865,40458.78527718532,66699.11140056534,285.14690516551013,19,9543.141449035451,1200.0,1200.0,911.4533725176364,56.3174056450982,34.26303123769455,0.8333333333333334,Q2
2025-04-08,GBDT分位数主模型,40071.03326587324,2103.681399836839,42174.714665710075,67517.92381754324,510.50476595854667,39,9578.386711542564,1200.0,1200.0,2450.7231795756247,84.18048232553355,51.75022217098599,0.7222222222222222,Q2
2025-04-09,GBDT分位数主模型,39829.0889055093,3453.0603293902595,43282.14923489956,66736.21944937989,953.9951338932738,41,4481.067744419073,1200.0,1200.0,1409.2987191327165,69.19980248262797,47.49147057910285,0.6944444444444444,Q2
2025-04-10,GBDT分位数主模型,39295.20781898918,2320.8486234565967,41616.05644244578,65823.84640387786,587.8332693725874,38,7863.021647729542,1200.0,1200.0,1633.5021191292499,57.098832208761614,39.08655686651698,0.7222222222222222,Q2
2025-04-11,GBDT分位数主模型,15072.007948625796,1341.291528668487,16413.299477294284,29852.86956488163,428.10750447500715,23,22141.374612401545,1200.0,1200.0,495.08071151038257,68.59494561380217,45.64866661693294,0.8611111111111112,Q2
2025-04-12,GBDT分位数主模型,15031.776549640956,785.4414928166228,15817.218042457578,29519.30887997931,197.46279087225668,15,17947.28686428947,1200.0,1200.0,720.2838426179694,37.98107630508512,28.628258492083773,0.9583333333333334,Q2
2025-04-13,GBDT分位数主模型,37268.999728228235,4091.375931903162,41360.375660131394,62507.435688978934,1196.577529824859,38,5323.982237506253,1200.0,1200.0,4426.232454685158,58.24886266754813,43.43270503102002,0.6666666666666666,Q2
2025-04-14,GBDT分位数主模型,36788.98611577998,4896.111153433467,41685.09726921345,61756.335055002535,1159.5322810283765,40,6458.619304091806,1200.0,1200.0,1035.3635454452576,59.668727288554024,41.34761960351042,0.6944444444444444,Q2
2025-04-15,GBDT分位数主模型,37805.2879880314,2286.687370596208,40091.975358627606,63370.66286138262,544.246705783395,23,9647.674790855106,1200.0,1200.0,1342.0145871754928,67.64276237052546,46.952586011764545,0.875,Q2
2025-04-16,GBDT分位数主模型,38616.49052713583,1865.512382029931,40482.00290916576,65203.503824353924,566.9194102100254,30,5875.145805854496,1200.0,1200.0,1311.9741129158251,39.83504994865467,28.524199291096416,0.8055555555555556,Q2
2025-04-17,GBDT分位数主模型,36812.60826505443,2832.6520968379373,39645.26036189236,61674.19593597913,770.7498780589581,37,5518.650701568395,1200.0,1200.0,3724.716215721612,41.902867142115014,29.52388128520924,0.875,Q2
2025-04-18,GBDT分位数主模型,14413.630547366996,1705.8682689152702,16119.498816282266,28780.175001790267,552.1999050386958,21,20253.47604911807,1200.0,1200.0,462.96896623046393,42.11831367560935,29.89677856963887,0.8888888888888888,Q2
2025-04-19,GBDT分位数主模型,14400.31155658833,1292.3802726375202,15692.69182922585,28448.14254728014,418.78528660917914,19,19451.986151291174,1200.0,1200.0,516.7689891215796,51.74475861844277,38.70924934773866,0.8611111111111112,Q2
2025-04-20,GBDT分位数主模型,35447.41173221819,6122.353745178438,41569.76547739663,59958.97851177388,1425.6988601926641,40,5514.504988076926,1200.0,1200.0,1306.8783320356886,57.17309077784993,36.63051513543775,0.7569444444444444,Q2
2025-04-21,GBDT分位数主模型,34954.40145252907,1530.6634828220108,36485.06493535108,59244.00535337076,467.1695627222307,35,7323.68712031905,1200.0,1200.0,1035.8647150089687,58.795552130385005,37.82539650779482,0.8055555555555556,Q2
2025-04-22,GBDT分位数主模型,35380.03044532031,4470.008463944681,39850.03890926499,59503.7519122563,1540.693413305439,42,5021.732103496431,1200.0,1200.0,1671.9144359939805,61.83876328856428,38.61172073947929,0.7777777777777778,Q2
2025-04-23,GBDT分位数主模型,36293.30699356375,1669.3172757954571,37962.62426935921,61410.568918320874,444.1211831953836,33,6588.446235696396,1200.0,1200.0,850.3485380013614,42.93080704306787,32.839327466049795,0.8402777777777778,Q2
2025-04-24,GBDT分位数主模型,35348.63072143801,2142.9148452372538,37491.54556667526,59378.68756369538,743.3455057217787,30,9173.25521860183,1200.0,1200.0,1681.6209217281942,72.47801931131758,47.3901733352765,0.8611111111111112,Q2
2025-04-25,GBDT分位数主模型,13867.795157774206,335.339709149534,14203.13486692374,27865.297645851533,138.9044176043002,11,23362.35062663024,1200.0,1200.0,606.5079298939403,47.59168651051878,34.28703867151109,0.9097222222222222,Q2
2025-04-26,GBDT分位数主模型,13695.745738593745,1492.3260959973363,15188.071834591081,27466.40360509506,464.2624404306596,25,25297.513880231905,1200.0,1200.0,732.480363817042,100.24730400776716,60.40596345469786,0.8888888888888888,Q2
2025-04-27,GBDT分位数主模型,34601.93435429064,4328.82646562242,38930.76081991306,58615.39948491046,1137.1096596174161,34,7318.204442369606,1200.0,1200.0,1505.8064433719057,58.36211621912614,40.4619582346383,0.7638888888888888,Q2
2025-04-28,GBDT分位数主模型,33878.02544482723,18798.79874555974,52676.82419038697,57511.808127237164,5029.143012557588,70,2299.4825426315383,1200.0,1200.0,1638.6047196037455,114.20844123553996,77.07226969099253,0.5416666666666666,Q2
2025-04-29,GBDT分位数主模型,34976.70301805415,4849.999651344601,39826.70266939875,59516.309091070005,1113.6864144054366,31,9562.269927517249,1200.0,1200.0,1638.6047196037448,59.97027900613814,40.837333941604,0.8263888888888888,Q2
2025-04-30,GBDT分位数主模型,35938.95792135816,1286.6817388502634,37225.63966020842,61841.680096016295,409.1427744466033,22,10086.738254908714,1200.0,1200.0,1317.9486383927713,52.60969752157193,37.5629159709014,0.8402777777777778,Q2
2025-05-01,GBDT分位数主模型,32921.79444437211,17873.364342937406,50795.15878730952,55570.708767638054,3890.1452530766433,80,4647.750308676631,1200.0,1200.0,1111.6757633401835,69.39836464573011,58.2141540052024,0.4583333333333333,Q2
2025-05-02,GBDT分位数主模型,12906.428348561685,24016.712368702,36923.14071726368,26476.368378305007,5380.559745072797,78,15055.513189039399,1200.0,1200.0,557.1188682453569,112.45185343989108,87.21589855045914,0.5,Q2
2025-05-03,GBDT分位数主模型,13044.344489466668,12466.801303559962,25511.14579302663,26712.325285678085,2663.163785906364,58,17988.75081728852,1200.0,1200.0,582.29853965228,61.43379449177094,49.466511606099026,0.625,Q2
2025-05-04,GBDT分位数主模型,34308.6534707637,14389.32157421799,48697.975044981686,57684.12655120606,3763.2713294772975,76,5883.985153752499,1200.0,1200.0,1284.2315477813827,83.52481432014778,60.49086204647696,0.4375,Q2
2025-05-05,GBDT分位数主模型,35392.93053019378,17187.66846624419,52580.59899643797,60188.25305885474,3882.8737348751433,77,5244.11076271926,1200.0,1200.0,1284.231547781382,82.97792162907056,64.11597242778639,0.4375,Q2
2025-05-06,GBDT分位数主模型,34852.76355599795,13360.18405285661,48212.94760885456,57109.93043646932,3202.7135160042344,66,3767.967542965418,1200.0,1200.0,1452.6754551480346,76.1685910287233,55.16952365366785,0.4583333333333333,Q2
2025-05-07,GBDT分位数主模型,33933.21130236843,22877.81914594526,56811.030448313686,57471.23554258664,4991.035811322274,88,3844.9006303950237,1200.0,1200.0,1974.7053310328197,85.089629769629,68.09036588936732,0.4027777777777778,Q2
2025-05-08,GBDT分位数主模型,35400.0486910813,17310.48641984258,52710.535110923876,58054.4719195557,4318.763645732318,65,2796.932253234892,1200.0,1200.0,959.8824793408505,113.77062166327565,80.39075693384181,0.4027777777777778,Q2
2025-05-09,GBDT分位数主模型,13920.13889482206,6418.142533942468,20338.281428764527,27579.71015597952,1386.8187504247437,42,17996.38230817567,1200.0,1200.0,738.0996465604941,66.25031282683642,47.398224943771474,0.7152777777777778,Q2
2025-05-10,GBDT分位数主模型,16993.715854212234,2630.2815352385733,19623.997389450808,31600.833455110493,593.2155687513922,17,17564.25579678484,1200.0,1200.0,524.1816832290467,68.89115368164474,49.39852914337149,0.875,Q2
2025-05-11,GBDT分位数主模型,38336.0362510922,9574.263088320204,47910.299339412406,62120.89966001519,2308.347441755278,46,5296.051250366687,1200.0,1200.0,848.7538169267788,87.08130634780369,56.01705350267995,0.7222222222222222,Q2
2025-05-12,GBDT分位数主模型,40411.915138827,2826.618806870669,43238.533945697665,66510.91325574927,1029.8650644884738,28,11530.616468914926,1200.0,1200.0,2200.1148426297023,79.97928841244297,56.86555567499282,0.8680555555555556,Q2
2025-05-13,GBDT分位数主模型,39151.55535207306,3646.928370838772,42798.483722911835,63891.29639755663,1083.793899640212,20,7844.887939348818,1200.0,1200.0,1115.9695730395638,63.76588736635525,44.1952730122022,0.8194444444444444,Q2
2025-05-14,GBDT分位数主模型,39396.729658534794,1376.4274557136982,40773.15711424849,64918.51111162396,359.9402508085624,18,8388.844440601766,1200.0,1200.0,1471.5678553554935,44.52855035668618,32.57598352288667,0.8958333333333334,Q2
2025-05-15,GBDT分位数主模型,39453.55138373765,2284.9576733405065,41738.509057078154,64528.910470589115,629.6562562086451,18,8444.116805775786,1200.0,1200.0,753.3449514742297,49.59565612622885,37.7034721417212,0.8472222222222222,Q2
2025-05-16,GBDT分位数主模型,17416.81983391016,356.1841081394039,17773.003942049563,31851.577891422916,120.63689469645561,6,26684.245561483523,1200.0,1200.0,702.8661481737988,106.15323478122924,75.98636941658545,0.9791666666666666,Q2
2025-05-17,GBDT分位数主模型,17097.101979001367,1567.5001454903436,18664.60212449171,31552.98501858355,451.8121694816121,21,18986.089752954682,1200.0,1200.0,717.9359901532113,65.16684144551832,48.86693755411041,0.9513888888888888,Q2
2025-05-18,GBDT分位数主模型,38844.86778987631,2524.4801264494135,41369.34791632573,64191.91933038288,798.6348336585471,28,7531.723864090023,1200.0,1200.0,1000.2457266332534,67.30147987373147,44.82906302204818,0.7777777777777778,Q2
2025-05-19,GBDT分位数主模型,39312.455647166884,119.86673547682207,39432.3223826437,63639.57960114975,34.62169515411415,4,12416.937727006642,1200.0,1200.0,2624.041014501774,63.19320034760831,40.26197471838306,0.9513888888888888,Q2
2025-05-20,GBDT分位数主模型,39663.1437985138,6060.244563971766,45723.388362485566,64581.64127446884,1795.8424982141628,25,7899.7553192789655,1200.0,1200.0,2470.771762942751,74.82402096147581,47.48749357323952,0.8194444444444444,Q2
2025-05-21,GBDT分位数主模型,38164.786895788486,4249.680472575904,42414.46736836439,63843.606242678215,1138.5084119143385,33,9707.118610765265,1200.0,1200.0,4469.317108699138,67.61947496642325,47.81526840904769,0.8472222222222222,Q2
2025-05-22,GBDT分位数主模型,37854.2932403741,1769.2299607581213,39623.52320113222,62648.34051767122,438.69843460250956,20,8415.356602632084,1200.0,1200.0,6810.743812995562,36.55621451146993,29.420323930494103,0.9444444444444444,Q2
2025-05-23,GBDT分位数主模型,15201.732803270941,2838.264788027422,18039.997591298365,29288.539629440224,636.4653368347813,24,21105.79018111422,1200.0,1200.0,901.4415253853273,67.11746587782852,50.74348668812317,0.9652777777777778,Q2
2025-05-24,GBDT分位数主模型,16616.097499160158,217.0085808223327,16833.10607998249,30212.181862363213,70.79949251923443,8,24176.366525134006,1200.0,1200.0,706.5491477475391,97.45728765891653,59.361035883918845,0.9236111111111112,Q2
2025-05-25,GBDT分位数主模型,38385.38595998861,2966.1296265374413,41351.51558652605,64033.154224554775,681.3688951970196,26,12214.254751957389,1200.0,1200.0,3786.920151851341,61.37170538538643,41.04517352835215,0.8541666666666666,Q2
2025-05-26,GBDT分位数主模型,38009.10856838117,6191.294916895403,44200.40348527657,63120.36847595591,1754.5250644331802,41,6481.1034933097835,1200.0,1200.0,3786.9201518513414,71.73590651881722,48.2475411941474,0.7708333333333334,Q2
2025-05-27,GBDT分位数主模型,37815.02105977672,1009.3872092112501,38824.40826898797,62849.077996187814,302.79190654529293,21,10066.671062923746,1200.0,1200.0,3687.001168058554,62.803844818402304,42.28468756491015,0.7986111111111112,Q2
2025-05-28,GBDT分位数主模型,37078.93275026084,3608.696064311388,40687.62881457223,61851.02147425621,907.7566331070739,40,6838.371576087985,1200.0,1200.0,3199.3616472815484,66.80857525576025,49.50199824965775,0.7083333333333334,Q2
2025-05-29,GBDT分位数主模型,37390.00808522085,5703.164325824219,43093.17241104507,61672.73428279268,1418.892283250822,43,5250.562397724896,1200.0,1200.0,4064.5394293583877,71.49789037093515,48.114811698543086,0.7222222222222222,Q2
2025-05-30,GBDT分位数主模型,16208.185097266503,1768.2889272840312,17976.474024550535,29686.245499806704,455.5906994522277,14,21180.44082474266,1200.0,1200.0,932.6803511120343,87.43257301696562,56.0207907204237,0.9236111111111112,Q2
2025-05-31,GBDT分位数主模型,15706.498403756312,1859.1805804672001,17565.678984223512,29100.151106656864,515.9810349576919,21,18887.340968975408,1200.0,1200.0,2883.410416900818,54.337347162236625,42.632601943765636,0.8611111111111112,Q2
2025-06-01,GBDT分位数主模型,36888.900355735575,55856.584619974805,92745.48497571038,61141.526771758494,14228.50532335162,125,565.6814934373315,1200.0,1200.0,3380.995914980052,204.73510216746934,160.05588362969058,0.11805555555555555,Q2
2025-06-02,GBDT分位数主模型,38073.86596518759,45910.00004905703,83983.86601424462,63646.00375620293,11470.937279330316,112,2503.2998696684836,1200.0,1200.0,3531.271794498955,167.69183417105145,130.75069372772103,0.2152777777777778,Q2
2025-06-03,GBDT分位数主模型,38593.77460548464,38914.10546816342,77507.88007364806,63509.83657080357,9359.285079100551,122,971.9416236131424,1200.0,1200.0,3630.576678798725,143.83582012006622,122.00743168991913,0.1111111111111111,Q2
2025-06-04,GBDT分位数主模型,39771.4502994989,32117.70025191398,71889.15055141288,65368.12439405316,8709.245056864886,121,721.5116870409516,1200.0,1200.0,3091.6902595280335,156.06959058958554,123.74883369202374,0.16666666666666666,Q2
2025-06-05,GBDT分位数主模型,39926.81069850015,37671.82882149468,77598.63951999483,66017.85822576836,9931.655563979104,123,897.1044216518426,1200.0,1200.0,4013.9171597093823,149.97429067969617,125.79695084476404,0.13194444444444445,Q2
2025-06-06,GBDT分位数主模型,16100.318626552738,39176.39203198334,55276.71065853608,29805.643506228385,9577.028518326448,96,6073.856065481069,1200.0,1200.0,2099.048704467606,176.69278060177948,141.41390777048824,0.22916666666666666,Q2
2025-06-07,GBDT分位数主模型,22242.880778230552,5817.981818391696,28060.862596622246,39518.978663707516,1653.1661432446256,42,7080.008125895297,1200.0,1200.0,2811.1124770292136,74.7892471472551,51.5368110910577,0.7708333333333334,Q2
2025-06-08,GBDT分位数主模型,53225.875469966326,2729.054622912307,55954.93009287863,85213.64696779544,623.9829104602713,23,16069.141312080088,1200.0,1200.0,4023.974872921357,101.7998940917248,65.07365183284375,0.8055555555555556,Q2
2025-06-09,GBDT分位数主模型,58882.768034101355,782.2123701478323,59664.98040424919,92786.22116463669,179.9102209029984,7,17315.085318873025,1200.0,1200.0,1393.1276279726721,63.1184430056424,48.6674709826989,0.8541666666666666,Q2
2025-06-10,GBDT分位数主模型,61424.298464105275,0.0,61424.298464105275,95662.53028736095,0.0,0,19325.752720694287,1200.0,1200.0,668.0107361297097,62.50441641630145,47.66775071822613,0.8541666666666666,Q2
2025-06-11,GBDT分位数主模型,62026.082236284085,2038.8791978822035,64064.96143416629,97214.33002769518,416.18957566003195,7,16854.83852294251,1200.0,1200.0,373.1245507635175,82.04270544795843,59.529038233876044,0.6944444444444444,Q2
2025-06-12,GBDT分位数主模型,63439.326573802784,44.12085012667639,63483.44742392946,98147.66592842348,20.655828710990818,1,20953.97709822486,1200.0,1200.0,1006.4717074999245,60.61926748919199,47.13806116324757,0.8819444444444444,Q2
2025-06-13,GBDT分位数主模型,36982.44843282325,0.0,36982.44843282325,63248.210735862274,0.0,0,31243.5202695543,1200.0,1200.0,220.1114610883056,101.42567103987558,81.06142854086278,0.9930555555555556,Q2
2025-06-14,GBDT分位数主模型,34760.07299410426,0.0,34760.07299410426,59162.03893011166,0.0,0,29414.34973827036,1200.0,1200.0,1527.8715983335683,99.34187054186955,72.71150431181525,0.9930555555555556,Q2
2025-06-15,GBDT分位数主模型,62088.175122785935,216.6033419901715,62304.77846477611,97708.10627260966,38.88474848911733,3,22289.474595430886,1200.0,1200.0,1005.2132672549509,58.93566439089904,50.278837012232685,0.8611111111111112,Q2
2025-06-16,GBDT分位数主模型,63406.76833402022,18.158048534863596,63424.92638255508,98934.74046963284,9.780796409837649,1,21404.39514701139,1200.0,1200.0,1038.1690542350677,58.06059495602076,46.733749675084,0.8611111111111112,Q2
2025-06-17,GBDT分位数主模型,64908.350930672386,316.6429405788707,65224.99387125126,100728.0989594371,48.428148476371916,2,21262.849224580154,1200.0,1200.0,879.2099476864691,77.93690428923837,56.68713434568733,0.8888888888888888,Q2
2025-06-18,GBDT分位数主模型,65861.74992766452,114.72045844510558,65976.47038610964,102190.60362750824,23.282131737337068,2,26408.828192578927,1200.0,1200.0,701.8939597317869,79.77069487327016,62.910830336955286,0.9722222222222222,Q2
2025-06-19,GBDT分位数主模型,63974.153730033344,357.331824754118,64331.48555478746,100105.05010575839,53.02467017896174,2,27033.797348328044,1200.0,1200.0,954.1044598853616,93.0269622010067,70.22485856970431,0.9444444444444444,Q2
2025-06-20,GBDT分位数主模型,40201.31206170621,0.0,40201.31206170621,68058.68890230311,0.0,0,41583.07190310457,1200.0,1200.0,528.1339747054135,180.644370801346,154.41702408094528,0.9930555555555556,Q2
2025-06-21,GBDT分位数主模型,27339.58015740287,885.953918990544,28225.534076393415,47177.710563397384,273.8917803186912,13,25508.463638828616,1200.0,1200.0,260.44391287764256,102.84834839628773,66.02354535926192,0.9236111111111112,Q2
2025-06-22,GBDT分位数主模型,53890.547558595,872.1160209284881,54762.66357952348,85847.91322189654,306.2078130948905,18,14211.53134197145,1200.0,1200.0,506.67276331532787,70.82131567245845,51.53826020249103,0.8263888888888888,Q2
2025-06-23,GBDT分位数主模型,56729.18824466914,1336.7429574858097,58065.93120215495,89296.82844111424,516.3664033442302,21,18033.57551112513,1200.0,1200.0,2363.8460350583314,66.66562543471387,49.062175453753085,0.8541666666666666,Q2
2025-06-24,GBDT分位数主模型,56534.989512728964,5969.821244545227,62504.810757274194,89372.10559211069,1446.4127957924832,41,9846.44428818873,1200.0,1200.0,1054.6604181240673,102.20050283989727,72.25673128519774,0.6527777777777778,Q2
2025-06-25,GBDT分位数主模型,57882.19165596514,902.1388777798732,58784.330533745015,90656.2366533796,315.9315029808881,17,15906.309294898361,1200.0,1200.0,1124.7784382352218,57.781584740289134,39.75845859931573,0.8888888888888888,Q2
2025-06-26,GBDT分位数主模型,55040.127207573365,996.3075751849838,56036.43478275835,86666.5413500864,368.080980480933,20,14891.258529108754,1200.0,1200.0,1497.7486843870095,67.67737358749994,48.294258844729285,0.8680555555555556,Q2
2025-06-27,GBDT分位数主模型,26097.287146237613,183.11697021454526,26280.40411645216,44834.29232650705,80.13385182033767,6,22370.377076821365,1200.0,1200.0,1273.6580204158133,74.36917713153062,51.493546035705904,0.9513888888888888,Q2
2025-06-28,GBDT分位数主模型,24543.56196481104,621.6141968375807,25165.176161648622,42384.65941521491,237.76326471153646,11,18244.812039797805,1200.0,1200.0,1056.684097387644,78.77827405536965,53.215720295404786,0.9513888888888888,Q2
2025-06-29,GBDT分位数主模型,55060.17566659492,2371.7837412037015,57431.959407798626,87514.93315181878,740.5961876095885,29,14427.760806095044,1200.0,1200.0,1219.4948252468498,77.08293464517351,56.89756972139449,0.7916666666666666,Q2
2025-06-30,GBDT分位数主模型,55932.01223685856,5307.877355609202,61239.88959246776,87995.79937602277,1405.0235045259471,35,14908.45487698834,1200.0,1200.0,1437.562763371625,70.02384987241123,52.51298028961921,0.7986111111111112,Q2
2025-07-01,GBDT分位数主模型,58906.7841782331,17389.288956495697,76296.0731347288,92368.97658361756,5402.763271307587,70,14186.862488258503,1200.0,1200.0,1262.6164995950812,100.96700203721014,89.16382756914868,0.4236111111111111,Q3
2025-07-02,GBDT分位数主模型,59858.655921094825,14147.18035548353,74005.83627657835,93791.19103759219,4337.233591288078,65,20471.70674241035,1200.0,1200.0,3035.804547705763,129.33621638774864,108.3789333011786,0.5,Q3
2025-07-03,GBDT分位数主模型,57425.85301917749,16560.7495352203,73986.60255439779,90181.12181387581,4660.668961245583,67,10400.681195227195,1200.0,1200.0,4814.289279481549,86.67761083659347,74.39317226606022,0.4305555555555556,Q3
2025-07-04,GBDT分位数主模型,31507.476628895558,10697.311630427223,42204.788259322784,53765.977119633004,3488.886065370075,60,25119.358659946956,1200.0,1200.0,1978.1140965071982,151.87208170889093,115.92270018365814,0.6666666666666666,Q3
2025-07-05,GBDT分位数主模型,28272.98899578162,7548.410664850358,35821.39966063198,48034.61607377211,3094.6980877593764,57,19356.216137945365,1200.0,1200.0,8673.882485204595,124.50614053072367,100.5058022328589,0.6666666666666666,Q3
2025-07-06,GBDT分位数主模型,57504.942088729964,11141.701147410411,68646.64323614037,90465.78703533813,3318.6484226095654,71,9414.8326583379,1200.0,1200.0,3106.013196267502,92.64704708520783,77.14902100960505,0.4930555555555556,Q3
2025-07-07,GBDT分位数主模型,61993.110266499265,1014.7730204617077,63007.883286960976,96455.2956956951,247.1294301348163,17,18617.79747495237,1200.0,1200.0,5798.7016908456135,85.29245170138324,68.33535783198121,0.8333333333333334,Q3
2025-07-08,GBDT分位数主模型,64869.64254259848,550.3040810996691,65419.946623698146,101377.50746293174,123.90913065668838,7,21232.107974179944,1200.0,1200.0,5879.146289603086,119.32766778818316,80.39279999785428,0.9236111111111112,Q3
2025-07-09,GBDT分位数主模型,63178.09726240642,609.8725033751347,63787.969765781556,98810.90589404205,127.31746693113882,6,20278.716054288627,1200.0,1200.0,5515.939024641026,88.1953610947112,65.08527675690887,0.9513888888888888,Q3
2025-07-10,GBDT分位数主模型,63647.715074519336,300.0607409559403,63947.775815475274,99345.44061383043,52.66541974422705,4,21826.149316908,1200.0,1200.0,5984.031196775292,117.19930015570915,86.78918660190321,0.9097222222222222,Q3
2025-07-11,GBDT分位数主模型,35645.34327294587,225.45980020254544,35870.80307314842,58676.19214094455,97.02888728654068,4,23003.96991934819,1200.0,1200.0,4875.5917102942285,91.55571564988384,67.88650066303565,0.9861111111111112,Q3
2025-07-12,GBDT分位数主模型,29888.69646877687,240.81388340419196,30129.510352181063,49035.000267957366,59.161932849579216,4,15173.277441849179,1200.0,1200.0,3998.0504272394683,68.62013646176453,43.79943178354924,0.9583333333333334,Q3
2025-07-13,GBDT分位数主模型,60770.21638534615,1762.3190887467736,62532.535474092925,95508.93458007317,298.5977566447474,11,21820.522114996555,1200.0,1200.0,5009.201736829646,139.09723866809284,90.33553666128387,0.8611111111111112,Q3
2025-07-14,GBDT分位数主模型,62117.277914311046,652.9585065122797,62770.23642082333,97725.2630096931,120.76974888841664,5,21554.99796054334,1200.0,1200.0,5006.982907870352,98.23609943118255,75.94866282667162,0.9027777777777778,Q3
2025-07-15,GBDT分位数主模型,63772.93661192889,663.8523107751182,64436.78892270401,99968.29264177043,180.00718622592865,6,22782.3577573692,1200.0,1200.0,4767.457269554225,111.39812721272382,86.60449778641939,0.9375,Q3
2025-07-16,GBDT分位数主模型,61160.409224105984,361.36255736296846,61521.77178146895,96885.50750244875,55.85520777584367,5,20336.286229684516,1200.0,1200.0,4881.8429235442545,95.72573876743651,74.57580473424865,0.8888888888888888,Q3
2025-07-17,GBDT分位数主模型,61433.99891515759,733.7471468971048,62167.74606205469,96994.82102319988,148.0901020854791,5,19841.05753163492,1200.0,1200.0,4978.940332539898,92.84232230978864,73.9972098239605,0.9097222222222222,Q3
2025-07-18,GBDT分位数主模型,35832.42977424071,0.0,35832.42977424071,59359.621008418515,0.0,0,24959.23649388183,1200.0,1200.0,4647.82741915884,99.18419448114763,84.35333165725528,1.0,Q3
2025-07-19,GBDT分位数主模型,28437.78071137922,997.1457464118522,29434.926457791073,46890.738440111265,332.61855428478674,14,17329.982138554602,1200.0,1200.0,4090.9844531713466,51.67429836389995,41.07302739102332,0.9027777777777778,Q3
2025-07-20,GBDT分位数主模型,55654.44485737939,1948.1580819797782,57602.602939359174,87838.91737890126,616.9357402566333,14,11953.030727140791,1200.0,1200.0,4693.657023444433,56.05061634051885,39.0375491281782,0.8402777777777778,Q3
2025-07-21,GBDT分位数主模型,55821.92056604901,3254.1349790917457,59076.055545140756,87745.74851416214,948.2843852047315,24,10404.628189104778,1200.0,1200.0,4683.980471089767,58.690167896983326,46.556294134517266,0.7222222222222222,Q3
2025-07-22,GBDT分位数主模型,58293.667894556114,1133.4725462053466,59427.14044076146,91469.93199268683,257.5586214590968,11,13515.265602243438,1200.0,1200.0,4396.717462271675,64.45805907560471,45.02007670695888,0.8194444444444444,Q3
2025-07-23,GBDT分位数主模型,56888.873661024794,1351.593074992565,58240.46673601736,89762.48486947906,322.74399112118795,10,11503.215307930619,1200.0,1200.0,4336.772516629445,56.946635442678605,41.716793455364446,0.7569444444444444,Q3
2025-07-24,GBDT分位数主模型,56402.36088053817,4762.807354455659,61165.16823499383,88665.04306315846,1163.5494566174652,16,11862.218330248004,1200.0,1200.0,4694.846098428662,75.3697668090236,51.39360571401561,0.7847222222222222,Q3
2025-07-25,GBDT分位数主模型,29725.360980871174,2.716487576216851,29728.07746844739,48792.44982841134,1.248099047193591,1,19448.696185588662,1200.0,1200.0,4604.438979683495,79.27763291564688,56.15003980747352,0.9583333333333334,Q3
2025-07-26,GBDT分位数主模型,28778.73031657852,1205.5557315706792,29984.2860481492,47074.630026545536,468.77808670519244,12,16446.403565203444,1200.0,1200.0,4604.438979683494,69.44437130390745,50.78304225506411,0.8819444444444444,Q3
2025-07-27,GBDT分位数主模型,54349.9561734246,3525.1018949201375,57875.05806834474,85531.97086905956,861.5886578795597,26,8502.881773707883,1200.0,1200.0,4574.612551001463,65.94063956413376,48.379360229888384,0.7013888888888888,Q3
2025-07-28,GBDT分位数主模型,56204.32089024996,4340.925320302509,60545.24621055247,88601.93770491751,1298.6488822093552,27,7678.73960040864,1200.0,1200.0,4673.369495962614,69.14610905488341,52.81502343447723,0.6597222222222222,Q3
2025-07-29,GBDT分位数主模型,59063.92561237046,3766.0070929166595,62829.93270528712,93383.86938185249,1021.1700577454397,13,13953.585450430764,1200.0,1200.0,4606.270734577516,77.89822695682011,61.520389310285864,0.8541666666666666,Q3
2025-07-30,GBDT分位数主模型,58380.90119513199,2581.73035092545,60962.63154605744,92455.63491166488,605.1952867742182,17,14615.388548783902,1200.0,1200.0,4606.270734577512,73.46664716803436,60.22236379553832,0.8263888888888888,Q3
2025-07-31,GBDT分位数主模型,59256.09155729231,2110.524827726594,61366.616385018904,93339.13815015984,423.4837986645193,9,14635.832242986893,1200.0,1200.0,4606.270734577513,70.28474624403842,54.085026948418125,0.8888888888888888,Q3
2025-08-01,GBDT分位数主模型,32348.51648497943,51.195277007518825,32399.71176198695,52133.17726794499,23.630407111709587,1,28112.33003248992,1200.0,1200.0,4514.513544355366,122.0075579041083,101.2235517505058,0.9930555555555556,Q3
2025-08-02,GBDT分位数主模型,27797.829439917354,465.4932588213379,28263.32269873869,45749.766538938566,115.85350583759488,6,22333.57394972333,1200.0,1200.0,4514.513544355369,74.51647621547858,50.59658716377815,0.9791666666666666,Q3
2025-08-03,GBDT分位数主模型,54383.15295563774,764.0149371425576,55147.1678927803,85668.02467205882,168.15765664858247,10,18590.286895607907,1200.0,1200.0,4606.270734577513,105.8039626128411,77.22081318993612,0.9375,Q3
2025-08-04,GBDT分位数主模型,54352.77035410866,501.02300582426113,54853.79335993292,86077.35299554144,148.68869476532348,8,16578.34308711457,1200.0,1200.0,4606.270734577513,88.68830762564994,59.79523704800248,0.9513888888888888,Q3
2025-08-05,GBDT分位数主模型,54369.99734044488,285.7548884976319,54655.75222894252,85882.5082328687,71.98549914953435,6,16535.23294897552,1200.0,1200.0,4606.270734577518,81.66276510751761,60.16579785983177,0.9791666666666666,Q3
2025-08-06,GBDT分位数主模型,53740.876322149095,1883.8917677264417,55624.768089875535,84927.07982287506,509.4983039020062,18,13053.205928954525,1200.0,1200.0,4606.27073457751,78.43356596667417,60.61260517793946,0.8888888888888888,Q3
2025-08-07,GBDT分位数主模型,53651.07081970782,940.5265599500319,54591.597379657855,84642.13918995572,289.1951614775119,11,17153.99591862066,1200.0,1200.0,4514.513544355368,95.809993075436,67.38913940431345,0.9027777777777778,Q3
2025-08-08,GBDT分位数主模型,26922.598763076734,697.7033535965068,27620.30211667324,44700.05306885358,170.24022036851395,9,26563.559681149483,1200.0,1200.0,4514.513544355367,136.53617059722083,89.95752703592221,0.9861111111111112,Q3
2025-08-09,GBDT分位数主模型,26617.446533310387,1300.4940634990471,27917.940596809436,43969.99139070652,315.3854687306816,12,22837.526446934186,1200.0,1200.0,4514.513544355367,81.10585091859554,59.89406723578631,0.9722222222222222,Q3
2025-08-10,GBDT分位数主模型,50002.30813993119,2484.0310851156046,52486.339225046795,78487.67621505268,865.6487113027011,19,10078.031065281511,1200.0,1200.0,4514.513544355364,67.30143410410324,46.40216306605149,0.9305555555555556,Q3
2025-08-11,GBDT分位数主模型,51091.82148702195,1025.757741178359,52117.57922820031,80635.73466585195,279.54735853997704,10,12389.280688558423,1200.0,1200.0,4514.513544355361,67.87421573224506,49.24085531312632,0.9236111111111112,Q3
2025-08-12,GBDT分位数主模型,50558.22904181798,3691.258299810276,54249.48734162825,80133.95413819485,968.8067517354134,30,9394.72221689509,1200.0,1200.0,4514.513544355365,71.12582144751842,52.210521661071766,0.8819444444444444,Q3
2025-08-13,GBDT分位数主模型,51906.30080713844,1721.3971547052827,53627.697961843725,81873.38693522758,437.68189267085677,19,12130.691114317187,1200.0,1200.0,4514.513544355364,70.4775593429838,50.60356541439618,0.9305555555555556,Q3
2025-08-14,GBDT分位数主模型,50672.36963928384,3028.761357832458,53701.1309971163,79750.33246826836,680.707604524009,22,10493.243712484695,1200.0,1200.0,4514.51354435537,59.07107963628365,46.33070384423984,0.875,Q3
2025-08-15,GBDT分位数主模型,26416.556003650738,1277.627381312201,27694.18338496294,44105.524694506785,315.4287718086889,14,24669.126661889382,1200.0,1200.0,4514.513544355366,115.63885393467609,76.11146908837134,0.9791666666666666,Q3
2025-08-16,GBDT分位数主模型,25991.816198579094,852.8368178517076,26844.653016430802,43125.70829451321,250.4595785443623,15,23900.312073065128,1200.0,1200.0,4514.513544355368,66.65235381376144,47.15908907549348,0.9027777777777778,Q3
2025-08-17,GBDT分位数主模型,48922.694903423944,3404.2552276081924,52326.950131032136,75925.45359381681,862.562402402849,24,9926.750531185973,1200.0,1200.0,4514.513544355367,55.973264936192514,44.36788723731119,0.6805555555555556,Q3
2025-08-18,GBDT分位数主模型,50865.052617037865,2075.9861995818565,52941.03881661972,79538.88902018535,475.0005424920489,23,11574.043712705563,1200.0,1200.0,4514.513544355368,69.55947545241558,50.86359426224212,0.7430555555555556,Q3
2025-08-19,GBDT分位数主模型,51410.936918083346,1836.032088496932,53246.96900658028,80228.39041194363,549.3523946693427,17,12468.844591490866,1200.0,1200.0,4514.513544355367,52.955356684098106,39.476785892917015,0.8263888888888888,Q3
2025-08-20,GBDT分位数主模型,51413.40699540172,9802.734723459966,61216.14171886168,80348.25154506901,2592.8654231601777,34,8257.956713041702,1200.0,1200.0,4514.513544355365,86.10649249305817,64.28188748085009,0.6388888888888888,Q3
2025-08-21,GBDT分位数主模型,50878.13328154222,2813.387924314268,53691.52120585649,79237.0921306391,889.1513349061113,22,10286.318562352812,1200.0,1200.0,4514.513544355366,67.26923366575316,45.78913081451223,0.8194444444444444,Q3
2025-08-22,GBDT分位数主模型,26644.30913664277,1519.0448751912616,28163.35401183403,44216.87855493183,367.20219827887956,17,20726.67900725551,1200.0,1200.0,4514.513544355367,66.00556455480243,49.84700230375745,0.8541666666666666,Q3
2025-08-23,GBDT分位数主模型,26180.462857513383,911.873408660314,27092.336266173697,43462.43383961292,272.1540380583552,21,18609.058294086564,1200.0,1200.0,4514.513544355367,76.98181538421551,54.62209917503719,0.7986111111111112,Q3
2025-08-24,GBDT分位数主模型,49329.91362869993,3058.765675621884,52388.67930432181,76686.73806495551,817.835257245094,25,9809.705204828888,1200.0,1200.0,4514.513544355366,72.72582012567956,53.006067466376095,0.6944444444444444,Q3
2025-08-25,GBDT分位数主模型,51506.853155138546,7793.8141087120775,59300.66726385062,80858.60615087123,2210.5683139388475,37,8004.9178009094085,1200.0,1200.0,8633.424501676493,93.1201141543503,66.70037495257556,0.6180555555555556,Q3
2025-08-26,GBDT分位数主模型,50076.980090917736,4264.075119133469,54341.05521005121,79451.33387005355,996.2361775934053,25,10836.40906894827,1200.0,1200.0,7590.051385558622,61.09620540111625,46.73656230436422,0.7569444444444444,Q3
2025-08-27,GBDT分位数主模型,52257.19553722344,3475.9101828569483,55733.105720080384,82674.86825375765,834.2467751599036,27,11344.875149678199,1200.0,1200.0,6597.339681849572,61.47569702474267,42.703477833350576,0.7916666666666666,Q3
2025-08-28,GBDT分位数主模型,50358.036543802606,9929.776381520129,60287.81292532274,79788.24475639078,2586.198092323997,49,7329.46522513275,1200.0,1200.0,13337.022191784137,99.89385388365075,62.03333123456332,0.6736111111111112,Q3
2025-08-29,GBDT分位数主模型,26002.997794527466,4324.750504774149,30327.748299301616,43082.05045441586,1033.8499688319969,17,19011.929071618128,1200.0,1200.0,1475.9518953349548,67.51196474015515,52.3667294454597,0.875,Q3
2025-08-30,GBDT分位数主模型,28309.38330677258,186.92101409078566,28496.304320863364,46661.14653167934,48.19497737066985,4,25562.787459731928,1200.0,1200.0,1367.2546018029454,95.27887275258516,61.77571314304743,0.8055555555555556,Q3
2025-08-31,GBDT分位数主模型,48926.149601192155,6224.960262428607,55151.10986362076,76929.06154539113,1904.005129769323,35,7938.171083062163,1200.0,1200.0,6566.935685747008,94.53823729879592,65.62219908377216,0.6180555555555556,Q3
2025-09-01,GBDT分位数主模型,53304.081952333916,481.9874924026615,53786.069444736575,83378.25966800255,200.95994019617825,5,25720.974656846818,1200.0,1200.0,4285.392247212276,123.38770103346936,108.41583179582038,0.9930555555555556,Q3
2025-09-02,GBDT分位数主模型,50721.502513700136,1089.2711681092896,51810.77368180943,80097.06114566993,278.6041428494278,9,22188.5239972845,1200.0,1200.0,2998.350511899128,101.36827964788802,88.0521697518893,0.9375,Q3
2025-09-03,GBDT分位数主模型,52308.25874317954,87.43252152057862,52395.691264700115,82002.53520009179,20.09853031343971,3,22226.634868014815,1200.0,1200.0,2951.3561500105434,97.41149708782174,83.29305702272973,0.9930555555555556,Q3
2025-09-04,GBDT分位数主模型,52367.030854980956,312.51697529931187,52679.547830280266,82537.93763523654,70.54311499004564,3,24361.00969736754,1200.0,1200.0,6457.157436220784,117.15722098673342,92.12105068513905,0.9305555555555556,Q3
2025-09-05,GBDT分位数主模型,27582.990610362784,5.727555272984167,27588.718165635768,45512.731003008754,1.3079596421521273,1,35810.384973634995,1200.0,1200.0,1289.6563881178354,126.32037420744513,117.82188764485343,0.9930555555555556,Q3
2025-09-06,GBDT分位数主模型,27208.517504170333,292.8862929487103,27501.403797119045,45205.49013064819,72.34738950994878,5,34883.53447722593,1200.0,1200.0,1089.8820338410071,146.52479323908764,129.96641224907634,0.8680555555555556,Q3
2025-09-07,GBDT分位数主模型,49604.80980658303,505.3357536813422,50110.14556026437,78704.2034332047,98.48702235504834,5,19591.35796415197,1200.0,1200.0,2458.6054530406727,86.97328124134296,75.04203654299207,0.9166666666666666,Q3
2025-09-08,GBDT分位数主模型,46483.624416324004,3091.7346892097653,49575.35910553377,74161.61654810305,732.2601558973289,20,11367.429404645642,1200.0,1200.0,4037.102910336691,71.21787992367688,52.36559153210722,0.7986111111111112,Q3
2025-09-09,GBDT分位数主模型,47928.785229524205,130.95901082322956,48059.744240347434,75836.37438258165,29.378454246793126,3,18431.452808853624,1200.0,1200.0,2713.1275665411313,68.34262240055749,50.829189842977684,0.9375,Q3
2025-09-10,GBDT分位数主模型,45752.7174827866,14132.1178189542,59884.83530174079,72455.52241307936,3240.7700151709632,41,10534.781068686434,1200.0,1200.0,4284.132519059649,90.25200752700823,68.32496990260675,0.7152777777777778,Q3
2025-09-11,GBDT分位数主模型,48078.99642308241,438.616212043972,48517.61263512638,76208.89944509303,86.92037853406782,4,18669.15937918012,1200.0,1200.0,744.1124988099878,67.65598135564407,47.7786788933362,0.9583333333333334,Q3
2025-09-12,GBDT分位数主模型,25043.209358617343,918.8710931751016,25962.080451792444,42702.09849909844,240.80300590157592,5,28655.12781838939,1200.0,1200.0,1203.003437482438,77.01463749465599,64.38704160969084,0.9583333333333334,Q3
2025-09-13,GBDT分位数主模型,22859.48807526299,1307.3899378701337,24166.878013133126,39718.73020605031,302.08189816250797,8,29293.41977918628,1200.0,1200.0,499.72383725174046,80.58723679270217,58.37802051728688,0.8680555555555556,Q3
2025-09-14,GBDT分位数主模型,42136.07485504534,8341.094634668712,50477.169489714055,68191.56052601719,2027.5114288035513,50,6085.2907332600935,1200.0,1200.0,2738.12714519936,81.09228483293221,66.8977384497529,0.5763888888888888,Q3
2025-09-15,GBDT分位数主模型,43232.495762267004,6910.8530075912,50143.3487698582,69610.10495895431,1548.9164460625468,27,12050.08634721587,1200.0,1200.0,3112.360657038888,84.35618328662376,59.90248450092972,0.7222222222222222,Q3
2025-09-16,GBDT分位数主模型,41410.01766591343,8707.927203235966,50117.944869149396,65761.21117121,2701.5426187072558,53,5048.092929613403,1200.0,1200.0,3179.487162652621,93.44252165653334,68.3831749685424,0.5069444444444444,Q3
2025-09-17,GBDT分位数主模型,44707.02458123065,6458.2775777433,51165.30215897395,72151.02879583556,1417.3515916473311,33,9338.96188782358,1200.0,1200.0,2602.510063357979,59.33631691992075,45.6259659418212,0.7361111111111112,Q3
2025-09-18,GBDT分位数主模型,42008.79684204767,9634.740623207721,51643.53746525539,66850.74356031283,2204.7797052314518,46,6098.774967890584,1200.0,1200.0,2755.069293740589,83.61310145554567,62.23836365280761,0.5277777777777778,Q3
2025-09-19,GBDT分位数主模型,24275.61688773467,1042.716122273311,25318.333010007984,41952.45207228334,244.97838496230622,7,23269.932668658286,1200.0,1200.0,2289.602268502459,74.62222824912733,58.45288357589167,0.8333333333333334,Q3
2025-09-20,GBDT分位数主模型,23005.613364379988,4160.591536821106,27166.204901201094,39985.95792876011,985.2843045705752,25,22560.046415642668,1200.0,1200.0,2474.605502099388,72.20736329120612,55.632299558541675,0.7638888888888888,Q3
2025-09-21,GBDT分位数主模型,42600.62792500012,10435.341091088534,53035.96901608865,68771.42313767498,2788.965428529015,46,9161.880066645002,1200.0,1200.0,2732.955768614482,80.12015943367996,64.36499630903589,0.6597222222222222,Q3
2025-09-22,GBDT分位数主模型,45402.74184673735,6208.559993452747,51611.3018401901,72606.02355453315,1561.3127147931116,36,9330.996119371388,1200.0,1200.0,1496.9925878170432,70.058948966994,53.864631303649865,0.6805555555555556,Q3
2025-09-23,GBDT分位数主模型,43564.3772717191,13193.869991722735,56758.24726344184,69143.00398368188,2873.2019090775125,52,5780.1970321552035,1200.0,1200.0,5119.168243108281,89.62362098877736,67.40272635379205,0.5138888888888888,Q3
2025-09-24,GBDT分位数主模型,44295.8954483578,8098.905702985758,52394.801151343556,71402.93307743898,2060.3475796362727,43,8163.710270614201,1200.0,1200.0,2491.7062895690738,69.22122637162508,51.11868975569535,0.6597222222222222,Q3
2025-09-25,GBDT分位数主模型,44774.32485276096,8094.239589056608,52868.564441817565,71786.94725982813,2036.900593384628,42,9341.732921460165,1200.0,1200.0,3144.1108653613383,68.88474993518123,55.28975071876519,0.6597222222222222,Q3
2025-09-26,GBDT分位数主模型,22082.5929976268,486.0882601216037,22568.681257748405,38856.48331563804,117.20867646828682,11,18414.974798546253,1200.0,1200.0,1998.183738855982,76.38753918094142,59.779580039043644,0.8819444444444444,Q3
2025-09-27,GBDT分位数主模型,23862.976353667953,1302.7392875309913,25165.715641198945,40918.34834375892,353.3864120339426,14,20562.168095249323,1200.0,1200.0,582.0252826650024,59.55730590740126,44.940576786006396,0.8263888888888888,Q3
2025-09-28,GBDT分位数主模型,47965.845617043466,4393.584903898939,52359.430520942406,75992.41392295616,981.0423763709897,26,9299.03977738214,1200.0,1200.0,1730.8629905325038,70.76266987249566,51.37311116984925,0.625,Q3
2025-09-29,GBDT分位数主模型,45800.37611570278,5056.031498422317,50856.40761412509,72482.64171604827,1315.4448929321272,36,6887.623889573382,1200.0,1200.0,4540.568537416659,62.02680255245999,46.79357006622479,0.6041666666666666,Q3
2025-09-30,GBDT分位数主模型,46592.50009468768,4654.402837003578,51246.902931691264,73944.79308678138,1066.9254094464393,34,5375.407247023402,1200.0,1200.0,3580.1774934542896,71.08442443286732,53.86441591510985,0.5763888888888888,Q3
2025-10-01,GBDT分位数主模型,46108.861782841384,1238.6162495571057,47347.47803239849,73705.56910497916,280.0405533162126,13,20174.073058142396,1200.0,1200.0,4441.817772987556,114.78520574376029,80.48041921042957,0.9513888888888888,Q4
2025-10-02,GBDT分位数主模型,47987.93778010682,1003.5496084672696,48991.48738857409,75835.92263143876,222.321195146773,7,20199.102684442885,1200.0,1200.0,1419.6049932172086,77.98234107304881,59.89349436441148,0.8958333333333334,Q4
2025-10-03,GBDT分位数主模型,23374.167317985582,318.797224875193,23692.964542860776,40437.19322524649,75.83825947887621,2,29736.279267530685,1200.0,1200.0,1767.8769131570682,101.92616108722439,74.84013945583524,0.9861111111111112,Q4
2025-10-04,GBDT分位数主模型,24164.775843147218,261.99531264225624,24426.771155789473,41965.088130595126,57.653120499898705,3,25760.40214827918,1200.0,1200.0,937.7311002418545,61.14987971671486,48.54911157231818,0.9444444444444444,Q4
2025-10-05,GBDT分位数主模型,45777.50062378352,1926.4260430945806,47703.9266668781,73854.2867498593,444.3564583266094,14,15428.387952426858,1200.0,1200.0,3901.4637362857757,75.02584168506132,54.03093920058514,0.9166666666666666,Q4
2025-10-06,GBDT分位数主模型,47113.46857650032,2210.418931800279,49323.8875083006,75550.84272127131,464.06264953663594,10,14015.351390266755,1200.0,1200.0,5210.889350854316,45.144118160811,34.789228470762744,0.9305555555555556,Q4
2025-10-07,GBDT分位数主模型,48101.894233592015,1542.2482499000039,49644.14248349202,76600.48642773929,335.714710816113,11,14818.145855304912,1200.0,1200.0,2802.7755474992678,53.209413315752606,41.62038580867451,0.9166666666666666,Q4
2025-10-08,GBDT分位数主模型,42737.57837238695,3035.633546396668,45773.21191878362,70149.33902885791,684.90297114017,18,10200.509025835061,1200.0,1200.0,2561.7563757336675,52.362337624985365,37.75633785447838,0.8402777777777778,Q4
2025-10-09,GBDT分位数主模型,42606.463272341134,3132.9568501490357,45739.42012249017,69247.38968638022,715.8416032867623,19,10117.662225679367,1200.0,1200.0,2328.866505103031,44.802139362739744,33.4590014420501,0.8194444444444444,Q4
2025-10-10,GBDT分位数主模型,21394.28145398628,562.618330302217,21956.899784288496,38813.05381946611,137.2219373826095,4,26395.504176551938,1200.0,1200.0,1919.548963718784,82.73112550605799,52.93433244768236,0.9375,Q4
2025-10-11,GBDT分位数主模型,21038.93227144554,208.53374391932795,21247.46601536487,38113.85847403483,51.589356388668364,4,20832.757054445705,1200.0,1200.0,2531.86091943009,53.41045321122908,40.56821942053151,0.8402777777777778,Q4
2025-10-12,GBDT分位数主模型,44285.37028283783,2622.464792212866,46907.835075050694,72067.62270183003,579.9484619123035,18,10000.337317638565,1200.0,1200.0,4350.756728768776,45.68986521619121,34.58905314444683,0.7847222222222222,Q4
2025-10-13,GBDT分位数主模型,44226.31966994444,1958.6298062953433,46184.94947623978,71220.97781789041,418.40803184245203,13,10460.987268545396,1200.0,1200.0,3404.8087158159906,35.6304513571868,26.669601691649323,0.8819444444444444,Q4
2025-10-14,GBDT分位数主模型,45219.91825993398,1939.9765608003474,47159.89482073433,73361.101288484,444.0868523966966,19,8788.61901150698,1200.0,1200.0,3128.9841483187433,45.026049886624286,36.423635065467984,0.6736111111111112,Q4
2025-10-15,GBDT分位数主模型,43417.775595379055,4729.751821854119,48147.52741723317,70984.64232107773,1194.486237997567,28,6164.10783779365,1200.0,1200.0,3128.984148318743,65.96767229066748,46.58235663608531,0.6041666666666666,Q4
2025-10-16,GBDT分位数主模型,45013.248408967076,8024.923605258957,53038.17201422603,72284.69742285025,2026.4600947957024,33,7061.385655840624,1200.0,1200.0,3282.4472562123756,81.30107690558314,56.24306794121258,0.5625,Q4
2025-10-17,GBDT分位数主模型,20796.592376971894,70.20277329934336,20866.79515027124,38057.8508434523,14.548720858624733,2,18753.753142433703,1200.0,1200.0,1283.9202367641049,47.93182262950666,34.358752135041556,0.9166666666666666,Q4
2025-10-18,GBDT分位数主模型,21211.076786137666,965.3797884030507,22176.456574540716,38653.25025489005,265.62074772102085,13,19437.6398133437,1200.0,1200.0,1283.9202367641046,50.48880432670739,38.141413534455054,0.9097222222222222,Q4
2025-10-19,GBDT分位数主模型,44753.8777239473,10401.387268893064,55155.26499284036,72600.91755322219,2543.3780732632144,37,7019.98003959687,1200.0,1200.0,3347.584286450078,86.90004623535823,63.87865419937849,0.4791666666666667,Q4
2025-10-20,GBDT分位数主模型,46012.63510806399,4883.516320978375,50896.151429042366,73963.88994051106,1138.120860063929,36,6389.2171350802255,1200.0,1200.0,3219.1481875274458,72.34340977348937,53.52790564564853,0.4861111111111111,Q4
2025-10-21,GBDT分位数主模型,47374.435896581715,4552.556213008755,51926.99210959047,75894.85939301734,1372.9770694796025,31,6374.2328388802525,1200.0,1200.0,3723.4232908477634,70.76642940077787,51.26357906372962,0.5972222222222222,Q4
2025-10-22,GBDT分位数主模型,46861.51560078812,7168.696555203311,54030.21215599144,75564.15437347114,1576.5526015831845,33,7202.72791491283,1200.0,1200.0,3853.5493354158993,70.24596600447009,48.0398630090623,0.5902777777777778,Q4
2025-10-23,GBDT分位数主模型,47888.5115148096,2570.045239329929,50458.55675413953,76409.5613582318,618.4777403941587,22,9205.057490811836,1200.0,1200.0,3621.298676280502,53.38881807921698,39.572668627484035,0.6736111111111112,Q4
2025-10-24,GBDT分位数主模型,21362.097772454843,1062.333329182439,22424.43110163728,38442.541533116484,274.9093428643547,13,16987.51272606565,1200.0,1200.0,1315.1927041431848,40.75484541449986,30.72728748583486,0.8194444444444444,Q4
2025-10-25,GBDT分位数主模型,22358.013907155506,103.69267605337485,22461.70658320888,40179.18124767777,44.27785771371475,4,17399.771864096125,1200.0,1200.0,1316.5276203582264,51.929786979129155,36.18577164967855,0.8472222222222222,Q4
2025-10-26,GBDT分位数主模型,49276.195518998036,2150.616171829021,51426.81169082706,78766.09291171079,481.8782575126895,19,10061.848368934345,1200.0,1200.0,7121.479454165321,41.87468761718675,30.46394279623073,0.8402777777777778,Q4
2025-10-27,GBDT分位数主模型,49035.08921547627,4290.310673547196,53325.399889023465,78060.86936461997,1102.3435575361575,31,11086.89425420799,1200.0,1200.0,6900.7000850570585,68.17356312088961,46.71916163949949,0.7986111111111112,Q4
2025-10-28,GBDT分位数主模型,52047.60928400191,908.6605721489855,52956.269856150895,82518.3127903255,246.08867238993332,9,12207.402469320226,1200.0,1200.0,2553.3783788247956,52.34914809655712,38.36150673024636,0.8263888888888888,Q4
2025-10-29,GBDT分位数主模型,46825.734724384354,9450.922498834225,56276.65722321858,74887.65688325465,2797.013647594156,56,3899.4826400959146,1200.0,1200.0,4833.323531105806,89.26224035860221,58.207379639074944,0.5972222222222222,Q4
2025-10-30,GBDT分位数主模型,46658.17955484806,4209.000374870836,50867.17992971889,74818.48778437113,1014.2279781942998,38,6540.882301798551,1200.0,1200.0,4381.757159240713,46.811202185034496,35.70818151347496,0.7569444444444444,Q4
2025-10-31,GBDT分位数主模型,21335.69003006086,1008.6353047017682,22344.32533476263,38762.15826057336,299.4031797949274,18,11676.908719431805,1200.0,1200.0,3635.0744131484153,64.15120842976195,46.67536534179791,0.8819444444444444,Q4
2025-11-01,GBDT分位数主模型,21466.93583518194,1049.200410690706,22516.136245872643,38532.36149764292,347.6774713736514,16,12887.537581063109,1200.0,1200.0,3474.6162051798015,50.146457139126575,38.63914652696894,0.9166666666666666,Q4
2025-11-02,GBDT分位数主模型,48892.97210522999,4298.726897356094,53191.69900258608,78525.30481933376,954.8972913324067,33,6256.570394391845,1200.0,1200.0,3622.427024977347,58.84652718908761,44.52784033285713,0.5833333333333334,Q4
2025-11-03,GBDT分位数主模型,50267.68995260142,3719.49448197724,53987.18443457866,80018.62054220364,1284.8282661863495,29,7306.537849163042,1200.0,1200.0,3785.2350938833965,73.09320390708461,42.673563834613994,0.7361111111111112,Q4
2025-11-04,GBDT分位数主模型,51103.1810257734,1679.08125438742,52782.26228016082,81062.70150801554,390.70580177611043,20,9373.835100712518,1200.0,1200.0,5200.8782875715415,42.29675706777114,31.807339338719064,0.75,Q4
2025-11-05,GBDT分位数主模型,51192.323176210244,3704.318334606597,54896.641510816844,80869.99389080053,933.5808277845681,28,7715.548759263902,1200.0,1200.0,5723.681730996109,39.65905975537397,28.701313998749317,0.7777777777777778,Q4
2025-11-06,GBDT分位数主模型,50877.5589833589,3383.885539869872,54261.44452322877,80360.15731314954,1191.3741477887759,35,5718.58074261559,1200.0,1200.0,3395.977925175456,89.76456458743903,60.169236333922704,0.5486111111111112,Q4
2025-11-07,GBDT分位数主模型,22504.451256780325,335.03220249253786,22839.483459272862,40859.28133703892,92.77306224993646,7,13940.834516455656,1200.0,1200.0,1903.0146548643804,60.73185478639048,45.428828441734396,0.8402777777777778,Q4
2025-11-08,GBDT分位数主模型,21637.415978640693,191.52477819780623,21828.9407568385,39883.37911020038,50.032469415553635,5,12563.547240515309,1200.0,1200.0,4748.626116972928,41.077101297525026,29.384449819870163,0.9513888888888888,Q4
2025-11-09,GBDT分位数主模型,51799.650670888106,3401.7461744102366,55201.39684529834,82395.13340423323,782.2929670822065,28,7270.609187982117,1200.0,1200.0,5811.170143863663,46.07615496961032,33.121720130702435,0.7291666666666666,Q4
2025-11-10,GBDT分位数主模型,54093.45706962272,1491.096479524603,55584.55354914732,85355.17314795888,453.43400435458364,19,7259.68825625735,1200.0,1200.0,6333.286544243072,49.70953963716902,37.16098154108795,0.6875,Q4
2025-11-11,GBDT分位数主模型,53617.2151768809,471.9894985624161,54089.20467544332,84057.0414001799,108.38343783098696,9,8136.217079099784,1200.0,1200.0,5367.684399440724,35.89220339771747,27.035380330554332,0.8263888888888888,Q4
2025-11-12,GBDT分位数主模型,53993.88840364308,535.4587317347984,54529.34713537788,85402.26787622162,124.5572651170902,12,9929.82729518503,1200.0,1200.0,6634.830272882177,40.576394152329684,29.36351669030404,0.8680555555555556,Q4
2025-11-13,GBDT分位数主模型,53663.847541598596,866.2132828932122,54530.06082449181,84908.63072519141,245.7653413733999,16,8173.694550619379,1200.0,1200.0,7251.095578690745,45.97485312027051,33.13612501467394,0.7916666666666666,Q4
2025-11-14,GBDT分位数主模型,23331.450342087504,49.18238457588626,23380.63272666339,43672.28372921662,23.915577231162786,1,12263.648405124666,1200.0,1200.0,668.6591441730427,37.919096130244434,27.992800048619568,0.9097222222222222,Q4
2025-11-15,GBDT分位数主模型,22105.876089105088,480.875690155134,22586.751779260223,41681.82406773034,132.63096002600025,9,9987.76798646579,1200.0,1200.0,1486.1058029607734,32.92081430048547,24.761437801053674,0.8958333333333334,Q4
2025-11-16,GBDT分位数主模型,54649.54057647349,1641.7221330376206,56291.26270951111,86802.72050836953,348.3566538947575,20,7998.199445597622,1200.0,1200.0,2157.8289945894894,52.566395175751275,36.85555867768688,0.7291666666666666,Q4
2025-11-17,GBDT分位数主模型,57096.52466852624,310.0443881801522,57406.569056706394,89743.6557807329,103.72254415135126,6,12433.290658217586,1200.0,1200.0,1512.612373552599,41.77779937201251,30.979725331670384,0.8888888888888888,Q4
2025-11-18,GBDT分位数主模型,55867.56809270331,560.3366590717045,56427.904751775015,87787.46741826179,169.77907538337877,11,8360.622684287377,1200.0,1200.0,1944.3917129369117,46.89815751175185,34.48213914333313,0.7986111111111112,Q4
2025-11-19,GBDT分位数主模型,55095.661448735205,1286.9149176959045,56382.57636643111,86420.6590986323,332.2496201143715,18,6658.13317449921,1200.0,1200.0,9469.803437956503,37.01111947566281,26.756543902765536,0.7847222222222222,Q4
2025-11-20,GBDT分位数主模型,57413.76703436146,587.9682133683602,58001.73524772982,89888.18171191667,127.50982338238987,8,10504.282168632411,1200.0,1200.0,1908.9894691414806,32.684453691681604,25.10757635455204,0.8055555555555556,Q4
2025-11-21,GBDT分位数主模型,25361.746331281356,196.88842776027406,25558.63475904163,47456.255869914836,76.44185158382436,11,14815.721379023267,1200.0,1200.0,439.7861644364149,42.04357552917395,27.869108331647112,0.8611111111111112,Q4
2025-11-22,GBDT分位数主模型,24425.69505955372,99.19791999810369,24524.892979551823,45797.90690814506,23.976994489415404,3,11788.631791471973,1200.0,1200.0,997.1925863911339,30.49548601912052,22.969197342156786,0.8680555555555556,Q4
2025-11-23,GBDT分位数主模型,57258.9449712247,663.7095392957574,57922.65451052046,89511.7089264062,177.31558212324285,10,9738.59489186278,1200.0,1200.0,2210.81261593996,41.8886502270549,30.686284086351115,0.7569444444444444,Q4
2025-11-24,GBDT分位数主模型,57029.806504610446,842.6375271596157,57872.444031770065,89143.846758851,217.69117468634954,12,10486.606991985816,1200.0,1200.0,3994.256524510464,38.77565020908568,28.011791018362267,0.8125,Q4
2025-11-25,GBDT分位数主模型,57957.3926486469,823.3533348557255,58780.745983502624,90329.25240031476,205.6231762848157,15,9622.522164750088,1200.0,1200.0,3363.0817026834457,40.13326755778066,28.790776766850506,0.7847222222222222,Q4
2025-11-26,GBDT分位数主模型,58296.35973555786,695.6247136007887,58991.98444915865,90440.64160250392,250.41398344628976,11,9192.349535205965,1200.0,1200.0,2745.4024114346603,32.99626818566947,26.131913893013305,0.8472222222222222,Q4
2025-11-27,GBDT分位数主模型,57372.52653349774,687.153302744121,58059.679836241856,89854.91239233356,161.09320261125828,11,9502.116405734097,1200.0,1200.0,3646.7334612918135,34.42260194613857,25.265243540548852,0.8263888888888888,Q4
2025-11-28,GBDT分位数主模型,25449.94867923959,74.05554963929686,25524.004228878886,47321.87746768508,29.294859685846575,4,12602.997186225995,1200.0,1200.0,1728.1773924436638,40.70126209179604,29.464952293631598,0.9027777777777778,Q4
2025-11-29,GBDT分位数主模型,25274.700677935085,241.34410480688567,25516.04478274197,47512.42330543224,112.53792754276031,6,8834.655891411054,1200.0,1200.0,1661.5832962336676,52.86013205166748,35.09290074531211,0.8055555555555556,Q4
2025-11-30,GBDT分位数主模型,57774.65437960226,2350.790149665896,60125.444529268156,89883.34477154452,778.5715687461596,28,5698.754890290695,1200.0,1200.0,3372.6170230367225,57.432476208298716,38.03021008240534,0.6319444444444444,Q4
2025-12-01,GBDT分位数主模型,57248.44252459981,15020.731606589525,72269.17413118934,89149.57378614848,4474.3740146818545,87,2606.686734163683,1200.0,1200.0,2580.53145348919,91.71597236377238,73.47065479213428,0.3472222222222222,Q4
2025-12-02,GBDT分位数主模型,57071.48032279637,19645.9893775584,76717.46970035476,89322.98999420079,5401.824617665778,96,1368.671328533238,1200.0,1200.0,2700.928054663859,106.7354992930348,86.20292896048922,0.1736111111111111,Q4
2025-12-03,GBDT分位数主模型,57937.89525517913,13714.115657223283,71652.01091240242,90201.7837957959,4318.38645340233,84,2569.4646040647062,1200.0,1200.0,3205.153477724149,92.18553924795347,72.60545881179574,0.2986111111111111,Q4
2025-12-04,GBDT分位数主模型,56995.38047955734,16898.669570501363,73894.0500500587,88856.02652003936,4870.019253120112,91,2216.4636408268584,1200.0,1200.0,5119.216858819697,91.15539735462124,72.41833604628884,0.3125,Q4
2025-12-05,GBDT分位数主模型,23613.882997745837,10602.70761319519,34216.59061094103,44777.34387790054,3075.169646579775,71,2668.526971778325,1200.0,1200.0,1731.473978613114,79.28417345535735,64.35480251386508,0.3888888888888889,Q4
2025-12-06,GBDT分位数主模型,31935.51412084818,1087.1871110704037,33022.70123191858,58262.363394527674,346.6152277459534,18,10842.918861480586,1200.0,1200.0,2019.8815146802626,48.134326264031245,36.18183886973523,0.8819444444444444,Q4
2025-12-07,GBDT分位数主模型,63658.25655180945,3693.6425866674726,67351.89913847692,98865.54463175629,1019.586802393137,34,7355.7835174827605,1200.0,1200.0,2196.529555094751,43.33870093337391,33.86114018472196,0.7916666666666666,Q4
2025-12-08,GBDT分位数主模型,66488.98139342337,800.980447448202,67289.96184087158,102613.95818294109,189.3893638289984,11,10079.469763436755,1200.0,1200.0,4170.6015244815235,35.399966208965616,27.86058295635793,0.9791666666666666,Q4
2025-12-09,GBDT分位数主模型,69683.60215623336,650.6005861858973,70334.20274241926,107360.47499790369,139.71721817479852,8,15235.071282745146,1200.0,1200.0,1061.1655986173826,61.28625090193317,41.59989129737359,0.9583333333333334,Q4
2025-12-10,GBDT分位数主模型,68471.30916233447,640.5258134096616,69111.83497574413,106191.97848308264,162.50983108341984,10,13079.992995203167,1200.0,1200.0,1612.738971346338,37.03773415020712,29.016677027959354,0.9652777777777778,Q4
2025-12-11,GBDT分位数主模型,68834.54030775768,475.5991495396156,69310.1394572973,106140.55059735155,101.9160449828828,4,15375.471003396215,1200.0,1200.0,1268.5058951528276,50.62174060399221,37.63862369079607,0.9861111111111112,Q4
2025-12-12,GBDT分位数主模型,36744.71776602016,0.0,36744.71776602016,65742.60890517062,0.0,0,17721.751600133088,1200.0,1200.0,728.7217680324709,66.41019588286728,55.25465979413433,0.9722222222222222,Q4
2025-12-13,GBDT分位数主模型,38172.608109061366,87.44741377931946,38260.05552284069,68287.00616422622,18.755459194750756,2,20113.70341954669,1200.0,1200.0,1230.7260839959247,79.96403157663879,62.20441763516606,1.0,Q4
2025-12-14,GBDT分位数主模型,68922.04780007237,996.4785818085874,69918.52638188095,106624.40504008174,213.27768995182134,7,13182.294263366903,1200.0,1200.0,1026.139248458677,34.61060499979525,26.99116997075879,0.9652777777777778,Q4
2025-12-15,GBDT分位数主模型,70528.3860831852,448.9041052476209,70977.29018843283,108350.98470206266,91.71494637733235,3,14096.47501510668,1200.0,1200.0,2361.1037089217007,46.970022821377825,34.34850102729868,0.9583333333333334,Q4
2025-12-16,GBDT分位数主模型,71026.30281568068,325.1263778294574,71351.42919351014,108999.09204967441,66.46588346872966,5,14769.928248817949,1200.0,1200.0,1727.9499347016815,48.517489736481856,35.45860265326666,0.9791666666666666,Q4
2025-12-17,GBDT分位数主模型,70752.35750167358,395.1256671635747,71147.48316883716,108984.82936453927,94.9245343662426,6,16011.240165572191,1200.0,1200.0,1715.6891702282667,58.898415338461696,45.439639985913104,0.9583333333333334,Q4
2025-12-18,GBDT分位数主模型,69399.10610747489,526.3738883691236,69925.47999584401,106783.43214255784,162.43332042198597,11,14702.9318296465,1200.0,1200.0,2530.7503509526637,59.32379959022969,42.16283074803865,0.9791666666666666,Q4
2025-12-19,GBDT分位数主模型,39309.468980949416,0.0,39309.468980949416,70018.92847463525,0.0,0,22708.87050796859,1200.0,1200.0,952.6882838903012,109.76088782969258,86.05787414504738,1.0,Q4
2025-12-20,GBDT分位数主模型,34079.83448342609,574.5435879663823,34654.37807139248,62036.96747949106,145.7320105480543,11,15083.013906705783,1200.0,1200.0,1340.345067005688,63.613815867486835,42.92838798430255,0.9583333333333334,Q4
2025-12-21,GBDT分位数主模型,67237.61836753707,1051.546256510163,68289.16462404723,103990.3630447335,320.2701856007527,11,10396.184697000936,1200.0,1200.0,1926.5694456757121,37.37660481291916,28.16294744156595,0.8125,Q4
2025-12-22,GBDT分位数主模型,67568.36234891586,924.1289774604147,68492.49132637627,104205.99020456402,289.0139890964348,18,10680.91044366047,1200.0,1200.0,2776.8568395163484,42.83799710788149,31.58255548344707,0.8402777777777778,Q4
2025-12-23,GBDT分位数主模型,67770.17229701,571.8896098304157,68342.0619068404,104406.95705898004,139.9046814975835,10,12412.102540477637,1200.0,1200.0,2916.574860785535,49.196677149416814,34.09657757130086,0.9305555555555556,Q4
2025-12-24,GBDT分位数主模型,66850.88334018161,446.5390796297971,67297.42241981141,103293.463558748,166.48803047742103,12,10728.725605892103,1200.0,1200.0,3096.3615292739732,46.07386888505467,31.2767934132619,0.8819444444444444,Q4
2025-12-25,GBDT分位数主模型,66624.83613879258,927.9719901773406,67552.80812896992,102958.26126046982,242.78034322627695,17,10511.926403696096,1200.0,1200.0,1648.4817148473785,36.6591931446579,29.723380209147965,0.8472222222222222,Q4
2025-12-26,GBDT分位数主模型,33942.53494995741,79.13543589595217,34021.67038585336,61869.63927409341,31.47877136761258,5,14650.162278794362,1200.0,1200.0,1503.813462587897,59.14628575262586,41.44148739600471,0.9861111111111112,Q4
2025-12-27,GBDT分位数主模型,33587.94981452509,626.1389672370509,34214.08878176214,61389.03446287254,146.4344620169001,9,13953.326524889459,1200.0,1200.0,1489.3303177290024,54.243237557864035,41.960635376520116,0.9375,Q4
2025-12-28,GBDT分位数主模型,67122.79951823507,1505.7905997195467,68628.59011795462,103753.91923712795,354.6033448616794,17,12422.601165322969,1200.0,1200.0,3152.9491280644647,64.80383884957146,45.001927305799846,0.8680555555555556,Q4
2025-12-29,GBDT分位数主模型,67255.12582811856,710.300434497627,67965.42626261618,103754.47680194021,179.85451967049528,14,11533.898388277368,1200.0,1200.0,3132.894643276924,52.526850079611556,38.781667227954905,0.9097222222222222,Q4
2025-12-30,GBDT分位数主模型,66603.93679457999,746.6876491884998,67350.6244437685,103075.47975545136,172.02187981500595,13,12146.432368599702,1200.0,1200.0,3175.1131947048784,70.377695874734,44.77612048713248,0.9236111111111112,Q4
2025-12-31,GBDT分位数主模型,69105.77872022611,465.7919889591419,69571.57070918525,108647.09300249748,182.38184838607464,13,9991.748881031815,1200.0,6000.0,3111.7857625727,53.01509989927682,37.004645152356666,0.9027777777777778,Q4
