date,planned_cost_yuan,emergency_cost_yuan,total_cost_yuan,g_kwh,c_kwh,d_kwh,emergency_kwh,dump_kwh,energy_start_kwh,energy_end_kwh,emergency_slots,sample_count,max_history_day,clipped_scenario_price_count,horizon_expected_cost_yuan,solver_status,raw_simultaneous_slots
2025-02-01,20773.148233152435,360.43147192447987,21133.579705076914,49575.40343733861,23166.666666666668,17279.999999999996,113.22954714002307,9423.790384478632,8550.0,10200.0,6,24,2025-01-31,0,87072.9249412101,0,0
2025-02-02,63593.76564373383,297.2282045645195,63890.99384829835,90481.06583673137,23142.962858573705,20095.799915444702,48.599864229025115,9126.224807831404,10200.0,8700.0,4,25,2025-02-01,0,133418.40677485638,0,0
2025-02-03,63361.60926220169,1061.5853720335829,64423.194634235275,89170.81481992528,24125.458703275723,20216.621549653337,230.14316969009434,5275.204335992987,8700.0,7950.0,16,26,2025-02-02,0,129101.11548631257,0,0
2025-02-04,62665.48288808212,5029.2116513410365,67694.69453942316,87949.59293077874,22033.049839143918,18656.77036970657,1079.369826215805,4457.819337557213,7950.0,7050.0,33,27,2025-02-03,0,127616.48119977152,0,0
2025-02-05,62996.12914730013,3772.211111904589,66768.34025920472,89935.28358229228,25395.187336568604,19085.10174262057,809.0255516655246,3685.796556676435,7050.0,8700.0,34,28,2025-02-04,0,126317.98835601067,0,0
2025-02-06,59196.288173706766,2622.1459381782106,61818.43411188498,80960.22479994454,17808.565980657175,20499.93844433231,514.5186765200633,3895.058723473073,8700.0,1950.0,28,29,2025-02-05,0,81421.90390597621,0,0
2025-02-07,19904.5846299521,1741.2564961201685,21645.841126072268,49102.17299096793,26686.015434386805,16527.1437396562,431.3940415810447,7569.015671151703,1950.0,7603.920846885676,24,30,2025-02-06,0,35453.53367302483,0,0
2025-02-08,18218.948850342964,877.0908485152536,19096.039698858214,44434.66213980811,22953.391007745016,16255.775478470574,234.66305911023596,6394.546952977235,7603.920846885676,10200.0,18,31,2025-02-07,0,77512.4209128569,0,0
2025-02-09,59073.71712765161,5282.9735654979095,64356.69069314952,84440.87536403866,23000.0,20115.0,1212.563344307862,3213.0227416798575,10200.0,8550.0,40,32,2025-02-08,0,121941.43006602963,0,0
2025-02-10,59291.63773742134,434.46402480817386,59726.10176222952,87182.96130360344,24982.788546734046,20101.058722854577,133.85013426846092,8108.444030659103,8550.0,8700.0,13,33,2025-02-09,0,122049.31434726463,0,0
2025-02-11,58547.329805719804,410.1107651133913,58957.4405708332,84919.3187500229,22760.138045082425,19245.711816516763,97.32854030443002,6281.623928428338,8700.0,7800.0,13,34,2025-02-10,0,120355.56434328601,0,0
2025-02-12,58636.11237907939,1813.0324291790298,60449.144808258425,86225.2748227632,25060.170343063783,19488.73797788166,387.65425248078174,5774.760576728526,7800.0,8700.0,23,35,2025-02-11,0,119311.21109878906,0,0
2025-02-13,53847.02408206057,663.6494077351084,54510.67348979568,77152.92045675988,16779.312303099414,19666.242965510526,219.7972380359971,8930.169340540328,8700.0,1950.0,17,36,2025-02-12,0,76282.53069375096,0,0
2025-02-14,17335.42274220673,2385.8472062599812,19721.269948466714,42646.19538733759,24131.98720973363,15598.941203370632,873.2237659067869,5184.571330214711,1950.0,6336.63159612623,32,37,2025-02-13,0,31928.830750979796,0,0
2025-02-15,17720.841491019164,1510.8761656002066,19231.71765661937,42294.68121462472,24499.982138540316,15827.953968731257,503.6947195187412,4846.256664334402,6336.63159612623,10800.0,32,38,2025-02-14,0,69859.08739562583,0,0
2025-02-16,53841.12299597713,5469.078651913211,59310.20164789034,78353.01442701589,20762.266212199433,19517.435631881544,1213.4666197856877,2944.2713664837006,10800.0,7800.0,49,39,2025-02-15,0,111519.67689257393,0,0
2025-02-17,56037.92531166352,283.68569067931827,56321.61100234284,84008.00272810183,26199.52294406319,19196.613584691182,101.83155991496591,5923.061761978121,7800.0,10050.0,14,40,2025-02-16,0,110131.51576957837,0,0
2025-02-18,52530.27134402376,1935.5758726113936,54465.84721663515,78524.97549610042,21050.800680808115,18941.148551454575,413.5612825304984,4737.49686594405,10050.0,7950.0,21,41,2025-02-17,0,109160.13060098037,0,0
2025-02-19,54152.809695315984,4306.645871034337,58459.45556635032,82391.3123721689,24386.341746400925,18402.93681458475,991.2345535040025,4519.8146105234,7950.0,9450.0,39,42,2025-02-18,0,109248.10464259799,0,0
2025-02-20,50590.91407173171,2320.9599267146423,52911.873998446354,72437.81819235689,15065.763367089063,18953.268327342143,494.2921524203033,5826.481571696942,9450.0,1950.0,25,43,2025-02-19,0,70744.92603073297,0,0
2025-02-21,17136.305471821186,797.3105039226583,17933.615975743844,40916.72877780066,22613.93100802814,14942.284116502795,251.28960706973206,7936.10946001171,1950.0,5700.0,22,44,2025-02-20,0,30268.599913732298,0,0
2025-02-22,17420.2038982565,1400.2381587728057,18820.442057029308,41999.00492208978,25054.370913215964,15704.040439704931,432.2541795626972,5236.165744808115,5700.0,10800.0,31,45,2025-02-21,0,65288.255225410714,0,0
2025-02-23,51146.30811516977,4040.303383638715,55186.61149880848,76066.50314481356,19953.83254942996,18727.604365038263,1011.4985744980022,4319.91985158653,10800.0,7950.0,39,46,2025-02-22,0,104939.27037538838,0,0
2025-02-24,51868.90207110782,1550.4712784038027,53419.373349511625,78652.21140021237,23373.742309357593,19067.73127057965,315.80366596741595,6458.970410735176,7950.0,7800.0,22,47,2025-02-23,0,103615.84458915486,0,0
2025-02-25,50901.085944438244,1401.2021587541747,52302.28810319242,78467.68418082253,23112.56976632268,18586.181510721373,326.8780883361686,8446.850780224066,7800.0,7950.0,21,48,2025-02-24,0,102749.06471168314,0,0
2025-02-26,50465.40263220072,2992.6505050171963,53458.05313721792,76460.08667193507,21368.5127386618,17983.495318316054,686.24292398236,4946.464142238355,7950.0,7200.0,29,49,2025-02-25,0,101220.71001463705,0,0
2025-02-27,46855.14924316483,2717.4304616556956,49572.57970482052,71445.9591911081,17187.628119315315,18646.978776645406,483.46003042113335,6432.185678859317,7200.0,1950.0,19,50,2025-02-26,0,66102.6517988722,0,0
2025-02-28,16362.197892536631,637.4534841405607,16999.651376677193,40606.05541078916,22950.95703126918,14540.275195328037,220.15319990871194,9122.933224756733,1950.0,6450.0,20,51,2025-02-27,0,28963.30715049615,0,0
2025-03-01,16125.497760484795,1234.8220396690629,17360.31980015386,39845.72303811847,23051.220186855062,14756.4883513526,365.46425230409324,8257.68952158677,6450.0,10800.0,23,52,2025-02-28,0,60878.75992429211,0,0
2025-03-02,47192.20457973318,20745.8134185661,67938.01799829928,71296.61434128207,18586.884646802653,17755.376563910148,4704.715551507331,2811.514743230233,10800.0,7800.0,56,53,2025-03-01,0,96161.16738101648,0,0
2025-03-03,47999.19141676613,15797.49684972538,63796.68826649151,72870.84120986017,19962.404051985333,18194.547282108117,3333.8133960988844,2419.6512027485123,7800.0,5550.0,67,54,2025-03-02,0,96743.11799214821,0,0
2025-03-04,50497.850578249185,3329.2532583362076,53827.10383658539,77920.07316663793,24318.162322945896,18347.711481586175,832.8861065711601,3583.0504985160405,5550.0,7050.0,39,55,2025-03-03,0,98196.26355485519,0,0
2025-03-05,50231.956751747406,699.8537951045276,50931.810546851935,79008.47365745927,24994.231943668656,18895.327874371607,151.82749330324444,6930.925064798798,7050.0,8550.0,12,56,2025-03-04,0,98866.8354411296,0,0
2025-03-06,46188.468014543076,819.6500807699418,47008.11809531302,69167.81024034396,15424.796474697132,18434.085144504676,206.81431623160114,6443.259093049766,8550.0,1950.0,19,56,2025-03-05,0,63494.74485134023,0,0
2025-03-07,15377.54887975661,338.6132882863829,15716.162168042993,37761.34112879465,20862.769669017973,13523.84343190456,142.8586554112705,9642.988013759179,1950.0,5700.0,14,56,2025-03-06,0,27485.7277491901,0,0
2025-03-08,15623.256141252974,736.1633393244825,16359.419480577457,38716.06410510723,22441.442355182975,13587.56830769821,277.1584464342771,11076.208987390073,5700.0,10800.0,18,56,2025-03-07,0,60351.760361923916,0,0
2025-03-09,45853.14577248247,850.8697891784315,46704.015561660904,72116.52592864376,19617.89905119781,18455.498231470225,209.41325137297315,7830.013310289157,10800.0,7950.0,16,56,2025-03-08,0,95648.00609478059,0,0
2025-03-10,47594.03008384306,7274.88213844397,54868.91222228703,72776.76827451163,21408.80655118556,18016.133306460302,1957.8431235438957,3299.866703330282,7950.0,7200.0,52,56,2025-03-09,0,92820.40041172004,0,0
2025-03-11,46782.15732311257,2019.100428049229,48801.25775116181,73628.94592537291,21790.72661400857,17785.48855734694,481.87299651077024,6166.662065222063,7200.0,7050.0,26,56,2025-03-10,0,92283.45984951271,0,0
2025-03-12,46538.67415312162,1432.4082240881687,47971.08237720979,74359.89574056499,23394.734468356906,18274.73491936909,410.5072981122452,7214.868806356081,7050.0,7800.0,25,56,2025-03-11,0,90923.87190647327,0,0
2025-03-13,44008.01368706309,11364.373873962819,55372.387561025906,66527.88563209113,17196.455404111028,19194.12887732993,2629.213498908469,3609.1545875518304,7800.0,1950.0,53,56,2025-03-12,0,58927.43202615718,0,0
2025-03-14,14568.646040628122,583.0507471862194,15151.69678781434,36998.531574521316,20622.027154492283,12915.845870563915,201.97479213151922,13464.899099391132,1950.0,6158.884582860921,19,56,2025-03-13,0,26119.417157054242,0,0
2025-03-15,14783.902599837691,1748.3457747140153,16532.248374551706,36486.7660134386,20667.119235816324,13103.362705586052,597.625963010519,8596.51029621885,6158.884582860921,10200.0,30,56,2025-03-14,0,55613.21490777523,0,0
2025-03-16,44773.29718133125,2853.6388690889326,47626.936050420176,70931.09466501215,20403.489455597908,17876.826459034306,689.8842781769962,5743.269013292208,10200.0,8700.0,33,56,2025-03-15,0,90107.00323489598,0,0
2025-03-17,44017.49312927047,719.0035344519285,44736.4966637224,71635.47050536801,20943.257871746348,17774.038876114544,181.69262092970587,10789.812697332583,8700.0,7800.0,11,56,2025-03-16,0,89928.1689495017,0,0
2025-03-18,43373.75089121101,4397.994618858749,47771.74551006977,69670.74740974337,19648.706143503616,17130.451976237928,802.6367610713255,6829.171636882348,7800.0,6450.0,25,56,2025-03-17,0,87320.16587871709,0,0
2025-03-19,44202.06793612735,1661.7989673702102,45863.86690349756,73000.87804310097,24021.25263092384,18107.214631048308,337.75084507914477,7959.120438304585,6450.0,7950.0,18,56,2025-03-18,0,86629.27857879676,0,0
2025-03-20,41035.6525878835,2706.1284368426905,43741.781024726195,63984.260623125694,15813.928966617998,18209.282462960575,631.4502682497181,4802.102571051328,7950.0,1950.0,32,56,2025-03-19,0,56391.518682831265,0,0
2025-03-21,13750.806250872525,730.6250031797115,14481.431254052237,35161.20055614108,19573.14385565305,12479.246523078968,253.44952597462054,16287.288232874953,1950.0,5700.0,21,56,2025-03-20,0,24570.181347040005,0,0
2025-03-22,14311.066421962381,548.3958866331316,14859.462308595512,36120.4945570906,21499.999999999996,13364.999999999996,245.83243194727868,12350.12725570454,5700.0,10200.0,18,56,2025-03-21,0,51816.23549202253,0,0
2025-03-23,40455.19392413241,3325.1837468450594,43780.37767097747,65551.27345483936,19326.47790039473,17679.447099319725,812.7681368764186,5947.290673974117,10200.0,7950.0,39,56,2025-03-22,0,82280.41036423454,0,0
2025-03-24,40976.00650842228,2253.1178564113084,43229.12436483359,66734.46815022393,20819.681055364843,17538.94165484552,619.4481671570314,6074.679833528296,7950.0,7200.0,27,56,2025-03-23,0,81340.06370993743,0,0
2025-03-25,41415.64597020257,4728.379659180989,46144.025629383555,67715.6660085643,21338.996465650464,17419.587137176874,1157.8980352253418,4004.029998649377,7200.0,7050.0,42,56,2025-03-24,0,81423.07318269688,0,0
2025-03-26,41378.95692394449,538.9662293602289,41917.92315330472,68774.13896345616,22495.64169765684,18086.469775102043,178.6525260034013,8951.0647002381,7050.0,7200.0,14,56,2025-03-25,0,81823.22621679859,0,0
2025-03-27,38656.96181382655,2297.98729871585,40954.9491125424,61982.78075403313,16176.049805807508,17827.60034270408,620.4955455158719,5537.837436445579,7200.0,1950.0,30,56,2025-03-26,0,53328.04864221894,0,0
2025-03-28,13425.418968955071,1064.7071607883306,14490.126129743403,34356.338998318424,18909.15676811435,12151.550369842687,328.9917589285705,17105.84359230867,1950.0,5466.518458144368,17,56,2025-03-27,0,23589.954215995815,0,0
2025-03-29,13709.065524449014,637.2268781592493,14346.292402608264,35640.21321164966,20666.666666666664,12479.866612329932,195.36825409863883,19941.572228078232,5466.518458144368,10200.0,20,56,2025-03-28,0,49282.19600242809,0,0
2025-03-30,37674.48271093427,2255.6173532722346,39930.10006420651,62899.856902056614,19077.31635225078,17477.62624532313,566.4810363945573,6521.028131523526,10200.0,7950.0,23,56,2025-03-29,0,77348.59356376126,0,0
2025-03-31,38583.42792083473,7199.0228390464545,45782.45075988118,63815.574470003565,20598.371018875452,17359.680525289114,1717.7063613888893,5343.200854472788,7950.0,7200.0,42,56,2025-03-30,0,76384.6777924568,0,0
2025-04-01,39581.58358625466,10253.443986564072,49835.02757281873,63714.474309772784,20638.030297258614,17391.804540779478,3055.9881590362834,3315.385195663263,7200.0,6450.0,52,56,2025-03-31,0,75808.78224139105,0,0
2025-04-02,39930.74007315008,13054.452613300413,52985.1926864505,66672.64893625828,23171.810541173258,17419.166538350342,3006.3464219217694,3491.015955357143,6450.0,7950.0,52,56,2025-04-01,0,75857.17220731362,0,0
2025-04-03,37292.3126715303,2147.213239196892,39439.52591072719,59535.834027160075,14934.749696921981,17497.147254506803,481.67730991496677,6716.378627993198,7950.0,1950.0,27,56,2025-04-02,0,51587.60366397668,0,0
2025-04-04,12786.274066229575,485.18579807982167,13271.459864309396,33116.48018205741,17864.264551734275,11770.05428690476,139.70500139455757,20731.172668622447,1950.0,4950.0,16,56,2025-04-03,7,22954.209901922335,0,0
2025-04-05,13984.511721908393,842.279778578721,14826.791500487114,35918.28005865646,20666.666666666668,12014.999999999998,308.5091020748287,15531.00751073129,4950.0,10200.0,21,56,2025-04-04,0,46989.17482947187,0,0
2025-04-06,38650.34476754373,725.1591065257891,39375.503874069516,63644.44172411397,19112.593620202406,17506.200832363946,188.12069045918315,7816.093360068027,10200.0,7950.0,13,56,2025-04-05,0,76640.14001971854,0,0
2025-04-07,37900.285335778586,564.2735888189719,38464.55892459756,63174.64888240216,19039.548013269505,17447.033890748295,171.98681384353532,8511.402290391154,7950.0,5700.0,19,56,2025-04-06,0,76719.37471326809,0,0
2025-04-08,38673.98682802941,2916.593738364654,41590.58056639406,65912.02964205678,22356.144428655418,17433.47698721088,647.4680583333325,7283.636642278911,5700.0,6450.0,35,56,2025-04-07,0,75711.30667332091,0,0
2025-04-09,39367.325344066754,7270.5580597647595,46637.88340383152,66009.11636477597,22961.61831282019,17383.910833384354,1923.1060937244915,3220.203962397959,6450.0,7800.0,49,56,2025-04-08,0,74940.33740903092,0,0
2025-04-10,35872.831454073144,2785.3145985399283,38658.146052613076,58566.2090704153,15112.065579701017,17505.773119557824,597.3783513095235,7096.657061581634,7800.0,1950.0,27,56,2025-04-09,0,50304.5740392205,0,0
2025-04-11,12623.77609869203,857.9861209061164,13481.762219598146,32010.08002701079,17168.89690988494,11623.680931802723,242.83537253401408,21391.04925479592,1950.0,4486.80618356009,22,56,2025-04-10,9,22314.89394921264,0,0
2025-04-12,13738.21114265134,501.747503267485,14239.958645918827,36017.72516232658,21148.380386663306,11988.31367840136,158.6352567687079,17991.133160833335,4486.80618356009,10200.0,10,56,2025-04-11,1,45975.05367633308,0,0
2025-04-13,36824.80312837634,1513.5721031663977,38338.37523154274,60614.070931124545,18184.673353573526,17564.585416394555,347.8125434693885,6065.437054081634,10200.0,7050.0,19,56,2025-04-12,0,73357.1499403183,0,0
2025-04-14,36841.9370426927,1397.576115015801,38239.5131577085,62117.185129024096,19963.278386915255,17385.25549340136,373.8466107653069,7384.977046275511,7050.0,5700.0,24,56,2025-04-13,0,73199.15022800767,0,0
2025-04-15,37429.664326704486,1254.6255817781775,38684.289908482664,64840.12785783069,22267.17012490552,17361.407801173467,273.35462517006937,10068.291325935375,5700.0,6450.0,16,56,2025-04-14,0,73698.87114181643,0,0
2025-04-16,37913.983766596095,1925.5763338991708,39839.56010049526,63371.40921029772,20955.41496495759,16973.886121615644,584.269055816328,4194.557472772111,6450.0,6450.0,30,56,2025-04-15,0,72769.52440169899,0,0
2025-04-17,35024.88012034741,922.4453029880422,35947.325423335446,58297.88372947092,15858.601258762072,16895.467019597276,205.48116238095207,6671.888302687078,6450.0,1950.0,15,56,2025-04-16,0,48434.86245607012,0,0
2025-04-18,11731.488745129374,297.5501272774648,12029.038872406838,30010.77106078021,15567.938585201982,11260.030254013605,128.16789583333292,19476.913442091834,1950.0,3450.0,14,56,2025-04-17,14,21450.627730814045,0,0
2025-04-19,13449.446749750261,501.8672246539626,13951.313974404224,35842.2459236699,21778.772237360372,11565.805512261906,219.06132010204084,19063.661268673473,3450.0,10200.0,13,56,2025-04-18,4,44035.034162300486,0,0
2025-04-20,35070.13163351884,1689.6261531318753,36759.75778665072,58508.75152695032,17116.4958068993,17374.361603588433,386.94058780612335,7195.813028112244,10200.0,6300.0,21,56,2025-04-19,0,71088.94033225656,0,0
2025-04-21,36050.15352951741,1221.4379303428732,37271.59145986029,62612.644686574706,21660.477601914845,17409.986857551023,340.30403557823104,10185.547594455782,6300.0,6450.0,21,56,2025-04-20,0,70784.35598097541,0,0
2025-04-22,37025.06660607508,1508.7990398691575,38533.865645944235,62854.33961958706,21570.34684745066,16796.980946435033,461.6808460034015,6389.725247908169,6450.0,7200.0,29,56,2025-04-21,0,70642.97805296101,0,0
2025-04-23,36289.648357976825,628.7370741244478,36918.38543210127,60903.83586995655,19712.21557719703,17316.894617529593,163.80887030612303,7272.407063928576,7200.0,5700.0,18,56,2025-04-22,0,70808.23276739623,0,0
2025-04-24,34665.17727455385,970.4674675251116,35635.644742078955,57983.405804361275,17233.827699914335,17334.40043693061,175.78805802721104,11169.659899404765,5700.0,1950.0,13,56,2025-04-23,0,46781.13302255038,0,0
2025-04-25,10893.035006463002,506.0172750944392,11399.05228155744,28750.966264127193,14740.890482069372,10828.23287047619,130.00771403061242,22967.958716564623,1950.0,3185.431577777778,11,56,2025-04-24,5,20548.43037226263,0,0
2025-04-26,13271.914275704736,678.8431489773554,13950.757424682091,35300.55704491497,21500.0,11101.88842,207.49844212585046,25039.750273707483,3185.431577777778,10200.0,20,56,2025-04-25,4,41544.37228093074,0,0
2025-04-27,31837.37243397983,4586.672098293724,36424.044532273554,53724.17617956958,15458.534582052574,16571.413011462584,1079.7284629591836,7343.311888605441,10200.0,5700.0,36,56,2025-04-26,0,66549.42573447118,0,0
2025-04-28,35044.33229486686,17157.993936093237,52202.32623096009,58985.30633296044,20810.729581191732,16410.810284234693,4433.70322377551,2397.1229431122465,5700.0,6195.422973922901,66,56,2025-04-27,0,66304.9267850534,0,0
2025-04-29,35121.727600766215,2465.407198028404,37587.134798794614,60921.84972500588,21215.61629553309,16493.205753027207,613.4827364115653,9379.7082022449,6195.422973922901,6963.693469872451,19,56,2025-04-28,0,68328.1631089955,0,0
2025-04-30,34591.12512557157,2303.3962468939026,36894.52137246547,59373.40579628369,19236.064597932942,15368.536447210885,702.8333573129252,7951.856569541231,6963.693469872451,7200.0,27,56,2025-04-29,0,67876.80023906636,0,0
2025-05-01,32701.64360619588,13008.82748523373,45710.47109142961,53055.86820624423,14170.49215012178,16203.098641598637,2702.5885442857134,6779.684442006805,7200.0,1950.0,66,56,2025-04-30,0,44703.090458758925,0,0
2025-05-02,11551.555164845751,8659.819039527321,20211.374204373074,28360.3415087753,13999.278913622238,10519.930875459184,2462.591703367347,13053.26509064626,1950.0,2860.538938416478,68,56,2025-05-01,9,20974.232486743156,0,0
2025-05-03,14467.434612104158,4678.7340502367,19146.168662340857,36445.57074001134,21230.732824263043,10591.378632227892,1063.4309461054418,18002.47584408163,2860.538938416478,10200.0,35,56,2025-05-02,9,43916.61780791262,0,0
2025-05-04,37446.999019629184,3757.785530042107,41204.7845496713,60249.303043276435,17585.418113735617,16944.188672125852,877.69068462585,8751.096952959186,10200.0,7200.0,39,56,2025-05-03,0,73186.48850765028,0,0
2025-05-05,38294.120681054505,5630.54930345181,43924.66998450631,62065.04733648127,16992.797604287396,15789.16605947279,1267.1771107142854,7052.586102380955,7200.0,4950.0,40,56,2025-05-04,0,74369.57831742053,0,0
2025-05-06,41284.07528454581,4060.12347589864,45344.19876044445,67775.78145189825,23405.480066507094,16553.73314670068,968.3412784863949,9022.293443911565,4950.0,7621.89523018896,36,56,2025-05-05,0,74877.44616882537,0,0
2025-05-07,39713.261854076714,2983.066864778928,42696.32871885564,64213.857499488535,18806.703264154705,16103.8935162585,615.5066538158231,7058.708455408162,7621.89523018896,6654.71314986319,30,56,2025-05-06,0,76712.50935115207,0,0
2025-05-08,39242.75481558537,2835.710335454242,42078.465151039614,61171.468977511126,15657.13259125389,16916.51923379252,688.8822347959182,7293.225454845675,6654.71314986319,1950.0,23,56,2025-05-07,0,53678.1013963286,0,0
2025-05-09,13445.758858903664,307.3836297412757,13753.14248864494,30993.06243009847,13518.330801986227,10711.85743819728,118.11976205782321,19805.322978367345,1950.0,2214.433901568405,11,56,2025-05-08,1,25720.205161883096,0,0
2025-05-10,16308.301447959731,627.2179644723091,16935.51941243204,38977.7947184043,21874.63501200974,10666.444871139454,210.1295404761895,15858.688834676866,2214.433901568405,10050.0,20,56,2025-05-09,10,48119.201971514885,0,0
2025-05-11,38791.409169785016,1920.4813653244698,40711.89053510948,62093.857259043,16817.416453430757,16997.107327278914,464.9494650680265,7254.418514625852,10050.0,6300.0,28,56,2025-05-10,0,77393.60969249505,0,0
2025-05-12,41543.3664723316,2783.4197406057383,44326.78621293734,67465.62946613065,21905.486256487784,17608.443867755104,830.5779326190445,12067.969776683676,6300.0,6450.0,21,56,2025-05-11,0,77918.20305373668,0,0
2025-05-13,40473.267611364594,784.7707704038178,41258.03838176841,66351.8505987623,21272.87145777148,17231.025880794896,190.42351267006825,9371.21576778912,6450.0,6450.0,12,56,2025-05-12,0,76787.05470316716,0,0
2025-05-14,40857.08169617472,860.5460516200592,41717.62774779478,68081.40349068846,21905.894713970774,16528.774718316323,288.695406717687,9978.830118418366,6450.0,7800.0,17,56,2025-05-13,0,78171.21543168127,0,0
2025-05-15,37926.895592819055,1579.2533567101611,39506.14894952921,60115.90869520534,14036.555416225754,16634.609887142855,407.8169168707483,10356.721799659861,7800.0,1950.0,21,56,2025-05-14,0,53245.827114089494,0,0
2025-05-16,12803.177915705037,833.9154684023202,13637.093384107357,30250.9206804027,13748.399607919708,10461.203682414965,288.8502568027206,24537.06847836735,1950.0,2700.0,14,56,2025-05-15,1,24860.57267989566,0,0
2025-05-17,15439.257532874683,2169.287596204081,17608.545129078764,37556.7685735034,21499.999999999996,10664.999999999998,618.9354034863945,16891.904893656465,2700.0,10200.0,25,56,2025-05-16,16,47166.98008451185,0,0
2025-05-18,36317.90790427122,2505.401897423245,38823.309801694464,57612.57879540033,12465.362538895399,15496.943656505275,731.868725374149,7699.860538384358,10200.0,4200.0,29,56,2025-05-17,0,75508.03771241766,0,0
2025-05-19,38723.65915832473,1354.2893018783834,40077.948460203115,65249.988367123966,19945.168610355257,15480.586574387753,227.72809979591824,13497.917880952384,4200.0,4950.0,13,56,2025-05-18,0,75061.50956709827,0,0
2025-05-20,37954.31264169679,2776.6883431102597,40731.00098480705,62772.92252114534,18458.808049529693,15626.634520119047,599.4392137585027,6012.79338882653,4950.0,4200.0,29,56,2025-05-19,0,73935.33013912989,0,0
2025-05-21,39609.37448410209,2747.315991032682,42356.69047513477,65666.20234629,20855.073684555307,15542.609684489797,720.0200867176859,9711.14314960884,4200.0,5700.0,25,56,2025-05-20,0,75374.07172475486,0,0
2025-05-22,36851.52632614931,452.73081025638567,37304.25713640569,58966.107395579274,14063.917062841185,15441.772820901359,117.92357993197271,9645.255916904762,5700.0,1200.0,11,56,2025-05-21,0,52229.728024449556,0,0
2025-05-23,12591.661710766948,360.89788257813825,12952.559593345088,29818.11865621357,13596.602613798605,10073.097647959183,162.21055739795924,20035.875364438773,1200.0,2244.611632464096,14,56,2025-05-22,2,24406.545069717427,0,0
2025-05-24,15457.5135527112,495.58019023286437,15953.093742944064,37523.65680256173,21340.255774568526,10255.150469217686,173.99468079931938,22858.044794676876,2244.611632464096,10056.230197111678,18,56,2025-05-23,5,47302.38724806418,0,0
2025-05-25,35376.22120538545,893.8223242022427,36270.043529587696,56022.501793564734,11723.745970977157,15441.841413892009,180.71356778911513,11376.30062093537,10056.230197111678,3450.0,15,56,2025-05-24,0,74669.4414558233,0,0
2025-05-26,36977.567101228735,5661.787021169819,42639.35412239855,60629.8488103922,17293.125867262952,15357.43195248299,1560.0213301530612,5674.3432757653045,3450.0,1950.0,37,56,2025-05-25,0,73386.08406745564,0,0
2025-05-27,39067.228537912604,663.5371675378285,39730.76570545044,65762.29993070086,21753.064362979763,15594.982134013606,239.04675904762036,10452.897160782315,1950.0,4200.0,18,56,2025-05-26,0,74029.53038658976,0,0
2025-05-28,37528.354368329005,3132.5069985740083,40660.86136690302,61292.24529396699,17816.780309477195,15455.702294234692,986.2402929421778,7643.583471666666,4200.0,3062.099729379819,35,56,2025-05-27,0,73922.507312682,0,0
2025-05-29,37576.32412134858,4296.170965192887,41872.495086541465,60563.936636159815,17165.852082078185,15580.22994292517,1025.9755281122457,5894.16652511905,3062.099729379819,1200.0,37,56,2025-05-28,0,51412.286320671716,0,0
2025-05-30,12581.145010455168,1225.1525109557385,13806.297521410906,29404.547730916056,13066.711602565723,9909.036398078233,453.05000193877487,20103.689261700674,1200.0,1950.0,18,56,2025-05-29,0,24473.44887577862,0,0
2025-05-31,15061.782394601812,1197.696328469346,16259.478723071159,38158.92138937054,22335.569956139247,10666.811664472787,466.72630984693865,18567.70785755102,1950.0,10200.0,21,56,2025-05-30,1,47106.82072849647,0,0
2025-06-01,39222.93520945789,50229.02172641802,89451.9569358759,56734.7376555988,12439.916300054592,16151.332203044218,11656.60667442177,877.9339330102035,10200.0,3450.0,117,56,2025-05-31,0,75651.98860952137,0,0
2025-06-02,43670.19769743077,35500.01091677822,79170.20861420898,66369.96628381658,19020.504026084443,16891.6082611284,7787.913708911564,3388.176777772109,3450.0,1800.0,110,56,2025-06-01,0,80949.56443021487,0,0
2025-06-03,48320.54489434952,13888.409623855341,62208.95451820486,73379.82569838827,23421.09093074032,17486.083653899655,3017.2411259523824,2269.6927141666683,1800.0,3450.0,83,56,2025-06-02,0,85629.44635183594,0,0
2025-06-04,49796.38662310168,11200.68261576385,60997.06923886553,74117.65075250146,20956.47569160011,17649.74531019609,2808.188890527209,3973.8484449579946,3450.0,2700.0,71,56,2025-06-03,0,90286.36490455625,0,0
2025-06-05,52103.92053077557,5977.720746296359,58081.641277071925,75869.6517690136,20687.27679931973,18106.694207448978,1467.0323102891152,3606.7834707653055,2700.0,1200.0,50,56,2025-06-04,0,66134.90104728707,0,0
2025-06-06,19069.77955555303,5290.9918394121705,24360.7713949652,37530.3849249473,13733.927829386079,10449.481541802721,1518.5605492006812,4909.503786564626,1200.0,1950.0,39,56,2025-06-05,7,34135.41241114851,0,0
2025-06-07,23673.1732067913,2005.067897676054,25678.241104467354,48511.2846837583,22768.69378607122,11152.641966717685,606.8710581972786,6375.590755935375,1950.0,10050.0,26,56,2025-06-06,0,68578.43925757548,0,0
2025-06-08,56623.62655640765,34.61715433673563,56658.24371074439,80137.81185236394,15833.333333333334,20115.000000000004,8.121326530612464,19242.67657889456,10050.0,1950.0,1,56,2025-06-07,0,112149.22952446704,0,0
2025-06-09,59872.78670122253,642.7622749890749,60515.54897621161,86053.41420868019,23035.87127429243,19334.055732176872,209.34886180272144,11628.234795034015,1950.0,1200.0,8,56,2025-06-08,0,109299.84725258013,0,0
2025-06-10,60865.511005827095,589.3700302549761,61454.88103608207,87980.71741386055,24833.333333333336,19440.0,195.79649644557873,11164.736343639455,1200.0,1950.0,9,56,2025-06-09,0,109890.10800467458,0,0
2025-06-11,60231.0608545724,4452.841712493659,64683.90256706606,87201.75278391976,23596.22938063744,19112.945798316327,862.7143876870738,7496.737272619051,1950.0,1950.0,22,56,2025-06-10,0,110107.69142956212,0,0
2025-06-12,60514.082954914295,624.4761644463429,61138.55911936064,86904.1022781832,22827.978685479127,19165.662735238097,176.7063605102038,10966.101255119049,1950.0,1200.0,12,56,2025-06-11,0,77969.3818331062,0,0
2025-06-13,20946.057340831303,643.3323392533059,21589.38968008461,42429.51714781011,13680.617287435958,11081.300002823129,144.38949457482943,11629.27565777211,1200.0,1200.0,13,56,2025-06-12,0,37971.41555502803,0,0
2025-06-14,25587.14451588543,242.19441282601167,25829.33892871144,52220.58977657344,23563.865463750317,11121.731025637757,109.45203727891146,13694.564625739793,1200.0,10050.0,8,56,2025-06-13,0,73921.20721039534,0,0
2025-06-15,57162.84123533071,0.4188708333331068,57163.26010616404,79880.31141807066,14735.829773053667,19226.02211617347,0.1541666666665833,13743.683594523807,10050.0,1950.0,1,56,2025-06-14,0,115433.66829713063,0,0
2025-06-16,61715.781953913756,503.65441423621616,62219.436368149974,87826.14017319727,22333.333333333336,18765.0,178.83466032312913,11742.588683520406,1950.0,1200.0,13,56,2025-06-15,0,115609.19442440441,0,0
2025-06-17,62054.24315739455,3339.9714226688284,65394.21458006338,89066.62021138427,24603.151929054337,19928.55306253401,693.5568847278912,10448.567012925168,1200.0,1200.0,21,56,2025-06-16,0,116224.57152267187,0,0
2025-06-18,62456.89063756571,153.63967513799193,62610.530312703704,89964.51208033237,24563.060059124888,19221.078647891154,51.718046275510005,13745.857815374147,1200.0,1950.0,7,56,2025-06-17,0,116953.33732881174,0,0
2025-06-19,59726.305160456424,832.2189040414019,60558.524064497826,87021.35993415218,22525.883994016127,18920.966035153062,234.8983210714282,15391.836096360545,1950.0,1200.0,13,56,2025-06-18,0,80168.05097033945,0,0
2025-06-20,20246.253720618337,410.75688542397864,20657.010606042317,41352.55735303939,13613.740924876123,11027.13014914966,201.44641909863924,16566.812146411565,1200.0,1200.0,12,56,2025-06-19,0,38331.66365456831,0,0
2025-06-21,23064.361818223093,1037.1901977117025,24101.552015934798,49515.72184740111,22583.138445326276,11002.342140714285,311.2889001360548,18911.474042925172,1200.0,9300.0,13,56,2025-06-20,0,73660.21634108762,0,0
2025-06-22,55562.699350641386,239.57203756840974,55802.271388209796,77759.87447951939,14326.532332325523,18894.491189183675,89.45312221088432,14959.945358588433,9300.0,1200.0,5,56,2025-06-21,0,115546.04705765181,0,0
2025-06-23,57854.90576697789,189.2980327566322,58044.203799734525,85222.72033502226,21993.18100468212,17814.476613792514,78.67403607142842,14061.403980204084,1200.0,1200.0,6,56,2025-06-22,0,113711.38424639641,0,0
2025-06-24,58423.825147791234,9643.054011865306,68066.87915965654,83793.17645126922,23232.957923973296,18818.695918418365,1981.588462619047,5091.7106583333325,1200.0,1200.0,38,56,2025-06-23,0,111388.9405664316,0,0
2025-06-25,57155.62576541442,2525.649383867932,59681.27514928236,84226.00450121168,22903.387241160664,18551.743665340135,644.4047677891151,10081.344326513605,1200.0,1200.0,14,56,2025-06-24,0,112656.12104342655,0,0
2025-06-26,56191.960709347375,507.0737138668067,56699.03442321418,83956.1294422789,23166.666666666668,18765.0,96.24322719387828,12103.322169472789,1200.0,1200.0,11,56,2025-06-25,0,78244.53783909239,0,0
2025-06-27,17842.671650466214,519.4389959703931,18362.11064643661,37474.173496606825,13369.5737547871,10829.354741377552,195.40532831632714,15357.713944846942,1200.0,1200.0,14,56,2025-06-26,0,36558.740671409076,0,0
2025-06-28,21600.116513838457,706.8840627326792,22307.000576571136,45939.52517193227,22653.399356303016,11059.253478605442,252.72477321428568,12821.177950782314,1200.0,9300.0,18,56,2025-06-27,0,71459.91073915154,0,0
2025-06-29,53694.75198295499,974.2593016635165,54669.01128461851,75158.73109618564,14194.25666127068,18787.34789562925,282.07747811224573,10766.131275323125,9300.0,1200.0,15,56,2025-06-28,0,115155.76144647496,0,0
2025-06-30,56438.917899179425,2525.824771675874,58964.742670855296,83367.62761824956,22582.766429831194,18292.040808163267,614.2164132993195,9813.434426547621,1200.0,1200.0,18,56,2025-06-29,0,113754.70022456544,0,0
2025-07-01,61072.47362686403,23227.349550804793,84299.82317766882,83287.97655556122,23166.666666666668,18765.0,5607.942160901359,5627.708016462588,1200.0,1200.0,84,56,2025-06-30,0,113063.99649701014,0,0
2025-07-02,61217.03958976415,18296.43372776107,79513.47331752522,84361.44122557277,22692.13183411019,17840.626785629254,4264.532689064626,10869.702499489797,1200.0,1800.0,79,56,2025-07-01,0,113987.93097245753,0,0
2025-07-03,62576.95528435377,15660.6973683371,78237.65265269087,83796.1848967517,21666.666666666668,18090.0,3539.2277760714287,3998.3270728231296,1800.0,1200.0,86,56,2025-07-02,0,81544.21180698692,0,0
2025-07-04,23663.576476585382,6219.731986039503,29883.308462624886,41276.74218762325,13899.410009868147,11258.522107993198,1675.6174259523814,11430.604245034014,1200.0,1200.0,55,56,2025-07-03,0,43704.574949715716,0,0
2025-07-05,28081.097018170916,2888.150898946646,30969.247917117562,51022.5741882483,21333.333333333336,11339.999999999998,842.2265859863959,13081.38747423469,1200.0,7800.0,33,56,2025-07-04,0,79684.50735359888,0,0
2025-07-06,63224.57127924142,6994.123205353628,70218.69448459505,82151.95271303963,14489.443221064292,17676.449009062075,1303.1260111734694,6848.102962210886,7800.0,1200.0,36,56,2025-07-05,0,123334.71900648338,0,0
2025-07-07,66065.83961561772,778.7399699625113,66844.57958558023,89185.32636362077,22138.656985848662,17932.312158537417,262.69696408163327,11832.195733724491,1200.0,1200.0,14,56,2025-07-06,0,127673.22469039251,0,0
2025-07-08,67849.29382393735,1034.4318412191494,68883.72566515648,91206.77478067839,22173.207474300834,17960.298054183677,225.74354977891153,11648.221893673472,1200.0,1200.0,14,56,2025-07-07,0,129230.3366648889,0,0
2025-07-09,66657.8776930717,792.4445182539432,67450.32221132565,89904.03808467372,22018.044804673726,17834.616291785715,169.9634220408155,11831.847977159863,1200.0,1200.0,10,56,2025-07-08,0,127305.77283843578,0,0
2025-07-10,66484.0767091181,735.1069954375649,67219.18370455567,89245.75598549392,21922.09997413559,17756.90097904983,198.58012020408114,12425.513727278912,1200.0,1200.0,8,56,2025-07-09,0,92596.70657627643,0,0
2025-07-11,26914.064275673696,891.6509095586757,27805.71518523237,45661.54843129672,13859.323419732089,11226.051969982993,280.05014241496684,10789.549973962587,1200.0,1200.0,19,56,2025-07-10,0,50167.49050921216,0,0
2025-07-12,29371.964306455095,453.48518145589503,29825.449487910988,52416.11246923973,20917.743687011844,11543.372386479592,143.47053891156526,12100.968374285712,1200.0,7200.0,8,56,2025-07-11,0,82015.06365755269,0,0
2025-07-13,59022.05695382627,847.863597781888,59869.92055160816,80075.62537905018,14709.780173393385,17314.92194044864,125.80823450680282,13538.854980612245,7200.0,1200.0,10,56,2025-07-12,0,122055.64936011114,0,0
2025-07-14,62233.31448545815,648.5158335665463,62881.830319024695,85191.5344632083,21264.606589567484,17224.331337549662,128.46185889455762,9472.041853418366,1200.0,1200.0,9,56,2025-07-13,0,123742.54350643145,0,0
2025-07-15,65722.6782568213,3306.98402087397,69029.66227769527,88852.32093589104,21389.9874054237,17325.889798393197,997.9965008843535,13037.169246411562,1200.0,1200.0,18,56,2025-07-14,0,128223.22343284042,0,0
2025-07-16,64858.236347095786,2145.2046773244656,67003.44102442024,87141.5059605522,21254.974386096415,17216.529252738095,514.9022080612245,11483.399651921769,1200.0,1200.0,16,56,2025-07-15,0,125666.2319328701,0,0
2025-07-17,64073.23775047017,3044.700827328511,67117.93857779869,86535.44289653318,21245.581281341856,17208.920837886904,631.524498758503,10409.890885170065,1200.0,1200.0,20,56,2025-07-16,0,92126.75519161587,0,0
2025-07-18,25772.04469562957,460.15352323225017,26232.19821886182,44959.7670120278,13869.771744918955,11234.515113384354,145.75697651360485,11196.019257006801,1200.0,1200.0,9,56,2025-07-17,0,50782.95950251097,0,0
2025-07-19,28557.95258184495,661.6486115185469,29219.601193363498,51266.08887014361,19968.033245653816,10774.10692897959,197.92827971088448,15087.271783180271,1200.0,7200.0,16,56,2025-07-18,0,81386.97577179979,0,0
2025-07-20,57837.43552157279,1851.0029398042084,59688.438461376994,77509.53777740893,14590.346113108257,17218.180351617688,458.42033921768655,8505.814138469388,7200.0,1200.0,15,56,2025-07-19,0,119844.63437921855,0,0
2025-07-21,63020.61034157152,2473.5798178254786,65494.190159396996,84952.22524609206,21095.163716632025,17087.08261047194,612.8411475510211,7567.235937482994,1200.0,1200.0,22,56,2025-07-20,0,124870.38509043638,0,0
2025-07-22,65399.682034820114,2727.0468024075267,68126.72883722764,88928.72881194422,21681.842511127907,17562.292434013605,549.8691783503399,11563.903296513605,1200.0,1200.0,10,56,2025-07-21,0,130272.71420067514,0,0
2025-07-23,64478.19875471678,1358.8758167601197,65837.0745714769,87843.14807129398,21451.681744100108,17375.862212721087,342.3771572278914,9893.158580476193,1200.0,1200.0,13,56,2025-07-22,0,128683.51248672175,0,0
2025-07-24,64592.079324634135,3839.9294919682034,68432.00881660233,87474.43664600424,21763.47680299404,17628.41621042517,779.5978254081626,10502.501878843539,1200.0,1200.0,19,56,2025-07-23,0,94712.22181597515,0,0
2025-07-25,25519.781866477453,627.5120071526835,26147.293873630137,44661.951588256066,13345.106844463546,10809.536544015476,164.58454511394558,15785.646266255275,1200.0,1200.0,8,56,2025-07-24,0,51703.83355951354,0,0
2025-07-26,28462.62200469957,641.325119498964,29103.947124198534,51012.31102771731,19840.507179894183,10670.810815714285,214.31313731292536,13587.836234183673,1200.0,7200.0,11,56,2025-07-25,0,82982.59350853643,0,0
2025-07-27,58640.74234173273,4616.731921839478,63257.47426357221,78232.15240966238,14620.650722111362,17242.727084910206,1005.1983125387749,8174.237285,7200.0,1200.0,28,56,2025-07-26,0,123391.81255710419,0,0
2025-07-28,62171.58637635134,8316.585893110107,70488.17226946144,84769.33769533686,21526.694883799446,17436.62285587755,1889.8379422448968,4614.226376326529,1200.0,1200.0,43,56,2025-07-27,0,127080.12315303269,0,0
2025-07-29,65303.25272918891,3443.420054728439,68746.67278391735,88991.38254656673,22388.43472092047,18134.63212394558,792.92935010204,9461.263349693878,1200.0,1200.0,17,56,2025-07-28,0,131922.46779443882,0,0
2025-07-30,65972.13885518054,1112.3891803365134,67084.52803551705,88677.32771024505,22577.16000979319,18287.499607932485,239.0734105782327,10523.486668962583,1200.0,1200.0,16,56,2025-07-29,0,131443.9145838199,0,0
2025-07-31,64178.816241467066,1112.8385672368333,65291.6548087039,87801.91257168283,21850.695217414126,17699.063126105444,236.62356258503348,9191.907776292517,1200.0,1200.0,11,56,2025-07-30,0,95322.06483897693,0,0
2025-08-01,24961.532876140067,646.2535679580615,25607.78644409813,43779.48912219219,13470.058082787436,10910.747047057823,195.61354061224483,20164.43196040816,1200.0,1200.0,13,56,2025-07-31,0,51668.016183507585,0,0
2025-08-02,27057.138173331543,427.8086693622411,27484.946842693786,49953.21290516524,20625.117763311497,11441.345388282312,93.12293027210842,19935.53852707483,1200.0,7050.0,5,56,2025-08-01,0,84065.54880754763,0,0
2025-08-03,55251.34875816846,3020.1440928672896,58271.49285103575,76365.63369588049,15549.773346023348,17860.31641027891,692.3104375850332,16529.00721438775,7050.0,1200.0,28,56,2025-08-02,0,122303.03205141769,0,0
2025-08-04,58296.76744031481,691.6173930195864,58988.3848333344,81432.58398341878,21189.423104966405,17163.43271502279,217.34029420068111,12208.278804342515,1200.0,1200.0,17,56,2025-08-03,0,120000.11103585601,0,0
2025-08-05,56918.01508936103,1134.3273416733232,58052.342431034354,79488.46449412026,20885.429793167885,16917.198132465986,292.84615721088403,10660.769257295915,1200.0,1200.0,15,56,2025-08-04,0,117644.29038632996,0,0
2025-08-06,56781.19636459767,7821.116443082454,64602.31280768013,78110.32300487344,20487.410730536867,16594.80269173486,1701.3147661564599,7804.630465561225,1200.0,1200.0,39,56,2025-08-05,0,115243.0865055194,0,0
2025-08-07,55269.822206360084,1717.4028689772842,56987.225075337374,77027.98712844923,20395.23374514991,16520.139333571427,482.46010860544163,10247.36757547619,1200.0,1200.0,24,56,2025-08-06,0,83445.88939914166,0,0
2025-08-08,22784.49890124377,669.894417123923,23454.39331836769,41294.64434301377,12897.307842027383,10446.819352042177,170.33303540816357,23239.31763843673,1200.0,1200.0,15,56,2025-08-07,0,47575.49847567196,0,0
2025-08-09,25343.56108258869,1949.073857384019,27292.634939972708,46668.17333713236,19213.648490635762,11300.114953163265,518.0504337755094,20350.76123343537,1200.0,5936.600360279668,19,56,2025-08-08,0,74913.27498886899,0,0
2025-08-10,51611.83447709731,5452.160803730264,57063.99528082758,68613.06702668115,14680.397551902239,16154.062341292518,1415.2540242857165,6197.366790357143,5936.600360279668,1200.0,34,56,2025-08-09,0,108273.86917094723,0,0
2025-08-11,53604.90391289011,4063.008178787412,57667.91209167753,75437.46314199966,20013.097690707145,16210.60912947279,817.2943988605439,7891.015646292516,1200.0,1200.0,25,56,2025-08-10,0,109575.70131259484,0,0
2025-08-12,54892.98049429878,8077.342779261397,62970.32327356018,75249.94171550495,20069.108956202235,16255.978254523809,1664.46306687075,5340.730430697276,1200.0,1200.0,39,56,2025-08-11,0,110073.87772694233,0,0
2025-08-13,55060.840684152696,4993.277831723234,60054.11851587593,76098.4767587226,20068.22495389267,16255.262212653062,986.157871904762,7150.692439387756,1200.0,1200.0,30,56,2025-08-12,0,111038.53507334462,0,0
2025-08-14,54773.93758433561,4036.9279153017187,58810.86549963733,75808.18695102503,20042.249522759725,16234.222113435375,810.0995079591838,6883.968066326533,1200.0,1200.0,28,56,2025-08-13,0,81033.3305786443,0,0
2025-08-15,23241.136129581904,1284.4636702608093,24525.599799842712,41299.928363008316,13075.000892668178,10590.750723061225,400.56939921768725,22056.520709285716,1200.0,1200.0,23,56,2025-08-14,1,47103.22214701324,0,0
2025-08-16,26088.281327387595,989.9432856527868,27078.22461304038,47440.84721186886,19777.939236205595,11440.591364659862,240.04324088435334,22414.26221454081,1200.0,6288.377129629629,18,56,2025-08-15,0,75794.91114574706,0,0
2025-08-17,52153.55819376259,1879.4593177593017,54033.01751152189,70606.08195295162,14817.489517951628,16581.705926207484,397.17236680272094,9602.077111343537,6288.377129629629,1200.0,25,56,2025-08-16,0,110101.21496555691,0,0
2025-08-18,54908.46479158788,2874.6452496600323,57783.11004124791,76096.03813526119,20681.011132506086,16751.619017329933,566.0855069387751,8338.61591035714,1200.0,1200.0,27,56,2025-08-17,0,109557.98787148559,0,0
2025-08-19,55190.28037036352,2741.3420450463796,57931.6224154099,75928.86960084739,20404.111465881415,16527.330287363944,551.5932046938776,8286.021577023806,1200.0,1200.0,21,56,2025-08-18,0,110032.77582258335,0,0
2025-08-20,55347.888982864206,12928.378650369026,68276.26763323323,75424.49254075208,20569.705712962965,16661.4616275,2995.152262040817,3860.7096506632643,1200.0,1200.0,56,56,2025-08-19,0,109062.01630033739,0,0
2025-08-21,55315.82574936033,3422.903107866476,58738.72885722681,76298.49400595238,21117.272622448978,17104.99082418367,747.2147916156468,7189.008515969385,1200.0,1200.0,25,56,2025-08-20,0,81362.29933856144,0,0
2025-08-22,23743.557433405957,3122.5659876782825,26866.123421084238,41823.24910527673,13445.2045244604,10890.615664812924,847.8129746938778,18885.90382032313,1200.0,1200.0,33,56,2025-08-21,6,47272.304362004106,0,0
2025-08-23,26246.258537444926,784.3481576078041,27030.60669505273,48687.123103356,20056.987435941042,10846.159823112244,293.48623445578176,17239.775574982992,1200.0,7200.0,14,56,2025-08-22,0,76198.76201742895,0,0
2025-08-24,53221.72492860619,1197.9007922736644,54419.625720879856,72001.9181895931,14999.379645817588,17549.497513112245,296.1067509523809,11114.5533245068,7200.0,1200.0,21,56,2025-08-23,0,111954.03336112609,0,0
2025-08-25,57095.92453185673,6846.152813265368,63942.077345122096,78957.39894545813,22105.097671852694,17905.12911420068,1725.055611105443,5709.3989822448975,1200.0,1200.0,38,56,2025-08-24,0,111849.61585774968,0,0
2025-08-26,56604.070738681185,1600.895838002096,58204.966576683284,79548.81450577622,21763.55194402452,17628.477074659862,339.2757644047614,10224.19701748299,1200.0,1200.0,13,56,2025-08-25,0,113736.00958086587,0,0
2025-08-27,56844.235775902285,1771.616098699682,58615.85187460197,79581.79784446585,22020.846906336603,17836.885994132652,346.7131768367343,7830.401242431969,1200.0,1200.0,23,56,2025-08-26,0,113412.40592925512,0,0
2025-08-28,56874.50628234886,11690.194234162678,68564.70051651154,78590.75267592781,21942.39541591081,17773.340286887753,2525.938973894558,6179.8415374659835,1200.0,1200.0,41,56,2025-08-27,0,82139.6787894906,0,0
2025-08-29,23425.431215048597,1438.1250852737105,24863.556300322307,42087.341109567686,13828.05491179558,11200.724478554419,397.06396476190554,17301.85429108843,1200.0,1200.0,18,56,2025-08-28,11,46709.06459629977,0,0
2025-08-30,27271.556999448763,2074.4869227072927,29346.043922156055,50206.84155512954,22345.25009779961,11349.652579217689,675.2611433843541,21373.785346598645,1200.0,8700.0,35,56,2025-08-29,4,76316.50801567684,0,0
2025-08-31,52797.51994748379,883.3099506307635,53680.82989811455,71447.28286388972,13892.292999706055,18002.757329761906,227.60760909864013,9138.731719710882,8700.0,1200.0,15,56,2025-08-30,0,112433.00430167724,0,0
2025-09-01,51498.05007868777,0.0,51498.05007868777,80443.81945460926,22134.53523568069,17928.97354090136,0.0,22664.123226496595,1200.0,1200.0,0,56,2025-08-31,0,112461.22138446345,0,0
2025-09-02,48980.234124110604,4.02869952806118,48984.262823638666,77092.73916149512,21850.886097736624,17699.217739166666,0.9037011054421669,18884.218654030607,1200.0,1200.0,1,56,2025-09-01,0,107498.47988827193,0,0
2025-09-03,48457.66964505705,138.52729649463373,48596.19694155169,74740.28449047534,21881.785270135217,17724.246068809523,35.06638209183666,15070.094421241492,1200.0,1200.0,2,56,2025-09-02,0,103614.79848890108,0,0
2025-09-04,46160.22741601466,381.0138890986034,46541.24130511327,72592.98192293798,21763.13912788696,17628.142693588434,115.96850418367313,14648.388442823129,1200.0,1200.0,6,56,2025-09-03,0,71472.33697817511,0,0
2025-09-05,15808.195124172953,506.08287934758494,16314.278003520538,34644.70147746724,14631.108494457043,11851.197880510203,122.10303595238105,25162.63223280612,1200.0,1200.0,7,56,2025-09-04,10,35766.969971624574,0,0
2025-09-06,17729.230657321434,890.1823261454527,18619.412983466886,41310.432357999074,22584.228308033093,11543.224929506803,273.22688704081725,22821.5721665136,1200.0,8700.0,16,56,2025-09-05,3,58843.78802121123,0,0
2025-09-07,38494.852153545784,1974.1814474020016,40469.03360094778,58509.43615318846,13145.855106827918,17398.142636530614,532.3760798809534,8333.116146105443,8700.0,1200.0,21,56,2025-09-06,0,86867.40492876746,0,0
2025-09-08,40924.45594950025,13655.71903678692,54580.174986287166,64688.47211947153,22212.21094091711,17316.890862142856,3130.7327079761944,3528.315215340135,1200.0,1950.0,67,56,2025-09-07,0,82938.05261969758,0,0
2025-09-09,41268.58170664887,5376.04217909866,46644.623885747525,65644.99106747544,21517.90651795163,17429.504279540815,1266.9750062244912,9720.72956862245,1950.0,1950.0,52,56,2025-09-08,0,85553.4459160971,0,0
2025-09-10,42393.24629868936,9666.723899569577,52059.97019825894,65906.50304880028,21246.04971978668,17209.30027302721,2322.918510527214,2876.6734625680288,1950.0,1950.0,63,56,2025-09-09,0,86624.63116827187,0,0
2025-09-11,42489.85335529596,1810.2374055485805,44300.09076084454,67043.93302698035,20917.670198034768,17618.31286040816,449.57011248299324,10698.060018503402,1950.0,1200.0,22,56,2025-09-10,0,62645.36457609999,0,0
2025-09-12,14943.231626694169,1112.1706713043698,16055.402297998538,33331.923496870746,14833.333333333332,12014.999999999998,378.79100239795895,19340.724965935373,1200.0,1200.0,24,56,2025-09-11,6,32092.84834315867,0,0
2025-09-13,18973.008054951828,945.46126000408,19918.469314955906,44126.39495663517,24685.813004220206,12090.138732278912,277.7669310034007,23801.386132363943,1200.0,9983.744223488282,16,56,2025-09-12,12,58563.46465894569,0,0
2025-09-14,40983.28515511083,2787.8797355694155,43771.16489068025,61107.535339261354,13680.577509091294,17636.6375835034,820.1232848469399,5784.393948520409,9983.744223488282,2700.0,30,56,2025-09-13,0,87678.80889295632,0,0
2025-09-15,44201.7164460979,4697.236688081227,48898.95313417912,70790.12157177353,25462.037505395987,17924.250379370744,1040.2702646938787,9225.574077108844,2700.0,5700.0,41,56,2025-09-14,0,85180.23141000258,0,0
2025-09-16,43453.47108228848,5946.30709160398,49399.77817389246,67036.61303751994,21452.871631057365,17511.826021156463,1744.1535049489798,5347.950949234695,5700.0,5550.0,57,56,2025-09-15,0,85723.79395854233,0,0
2025-09-17,43825.59995703787,2529.30866937471,46354.90862641258,67681.13615017637,21027.979065822627,18247.663043316323,684.4638679591835,5625.165595629255,5550.0,4200.0,32,56,2025-09-16,0,88134.90852613816,0,0
2025-09-18,42604.6250390154,2160.134921314336,44764.759960329735,65891.90597976484,18275.4073691526,17503.079969013605,441.1477523809508,6604.675215340135,4200.0,1200.0,26,56,2025-09-17,0,62013.94537040107,0,0
2025-09-19,16655.22499576553,766.9527687433932,17422.17776450892,36708.75047709037,17269.32096465839,12638.149981373297,313.98399732993215,16290.211174468539,1200.0,2700.0,18,56,2025-09-18,5,32285.730533731778,0,0
2025-09-20,18954.803190380888,716.4298642345565,19671.233054615444,43975.6768486319,23850.347339380198,12568.781344897958,217.03323306122425,17265.710353877552,2700.0,10200.0,11,56,2025-09-19,19,59243.99868707243,0,0
2025-09-21,44753.4711180197,556.8067010299006,45310.2778190496,66597.47454865204,16020.800485386746,18376.84839316327,147.3208247619058,10813.355797857143,10200.0,4200.0,15,56,2025-09-20,0,90186.64685947415,0,0
2025-09-22,46362.46406955316,5568.816421263276,51931.28049081644,72090.04368822773,24781.51395334677,18183.026302210885,1428.5964576190481,6306.132611377554,4200.0,6300.0,48,56,2025-09-21,0,85873.86759427119,0,0
2025-09-23,45565.16048540828,4972.919208886959,50538.079694295244,70272.43486623582,20866.48699603175,17576.854466785713,1064.2183290136054,5930.405082670066,6300.0,5550.0,43,56,2025-09-22,0,87735.6214420919,0,0
2025-09-24,46839.78203124938,1612.3264364273412,48452.10846767672,72298.97551320483,22780.82622524565,18317.469242448977,448.2397948979594,7220.633225306121,5550.0,5700.0,29,56,2025-09-23,0,89537.15017783263,0,0
2025-09-25,45071.13501829043,2684.48431127439,47755.61932956482,67795.20885518099,16845.785957629967,17695.08662568027,684.432644013606,8993.493267244896,5700.0,1200.0,25,56,2025-09-24,0,62594.76350459285,0,0
2025-09-26,17192.20203390171,80.06057001930282,17272.262603921015,38578.88387149282,18609.1607122071,12979.735336275508,25.42500520408157,15280.640000765308,1200.0,3526.31648956916,4,56,2025-09-25,1,31847.392868336327,0,0
2025-09-27,19714.12222863155,613.5958163815392,20327.718045013087,43922.03477140799,23354.534921033846,12910.85812664966,216.44615858843522,15893.501885612244,3526.31648956916,10200.0,18,56,2025-09-26,24,59609.78689777504,0,0
2025-09-28,48366.35915777907,952.7489316751235,49319.108089454196,72438.83622946942,20236.627492105486,18551.66826860544,228.80591911564593,7495.053758418367,10200.0,7800.0,15,56,2025-09-27,0,90538.549988414,0,0
2025-09-29,46972.02607299449,4001.589553778033,50973.61562677253,72225.31924526308,21932.881285756273,18305.633841462586,835.9415470238092,6674.121747993198,7800.0,7200.0,40,56,2025-09-28,0,88011.20213581096,0,0
2025-09-30,48723.31785981707,3479.0677817490923,52202.385641566165,74978.21687201226,23147.088868270766,18074.14198329932,784.6575232993199,5267.752743673465,7200.0,7950.0,34,56,2025-09-29,0,89948.07584951783,0,0
2025-10-01,45880.187402211246,96.86482660761897,45977.052228818866,73566.5604493443,21329.222211640215,18626.66999142857,46.587907806122416,21249.07460360544,7950.0,6450.0,5,56,2025-09-30,0,91416.80566277892,0,0
2025-10-02,43400.365455085324,161.9380592577978,43562.303514343126,68422.2650503456,17786.014242420424,18456.671536360544,73.68324869047626,17435.822476309524,6450.0,1950.0,6,56,2025-10-01,0,60715.08311934742,0,0
2025-10-03,15361.062511999216,26.256525711683366,15387.3190377109,37272.91646642101,18727.728104686317,13144.459764795916,14.34019593537397,23886.834622465987,1950.0,4200.0,2,56,2025-10-02,1,28438.12587358867,0,0
2025-10-04,17109.58044644553,33.68887225727006,17143.269318702798,41528.094490181196,22971.323253191404,13206.771835085035,10.789200833333382,18678.34983957483,4200.0,10200.0,5,56,2025-10-03,8,54344.211177724865,0,0
2025-10-05,43095.69821261873,203.73947224333273,43299.43768486206,69468.96234159738,21671.777789556563,18229.140009540817,85.08406083333296,11375.447555748295,10200.0,9450.0,10,56,2025-10-04,0,85649.3464462841,0,0
2025-10-06,42572.4684988111,544.0729461359175,43116.54144494701,66492.23370661376,19537.02704402872,17984.991905663264,185.22388602040775,7392.3132042687075,9450.0,7050.0,10,56,2025-10-05,0,83707.90648741202,0,0
2025-10-07,43910.41807453048,339.46365458082147,44249.8817291113,70610.63571210255,23575.28266036785,17610.978954897957,78.91731260204006,6953.686319234698,7050.0,8700.0,9,56,2025-10-06,0,81958.69432097129,0,0
2025-10-08,41713.75900875812,1768.9904617532693,43482.749470511386,67050.3134591631,21770.27381729235,17768.921792006804,468.09692678571355,7038.562693996602,8700.0,8550.0,23,56,2025-10-07,0,79382.2658091699,0,0
2025-10-09,38862.15262534225,794.0953118068679,39656.24793714912,60565.39008984106,14742.971066116566,17881.806563554423,162.16803333333291,8106.411937278914,8550.0,1950.0,12,56,2025-10-08,0,54187.058779508065,0,0
2025-10-10,14571.990876847758,677.7629118631106,15249.753788710868,36510.752706054416,19833.333333333332,13365.0,234.44169314625793,20933.250149200678,1950.0,4950.0,16,56,2025-10-09,1,25735.215095414114,0,0
2025-10-11,16013.595916473932,356.240705457221,16369.836621931154,39807.204336409675,22434.45064436886,13446.905021938775,88.42687950680323,16801.77201015306,4950.0,10200.0,9,56,2025-10-10,4,52136.88746674612,0,0
2025-10-12,43181.886800749344,966.5363918324579,44148.4231925818,69433.75481731334,22280.183572415386,18046.948693656464,249.9139016666666,6935.477856887757,10200.0,10200.0,16,56,2025-10-11,0,84340.17843535091,0,0
2025-10-13,42971.35848329461,253.31116712745742,43224.66965042206,67951.97870785063,19558.044567187368,17867.016099421766,83.61009076530586,9317.165030850343,10200.0,7950.0,9,56,2025-10-12,0,85802.48164531973,0,0
2025-10-14,44803.22253803154,796.9718453571486,45600.19438338869,71158.07721984484,22879.4959372428,17857.391709166666,203.2254191666658,5565.369127602038,7950.0,8700.0,19,56,2025-10-13,0,84128.30686224344,0,0
2025-10-15,43390.50963743289,4271.736303584906,47662.2459410178,69584.44583483686,22331.468289241628,18088.489314285714,1014.2677166666665,4435.710926547617,8700.0,8700.0,32,56,2025-10-14,0,82710.75254863965,0,0
2025-10-16,41223.63064452796,6577.726072291718,47801.35671681968,62649.276593354116,14813.405917044594,18073.85879280612,1455.7443362244917,4399.000855340137,8700.0,1950.0,36,56,2025-10-15,0,56241.169860609334,0,0
2025-10-17,15692.39945320552,442.9591209204501,16135.35857412597,38606.86030377341,21330.178112727805,13736.789326071428,138.97624525510213,15148.248445705467,1950.0,5884.06105026455,10,56,2025-10-16,4,26675.120889748796,0,0
2025-10-18,16238.335289103628,218.38798417049338,16456.72327327412,39692.28579965965,21898.69929356681,13853.60137302721,97.12055909863955,15667.715171552029,5884.06105026455,10200.0,5,56,2025-10-17,0,54965.24581391008,0,0
2025-10-19,46354.39662694451,2836.6478318148543,49191.04445875937,72460.5533016822,22215.843014403294,18129.832841666666,638.5694889965985,5127.3900846088445,10200.0,10050.0,24,56,2025-10-18,0,88582.8828579314,0,0
2025-10-20,47384.22221092026,3629.3743702259067,51013.59658114617,74177.38191931973,23000.0,18630.0,698.0569538945576,6064.656506547617,10050.0,10050.0,20,56,2025-10-19,0,90753.85376010691,0,0
2025-10-21,48547.585923400424,2076.2247548569494,50623.81067825737,74972.90863955992,22656.34523622659,18351.639641343536,580.1844381122429,4785.806132789114,10050.0,10050.0,28,56,2025-10-20,0,90337.5449109625,0,0
2025-10-22,47416.14361216869,5535.420981082478,52951.56459325117,73991.51542022193,22512.683728164106,18910.273819812923,1008.0159114795923,5842.22472335034,10050.0,9300.0,31,56,2025-10-21,0,89711.31955405902,0,0
2025-10-23,44608.96844101206,797.1272577190947,45406.09569873115,67341.88946875262,15267.638727681197,18981.787369421767,164.03219275510116,7840.573269914965,9300.0,1950.0,13,56,2025-10-22,0,60675.73480872632,0,0
2025-10-24,16719.63547811287,938.489758752067,17658.125236864933,41515.5166759654,24036.579409451795,14047.058125516494,256.05956698979617,13362.00424235323,1950.0,7975.079106821618,17,56,2025-10-23,5,27223.52700436947,0,0
2025-10-25,15886.50011073123,418.4437391044651,16304.943849835694,38690.48254688775,22376.96873845217,16122.91587428571,132.81641979591853,13170.813369183883,7975.079106821618,10200.0,9,56,2025-10-24,0,58520.24640974489,0,0
2025-10-26,49324.8249418729,239.23002161690343,49564.05496348981,75621.49008248153,21759.093097736622,18299.865409166665,81.7507044047615,7699.7010816496595,10200.0,9450.0,7,56,2025-10-25,0,94663.92322460713,0,0
2025-10-27,49782.012914495834,1021.5871307060112,50803.60004520185,76930.00069211173,22782.28779494898,18453.653113908673,231.30362066326506,9280.087965068025,9450.0,9450.0,11,56,2025-10-26,0,95015.1472325495,0,0
2025-10-28,50384.11134716017,805.3387536462644,51189.45010080644,77331.12494531662,23722.419708343834,18675.159963758502,161.9534535544212,6473.396954285715,9450.0,10050.0,10,56,2025-10-27,0,93281.66426687686,0,0
2025-10-29,49431.5262767102,5976.689213963771,55408.215490673974,75694.23183941988,23520.11156273621,18916.290365816327,1584.2865539795907,3362.440396479591,10050.0,10200.0,36,56,2025-10-28,0,91751.86514118554,0,0
2025-10-30,46421.667336069826,735.4892814733125,47157.156617543136,66750.58427855442,12999.999999999998,18630.0,189.9266880272104,7782.693316581634,10200.0,1200.0,20,56,2025-10-29,0,62605.05075781169,0,0
2025-10-31,17796.558828285157,440.115263296293,18236.674091581448,43885.34551039787,25703.925731271516,14455.687155697276,109.53660816326544,8842.351476320233,1200.0,8271.658540702947,12,56,2025-10-30,8,28446.519154385172,0,0
2025-11-01,16046.155160121772,255.00123983972009,16301.156399961492,38924.62775870643,21257.12434702276,15482.763407721088,134.18606624149675,10740.414452312922,8271.658540702947,10200.0,8,56,2025-10-31,0,60941.83915566931,0,0
2025-11-02,52412.746292908276,1009.6684319029802,53422.41472481126,78792.47638154762,23000.0,19305.0,235.81140904761986,6536.903857261902,10200.0,9450.0,11,56,2025-11-01,0,99070.70153877503,0,0
2025-11-03,53907.52765126047,592.127696994964,54499.65534825544,80352.02733712501,23251.61136197195,18968.80520319728,203.6741953741485,6767.965090391158,9450.0,9300.0,18,56,2025-11-02,0,100990.05132000585,0,0
2025-11-04,54183.82467626272,809.5072789161941,54993.33195517891,81795.13233609506,24013.099839812927,18775.61087024847,184.02867287415017,9161.600006071429,9300.0,10050.0,14,56,2025-11-03,0,101881.49369519074,0,0
2025-11-05,53822.35408576427,448.8343365802406,54271.188422344516,79281.35412792092,20850.779027636054,18104.1310123852,136.9514827891163,6993.637528792514,10050.0,8700.0,13,56,2025-11-04,0,102186.58444754241,0,0
2025-11-06,50937.1925420637,3041.217770620221,53978.41031268392,72277.89422370937,14938.60728590325,18850.271901581633,621.3653773129253,5441.339666700677,8700.0,1200.0,31,56,2025-11-05,0,68016.34341795123,0,0
2025-11-07,18206.476376752365,353.3707932804075,18559.847170032772,44237.85141043945,25074.210963823803,14917.221860476191,95.54743523809512,10857.947958996596,1200.0,7192.098911356765,9,56,2025-11-06,1,30673.5565417499,0,0
2025-11-08,17195.82864824382,184.20386685285817,17380.03251509668,40966.800361281596,21944.168848492485,15067.665787499998,82.38723511904789,10381.47743540816,7192.098911356765,10200.0,9,56,2025-11-07,0,64886.97990249453,0,0
2025-11-09,54693.797258480816,1228.0095979748417,55921.80685645565,80347.69468777839,21529.921775901363,18789.236638480103,293.6009871088442,6553.793354132654,10200.0,8700.0,16,56,2025-11-08,0,104960.52575726653,0,0
2025-11-10,56907.94019110399,1218.4533112123975,58126.39350231639,83915.10350594779,24722.848496037415,18810.507281790306,286.0460299489793,4430.36522164966,8700.0,10050.0,22,56,2025-11-09,0,105765.45132930903,0,0
2025-11-11,55939.389639187495,58.11362224233709,55997.50326142983,82051.86314895969,21510.752099608842,18098.709200683163,23.436521241496507,7104.237104608842,10050.0,9300.0,5,56,2025-11-10,0,107602.44611561285,0,0
2025-11-12,55510.39389258257,492.2344792245133,56002.628371807084,81588.75346403879,20995.138341521793,18221.062056632654,103.30040273809485,7961.989831887756,9300.0,7950.0,11,56,2025-11-11,0,108314.22879100696,0,0
2025-11-13,53960.96687222887,1151.3921951413251,55112.35906737019,75393.65277017825,15816.222622134039,18886.140323928576,307.2569288945573,6374.9560842006795,7950.0,1200.0,22,56,2025-11-12,0,71888.53195729492,0,0
2025-11-14,18368.38581205144,117.82787809291764,18486.21369014436,44815.936849791506,25380.779604434363,15471.475512312923,50.405030000000465,7358.582487670066,1200.0,6852.173296976568,5,56,2025-11-13,0,31642.604606222078,0,0
2025-11-15,18079.29081367445,181.40636137097687,18260.69717504543,42367.43652171076,22642.92904919375,15327.728497125847,82.6259927210881,6922.975045697278,6852.173296976568,10200.0,8,56,2025-11-14,0,68284.26513808483,0,0
2025-11-16,57053.67338915776,1927.7062060195317,58981.37959517729,82435.12708994898,20666.666666666668,18090.0,443.3749559353732,5867.290995884353,10200.0,8700.0,29,56,2025-11-15,0,111420.90328046957,0,0
2025-11-17,58184.46824526553,330.00535202611445,58514.473597291646,84561.76233357142,22166.666666666668,18090.000000000004,107.09993874149689,7896.441272312925,8700.0,8550.0,11,56,2025-11-16,0,112177.29954835154,0,0
2025-11-18,57869.43299990072,1345.0426813173476,59214.475681218064,82472.68425858843,20666.666666666668,18090.0,396.9275337414971,5402.393292329931,8550.0,7050.0,20,56,2025-11-17,0,111877.74305217134,0,0
2025-11-19,59941.409628790534,1017.6830558422166,60959.09268463276,86132.061607926,24376.048784286555,18394.599515272108,280.2225606122444,5062.5232995238075,7050.0,8550.0,25,56,2025-11-18,0,112370.64733428531,0,0
2025-11-20,55102.3780473481,847.0383277762962,55949.4163751244,76807.50671413224,15359.924155475772,19056.538565935374,223.93401777210943,5934.979109030612,8550.0,1200.0,21,56,2025-11-19,0,74548.86130854549,0,0
2025-11-21,19744.59928472558,461.021902163438,20205.621186889017,47705.408166788446,26796.36914734967,15709.250488911563,219.22763993197373,7973.133081615645,1200.0,7862.009467157408,15,56,2025-11-20,0,32798.57164129051,0,0
2025-11-22,18323.669281704057,612.8102000706119,18936.479481774666,43032.23690786302,21939.073290397035,15666.457885663265,217.37391562925154,6757.165935425171,7862.009467157408,10200.0,21,56,2025-11-21,0,71370.02866655854,0,0
2025-11-23,58533.0549681673,1294.0405728295889,59827.09554099689,83418.50360634354,19833.333333333336,18089.999999999996,293.6813775680283,6736.7553672448985,10200.0,7950.0,23,56,2025-11-22,0,115416.06357170685,0,0
2025-11-24,59607.063784751655,666.1973690921994,60273.26115384386,85997.2659020068,22333.333333333336,18090.0,180.45106474489734,7772.439933418367,7950.0,7950.0,18,56,2025-11-23,0,115702.22198405238,0,0
2025-11-25,58825.64773453464,659.0306287027674,59484.678363237406,84941.73739816327,21500.0,18090.0,177.6683649149652,5540.745296411566,7950.0,7200.0,17,56,2025-11-24,0,116177.79466226454,0,0
2025-11-26,60404.23631980496,747.9892465382574,61152.225566343215,86717.36922666666,23166.666666666668,18090.0,173.3995852210885,5056.435261887756,7200.0,7950.0,16,56,2025-11-25,0,116581.33614411976,0,0
2025-11-27,57055.30692811909,1313.6994214734477,58369.006349592535,78421.28328340157,15245.6122037247,18423.94588501701,283.30704947278997,6102.0312808333365,7950.0,1200.0,14,56,2025-11-26,0,76460.25939980515,0,0
2025-11-28,19446.473612448768,478.4531329008005,19924.92674534957,48081.60255422084,26853.16095821743,16014.07510998299,148.58211670068053,6469.860272687074,1200.0,7574.4280735257,16,56,2025-11-27,0,33441.049087844156,0,0
2025-11-29,18634.117357088897,3146.346414858607,21780.463771947503,44582.851198808894,22861.80441845175,16155.046845119046,1182.8126271258513,4129.456152602042,7574.4280735257,10200.0,36,56,2025-11-28,0,73829.58529669297,0,0
2025-11-30,61245.15822977865,1802.4233106144172,63047.58154039307,85793.10112229592,20666.666666666668,18090.0,418.34634700680397,3389.9526859693906,10200.0,8700.0,33,56,2025-11-29,0,119635.65764681231,0,0
2025-12-01,65076.93498064829,18574.19433523696,83651.12931588525,86664.52547840135,21500.0,18765.0,4228.793893231294,1859.3916382993202,8700.0,7200.0,80,56,2025-11-30,0,120852.51731826832,0,0
2025-12-02,68435.37490663673,17561.88993083841,85997.26483747514,89466.81702408163,21500.0,18090.0,3704.625030017006,1123.6321040986404,7200.0,6450.0,97,56,2025-12-01,0,125092.42932143163,0,0
2025-12-03,71263.8990577068,5312.791003555005,76576.6900612618,93932.1962559694,24000.0,18765.0,1405.8969110544206,2940.3446003571426,6450.0,7200.0,60,56,2025-12-02,0,130081.6461038685,0,0
2025-12-04,69459.96192535445,4956.531003379412,74416.49292873386,87993.01435787416,15666.666666666668,18090.0,1153.6161947959179,4798.755136003405,7200.0,1200.0,52,56,2025-12-03,0,88249.73874876916,0,0
2025-12-05,25466.92213880769,1292.5294258337085,26759.4515646414,58094.04477322898,28208.70300562694,17449.04943455782,397.8734809693882,6420.636999795921,1200.0,7200.0,24,56,2025-12-04,0,42274.42911428683,0,0
2025-12-06,26206.300792641534,1590.2709314561394,27796.571724097674,56812.75841254367,25025.414305009657,17570.585587057823,471.67928166666616,6164.978159591836,7200.0,10200.0,26,56,2025-12-05,0,90304.6692362043,0,0
2025-12-07,75798.81250645747,1097.291128905736,76896.10363536321,98234.68097569728,22166.666666666668,18764.999999999996,229.64189204081663,7409.974951071434,10200.0,9300.0,18,56,2025-12-06,0,143236.362919718,0,0
2025-12-08,76110.18695383237,380.68556630743876,76490.8725201398,99227.96956703262,22088.593935689092,19241.761087908162,59.382008248298916,8593.307610833333,9300.0,7800.0,6,56,2025-12-07,0,145698.56269017304,0,0
2025-12-09,75721.9820701645,636.703272291582,76358.68534245608,100739.74770805135,24320.82346745612,19699.867008639456,119.93754574829939,8850.27452831633,7800.0,7800.0,13,56,2025-12-08,0,145887.66400217463,0,0
2025-12-10,76156.26070411984,583.250298827999,76739.51100294784,99850.90178,24833.333333333336,20115.0,127.76589668367262,6872.7158766836765,7800.0,7800.0,17,56,2025-12-09,0,144913.38273265984,0,0
2025-12-11,71300.45252269338,443.98528871705867,71744.43781141043,92146.56615824703,16533.59377254976,19332.210955765306,131.4804239455783,9115.409065408161,7800.0,1200.0,10,56,2025-12-10,0,96655.28406106804,0,0
2025-12-12,27534.202593369508,1311.505545856314,28845.708139225822,61430.74402182834,29983.53633400521,17536.664430544217,408.19850874149563,5677.657143775509,1200.0,8700.0,23,56,2025-12-11,0,45563.977610888935,0,0
2025-12-13,25340.230231663096,751.3331138823792,26091.563345545477,55050.78083401801,23305.939773116654,17527.81121622449,182.16507598639419,5656.283969778911,8700.0,10200.0,17,56,2025-12-12,0,92994.02733559026,0,0
2025-12-14,75103.95651564236,1327.526094022049,76431.48260966441,97396.24748961178,22484.989758608383,19562.84170447279,251.32314556122435,5946.700781037418,10200.0,8700.0,17,56,2025-12-13,0,146092.6208147722,0,0
2025-12-15,76784.77227101593,917.5795396030513,77702.35181061899,100423.04998071323,24028.892649743848,19598.40304629252,215.64864384353706,6738.651054438776,8700.0,8550.0,18,56,2025-12-14,0,148485.6186548351,0,0
2025-12-16,76183.86399130181,463.3852012226113,76647.24919252442,100064.17146965083,24311.57840820526,20232.37851064626,122.15798149659884,6689.038220255105,8550.0,7950.0,10,56,2025-12-15,0,149248.60777819628,0,0
2025-12-17,75641.64987220388,1390.1344450418007,77031.78431724568,99440.20890996598,23833.333333333336,20115.0,320.92500765306295,7850.953517619045,7950.0,7050.0,17,56,2025-12-16,0,148882.77330082073,0,0
2025-12-18,72610.5753873313,577.042644363348,73187.61803169464,94016.88442372659,19048.20986717897,20019.049992414966,194.24971938775468,7815.707301683672,7050.0,1950.0,15,56,2025-12-17,0,98622.19869270545,0,0
2025-12-19,27227.80371101509,827.17879663448,28054.98250764957,60229.5329524324,28111.801278197698,17505.559035340135,183.50918054421757,6898.408590119047,1950.0,7800.0,20,56,2025-12-18,0,47628.96965493818,0,0
2025-12-20,25419.992684872395,414.58000980034745,25834.57269467274,56382.12898259175,24997.38188143529,18087.879323962585,127.57019690476147,6743.844372023811,7800.0,10200.0,10,56,2025-12-19,0,95724.50799268243,0,0
2025-12-21,74053.41291349595,2403.13012094511,76456.54303444107,97387.53870165974,23089.55177028219,20052.53693392857,526.6372753571429,5839.379273996597,10200.0,8700.0,20,56,2025-12-20,0,149423.1812522163,0,0
2025-12-22,75533.20291949884,928.5472960580087,76461.75021555685,97406.95828987507,21404.24931781725,20037.441947431973,205.78346547618992,7308.507301632653,8700.0,5700.0,13,56,2025-12-21,0,151509.90465969988,0,0
2025-12-23,77804.79458899367,338.1455929766516,78142.94018197032,104523.74386226988,29313.342078273286,20503.80708340136,63.91273493197309,8520.029068996599,5700.0,9300.0,6,56,2025-12-22,0,151056.8406549038,0,0
2025-12-24,74317.35934614227,599.648556391388,74917.00790253366,98453.60070568026,24000.0,20115.0,143.13937068027258,6857.180759693875,9300.0,8550.0,11,56,2025-12-23,0,148998.53671721477,0,0
2025-12-25,71465.87964924614,1077.6399500076323,72543.51959925378,91217.03813365729,17492.498706055263,20108.923951904766,289.53210768707595,6310.54695386054,8550.0,1950.0,21,56,2025-12-24,0,98628.86144711367,0,0
2025-12-26,27220.103140384,325.96965868551524,27546.072799069516,60892.78664995863,29983.682621336186,17536.782923282317,132.7592121428563,5571.023730714286,1950.0,9450.0,18,56,2025-12-25,0,47480.00609484263,0,0
2025-12-27,23692.252593847734,871.3873468819003,24563.639940729634,53249.13269093369,22562.688191630972,17600.777435221087,223.16250991496514,5171.575377772107,9450.0,10200.0,14,56,2025-12-26,0,95975.55562031569,0,0
2025-12-28,72184.7001552084,1074.555299054052,73259.25545426244,95672.2951751585,23125.117875073487,20756.345478809522,246.98412795918438,6741.252156853735,10200.0,7950.0,20,56,2025-12-27,0,150252.99727966406,0,0
2025-12-29,74035.85799786498,767.5587379975567,74803.41673586254,98242.87461378769,23698.109814331907,20005.468949608843,163.35447671768696,7189.821959115645,7950.0,7050.0,13,56,2025-12-28,0,151466.41862901652,0,0
2025-12-30,74095.18199676041,411.9808263967827,74507.16282315718,100521.25883160516,27067.078721928283,20439.333764761905,87.15867001700599,7756.269944455784,7050.0,8700.0,7,56,2025-12-29,0,149716.07663115824,0,0
2025-12-31,71766.8410955663,2171.269069530836,73938.11016509714,94583.46997867347,21833.333333333336,20115.0,451.4932946088442,4670.207006615645,8700.0,6000.0,30,56,2025-12-30,0,77199.99558315979,0,0
