日期,计划购电量kWh,紧急购电量kWh,计划购电费元,紧急购电费元,合计购电费元,紧急时段数,0:00储电量kWh,24:00储电量kWh,充电量kWh,放电量kWh,计划净供给kWh,弃置电量kWh
2025-02-01,47710.7871,187.7565,24849.94,711.03,25560.97,8,8550.0000,8550.0000,20528.5788,16628.1488,43810.3572,9619.9377
2025-02-02,91130.2510,102.0654,57360.37,475.80,57836.17,9,8550.0000,8550.0000,24687.8586,19997.1655,86439.5579,8185.3453
2025-02-03,89232.7174,361.1711,56007.25,1320.78,57328.02,27,8550.0000,8550.0000,24441.6182,19797.7108,84588.8100,4733.0646
2025-02-04,88799.0506,1243.9188,55696.38,4963.32,60659.70,33,8550.0000,8550.0000,24345.1828,19719.5981,84173.4659,4222.5208
2025-02-05,88152.7692,735.2008,55315.03,2889.76,58204.79,37,8550.0000,8550.0000,24326.6182,19704.5607,83530.7118,3517.4856
2025-02-06,87658.3500,598.8497,55195.61,2753.17,57948.78,29,8550.0000,7950.0000,23683.2572,19723.4383,83698.5311,4026.3236
2025-02-07,42004.2046,612.2398,21603.31,2678.96,24282.28,32,7950.0000,7950.0000,20148.1408,16319.9940,38176.0579,6982.6181
2025-02-08,41605.9026,378.6966,21482.59,1544.37,23026.96,27,7950.0000,8550.0000,20512.5845,16075.1934,37168.5115,5970.0454
2025-02-09,85968.5308,1120.5375,53836.28,3756.65,57592.93,41,8550.0000,8550.0000,24343.3715,19718.1309,81343.2902,2908.4117
2025-02-10,86961.1055,182.7960,54496.58,585.85,55082.43,13,8550.0000,8550.0000,24566.2939,19898.6980,82293.5097,8149.6681
2025-02-11,86119.7015,132.7110,53815.43,535.85,54351.28,16,8550.0000,8550.0000,24495.6051,19841.4401,81465.5365,6377.6504
2025-02-12,84698.4783,539.0967,52899.26,2183.60,55082.86,28,8550.0000,8550.0000,24282.6030,19668.9084,80084.7838,5357.1444
2025-02-13,83092.4010,294.8179,52151.63,881.08,53032.71,23,8550.0000,7604.5285,22837.1368,19349.0051,79604.2694,8569.6082
2025-02-14,36871.9109,830.9910,19209.81,2825.74,22035.56,34,7604.5285,7272.6003,18681.0421,15430.3795,33621.2483,4650.4375
2025-02-15,38125.6752,617.9122,19740.52,2253.58,21994.10,42,7272.6003,8550.0000,20070.3137,15107.2943,33162.6559,4500.4770
2025-02-16,81481.9342,1162.6069,50601.26,4687.54,55288.79,53,8550.0000,8550.0000,23186.5300,18781.0893,77076.4935,2861.7213
2025-02-17,81094.6796,183.9954,50287.12,513.43,50800.55,25,8550.0000,8550.0000,23213.1330,18802.6377,76684.1843,5684.3166
2025-02-18,80546.0288,463.4333,49759.16,1804.66,51563.82,26,8550.0000,8550.0000,23214.5480,18803.7839,76135.2647,4507.3102
2025-02-19,80647.4572,1066.3675,49837.86,4015.12,53852.99,42,8550.0000,8550.0000,23174.2190,18771.1174,76244.3556,4431.3957
2025-02-20,78801.6973,503.7088,49082.16,2050.27,51132.43,26,8550.0000,6848.0410,21281.0957,18769.4507,76290.0523,5800.6273
2025-02-21,36062.7030,366.0075,18809.93,1337.28,20147.21,24,6848.0410,6551.6561,17980.9344,14831.3032,32913.0718,7718.8173
2025-02-22,37777.0521,652.0871,19425.22,2554.69,21979.91,39,6551.6561,8550.0000,20146.1866,14519.9017,32150.7672,4958.0914
2025-02-23,79001.5014,1080.8395,48681.44,3582.91,52264.36,40,8550.0000,8550.0000,23227.0413,18813.9035,74588.3635,4137.3494
2025-02-24,78699.9900,360.6062,48370.19,1590.50,49960.69,25,8550.0000,8550.0000,23288.5618,18863.7351,74275.1633,6432.7359
2025-02-25,78336.4371,400.4602,48159.67,1631.51,49791.18,22,8550.0000,8550.0000,23285.5634,18861.3064,73912.1801,8491.3171
2025-02-26,77480.0532,694.6265,47593.44,2774.76,50368.20,29,8550.0000,8550.0000,23069.5852,18686.3640,73096.8320,4976.6105
2025-02-27,74686.8867,484.5071,46333.47,2326.45,48659.93,26,8550.0000,6408.3587,20722.6468,18712.8211,72677.0610,6204.9839
2025-02-28,34828.3015,304.4957,18143.42,1004.20,19147.62,26,6408.3587,6104.9372,17450.4416,14407.9370,31785.7970,8797.6992
2025-03-01,37190.9834,396.1775,19073.39,1659.69,20733.08,24,6104.9372,8550.0000,20111.7768,14089.9826,31169.1893,7906.6009
2025-03-02,74860.3275,4567.8662,45833.58,17091.82,62925.40,54,8550.0000,8550.0000,23058.2886,18677.2138,70479.2527,2688.8118
2025-03-03,75662.6814,3102.1068,46338.84,12950.20,59289.05,66,8550.0000,8550.0000,23322.3586,18891.1105,71231.4333,2316.3935
2025-03-04,76269.1548,852.3738,46866.92,2841.44,49708.37,38,8550.0000,8550.0000,23225.1849,18812.3998,71856.3697,3509.2856
2025-03-05,77228.6674,180.0918,47423.51,737.11,48160.62,16,8550.0000,8550.0000,23290.7908,18865.5405,72803.4172,6853.0370
2025-03-06,73004.3588,268.1325,45509.81,1016.43,46526.24,22,8550.0000,5387.5164,19725.5455,18823.9271,72102.7404,6430.2188
2025-03-07,32886.6392,166.9711,17277.21,479.61,17756.82,14,5387.5164,4960.8126,16122.5660,13443.3119,30207.3851,9452.0706
2025-03-08,36692.9517,311.8881,18873.45,1011.50,19884.95,20,4960.8126,8550.0000,20076.2154,13031.4658,29648.2021,10896.9507
2025-03-09,75297.3347,249.7569,45973.82,990.48,46964.29,18,8550.0000,8550.0000,23252.7843,18834.7553,70879.3057,7795.5376
2025-03-10,73646.9129,1966.5753,44892.01,6188.97,51080.99,52,8550.0000,8550.0000,22726.6997,18408.6268,69328.8400,3253.3438
2025-03-11,73928.1932,490.6171,44958.17,1896.27,46854.44,28,8550.0000,8550.0000,22670.3088,18362.9502,69620.8345,6172.5328
2025-03-12,73562.9563,435.4715,44721.70,1426.50,46148.21,25,8550.0000,8550.0000,22545.1552,18261.5757,69279.3768,7279.3136
2025-03-13,68670.5854,2528.5161,42472.81,9577.59,52050.40,55,8550.0000,4774.5880,18214.8986,18151.9387,68607.6255,3590.5236
2025-03-14,31769.8935,219.3380,16573.71,739.12,17312.83,21,4774.5880,4431.1910,15494.2631,12859.4104,29135.0409,13324.9529
2025-03-15,36278.0427,581.3785,18509.23,2101.78,20611.01,32,4431.1910,8550.0000,20004.6180,12496.8124,28770.2371,8427.4905
2025-03-16,72514.3608,758.6887,43963.13,2851.97,46815.10,33,8550.0000,8550.0000,22336.8277,18092.8304,68270.3635,5678.0053
2025-03-17,72656.1231,189.3341,43953.94,739.03,44692.97,11,8550.0000,8550.0000,22334.2110,18090.7109,68412.6230,10743.8257
2025-03-18,71394.2707,801.4646,43104.44,3998.73,47103.17,25,8550.0000,8550.0000,22152.4612,17943.4936,67185.3030,6860.8093
2025-03-19,71006.0368,363.0819,42879.78,1671.81,44551.59,19,8550.0000,8550.0000,22049.4554,17860.0589,66816.6403,7714.2518
2025-03-20,65615.9356,689.8027,40493.15,2775.85,43269.00,34,8550.0000,4348.2553,17364.5840,17846.8833,66098.2348,4579.0757
2025-03-21,30509.6558,276.6092,15745.70,965.56,16711.26,25,4348.2553,4031.9537,15012.9464,12445.1580,27941.8674,16185.0120
2025-03-22,35725.1783,286.3222,18043.66,813.93,18857.59,20,4031.9537,8550.0000,20001.9887,12135.3692,27858.5589,12263.6814
2025-03-23,67825.0937,863.9123,40870.36,3183.12,44053.48,41,8550.0000,8550.0000,21850.6023,17698.9879,63673.4793,5767.6715
2025-03-24,67325.9409,658.4280,40558.56,2268.53,42827.09,27,8550.0000,8550.0000,21652.8404,17538.8007,63211.9012,5871.8321
2025-03-25,67666.8474,1243.3755,40713.73,4731.79,45445.52,43,8550.0000,8550.0000,21699.3478,17576.4717,63543.9713,3837.2221
2025-03-26,68211.9715,193.4729,41057.25,559.07,41616.31,16,8550.0000,8550.0000,21714.2166,17588.5154,64086.2704,8687.1884
2025-03-27,62421.0395,669.5136,38517.96,2368.23,40886.19,34,8550.0000,4022.7851,16626.5964,17542.0365,63336.4796,5289.0038
2025-03-28,29981.6491,365.4564,15349.28,1405.66,16754.94,18,4022.7851,3726.9638,14642.5582,12126.7113,27465.8022,17009.3777
2025-03-29,35446.7581,248.5520,17651.55,994.81,18646.36,23,3726.9638,8550.0000,20063.5964,11910.7805,27293.9423,19835.2851
2025-03-30,65120.0002,554.4424,39088.64,2181.22,41269.86,23,8550.0000,8550.0000,21416.9076,17347.6952,61050.7878,6259.6104
2025-03-31,64380.6524,1797.3334,38571.57,7138.90,45710.47,43,8550.0000,8550.0000,21437.0500,17364.0105,60307.6130,5153.5569
2025-04-01,64308.1161,3235.2760,38371.01,9483.43,47854.45,55,8550.0000,8550.0000,21488.7872,17405.9177,60225.2466,3251.6711
2025-04-02,64676.0266,3193.6695,38538.24,12613.93,51152.16,55,8550.0000,8550.0000,21509.8898,17423.0107,60589.1476,3347.4817
2025-04-03,60258.3107,515.1452,36912.21,2248.54,39160.75,29,8550.0000,3486.6822,15977.6947,17498.9187,61779.5347,6431.1497
2025-04-04,29616.2417,162.3254,15036.11,663.91,15700.02,17,3486.6822,3449.2053,14452.5125,11740.2643,26903.9935,20635.5167
2025-04-05,35564.2276,326.6893,17571.22,1165.27,18736.49,23,3449.2053,8550.0000,20086.2860,11679.1764,27157.1181,15439.6924
2025-04-06,65746.7202,203.6913,39060.66,758.45,39819.11,13,8550.0000,8550.0000,21614.7806,17507.9723,61639.9119,7433.5270
2025-04-07,65415.6264,205.7981,38788.80,650.27,39439.07,19,8550.0000,8550.0000,21539.5480,17447.0339,61323.1123,8286.1911
2025-04-08,64818.6357,709.4961,38375.81,3121.24,41497.05,35,8550.0000,8550.0000,21527.5570,17437.3212,60728.3999,7084.7024
2025-04-09,64145.6326,2089.1867,38118.64,7342.20,45460.85,52,8550.0000,8550.0000,21461.6183,17383.9108,60067.9251,3022.8008
2025-04-10,58851.0833,642.1236,35998.32,2838.77,38837.10,30,8550.0000,3319.4029,15800.2911,17505.7731,60556.5654,6738.0511
2025-04-11,29003.7744,264.6836,14588.21,1107.74,15695.94,24,3319.4029,3251.4599,14253.2803,11606.3058,26356.7998,21304.8332
2025-04-12,35330.9842,167.8243,17327.22,684.44,18011.66,10,3251.4599,8550.0000,20095.2560,11508.4713,26744.1994,17886.8632
2025-04-13,63684.3617,371.0877,37730.05,1575.40,39305.44,21,8550.0000,8550.0000,21533.0624,17441.7806,59593.0798,5687.8090
2025-04-14,63240.7340,431.3374,37387.64,1481.94,38869.59,25,8550.0000,8550.0000,21463.2784,17385.2555,59162.7111,7066.0167
2025-04-15,63691.6473,260.0016,37713.49,1148.38,38861.87,17,8550.0000,8550.0000,21444.0362,17369.6693,59617.2804,9737.8532
2025-04-16,62975.6171,720.8701,37270.37,2180.66,39451.03,35,8550.0000,8550.0000,20917.3505,16943.0539,59001.3205,3942.5987
2025-04-17,56649.1899,240.5923,34592.51,1026.06,35618.56,17,8550.0000,2958.0239,14563.9293,16829.5612,58914.8218,6287.0717
2025-04-18,28102.8897,150.5216,14041.40,414.41,14455.81,14,2958.0239,2843.5921,13768.8608,11255.7659,25589.7947,19386.1992
2025-04-19,34461.2901,227.7703,16680.54,628.24,17308.78,13,2843.5921,8550.0000,20036.8769,11094.1031,25518.5164,18961.6075
2025-04-20,62340.9920,416.1067,36720.66,1804.70,38525.35,21,8550.0000,8550.0000,20889.5401,16920.5275,58371.9794,6830.3412
2025-04-21,61919.0801,355.7660,36323.80,1256.33,37580.14,23,8550.0000,8550.0000,20899.9591,16928.9668,57948.0879,9786.9435
2025-04-22,61655.1617,561.8698,36400.66,1734.93,38135.59,31,8550.0000,8550.0000,20697.9028,16765.3012,57722.5602,6131.5007
2025-04-23,62086.9870,175.7758,36461.83,651.29,37113.12,20,8550.0000,8550.0000,20697.5067,16764.9804,58154.4607,6930.3198
2025-04-24,54955.6589,189.8365,33384.72,1042.32,34427.04,14,8550.0000,2544.4464,13998.3978,16743.7004,57700.9616,10800.6914
2025-04-25,27147.1456,147.4040,13307.89,644.76,13952.65,11,2544.4464,2435.4316,13240.4188,10822.8526,24729.5794,22876.6257
2025-04-26,33392.0462,240.2507,16005.45,985.46,16990.91,22,2435.4316,7950.0000,19298.4338,10668.6198,24762.2322,24932.2893
2025-04-27,58184.3835,1132.6236,34250.47,4767.72,39018.19,37,7950.0000,7950.0000,19492.5377,15788.9556,54480.8013,7039.9537
2025-04-28,57569.7299,4776.7611,34050.62,17318.48,51369.10,66,7950.0000,7695.4230,19337.0987,15892.1693,54124.8004,2279.5943
2025-04-29,59748.0681,662.7633,35292.42,2673.11,37965.54,20,7695.4230,7950.0000,19853.1915,15851.9658,55746.8424,8976.3919
2025-04-30,58844.0808,826.2920,34867.70,2552.55,37420.24,31,7950.0000,7950.0000,19193.5353,15546.7636,55197.3091,7766.7467
2025-05-01,51762.4512,2775.2048,31843.58,12954.21,44797.79,68,7950.0000,2167.8292,12790.7112,15564.4297,54536.1697,6299.9957
2025-05-02,27183.4852,2512.3558,13616.52,11222.16,24838.68,70,2167.8292,2110.5389,12926.9557,10522.3954,24778.9249,13000.9606
2025-05-03,34636.7480,1114.9090,17078.81,5577.09,22655.89,36,2110.5389,7950.0000,19550.4403,10580.3417,25666.6494,17914.3868
2025-05-04,63464.8072,921.8705,37926.63,3729.58,41656.22,41,7950.0000,8326.3555,20422.0396,16203.1321,59245.8997,8433.1029
2025-05-05,64016.8274,1304.8760,38474.69,5662.72,44137.41,44,8326.3555,8148.6140,19272.8434,15770.9705,60514.9545,6743.8237
2025-05-06,63913.1332,1028.8203,38802.16,4100.96,42903.12,38,8148.6140,7950.0458,19436.4359,15922.2244,60398.9218,8557.6598
2025-05-07,65651.1419,654.3477,39419.55,3048.87,42468.42,29,7950.0458,8550.0000,20835.7090,16336.9655,61152.3984,6738.9001
2025-05-08,59109.0405,871.3074,37350.61,3209.49,40560.10,24,8550.0000,2368.5633,13965.2006,16875.1055,62018.9455,7063.7404
2025-05-09,30417.7804,137.1352,16382.17,471.17,16853.34,11,2368.5633,2214.4339,13063.2222,10719.9264,28074.4846,19712.2339
2025-05-10,37195.2379,228.1745,19106.26,813.64,19919.90,22,2214.4339,8550.0000,20207.9046,10666.3933,27653.7265,15760.8557
2025-05-11,65807.7353,576.5754,39601.14,2192.87,41794.02,31,8550.0000,8550.0000,21219.1647,17187.5234,61776.0940,6868.5903
2025-05-12,66647.6484,1003.7501,40129.25,2934.04,43063.29,22,8550.0000,8550.0000,21393.7110,17328.9059,62582.8433,11655.3982
2025-05-13,65723.2453,238.1115,39538.92,886.48,40425.39,12,8550.0000,8550.0000,20697.2191,16764.7474,61790.7737,8899.6724
2025-05-14,66281.1033,301.3703,39793.15,889.27,40682.42,19,8550.0000,8550.0000,20650.1917,16726.6553,62357.5669,9644.7884
2025-05-15,58988.9158,450.7130,37048.62,1672.48,38721.11,22,8550.0000,2041.4934,13265.8841,16603.0220,62326.0537,10011.7084
2025-05-16,29376.2290,297.1462,15666.55,964.90,16631.45,14,2041.4934,2092.9319,12977.6151,10465.5736,26864.1875,24445.8272
2025-05-17,36225.5082,649.5774,18390.21,2795.73,21185.94,27,2092.9319,8550.0000,20024.4171,10408.4166,26609.5077,16810.2860
2025-05-18,63991.8216,854.4417,38493.22,2628.29,41121.51,31,8550.0000,8550.0000,19104.9428,15475.0036,60361.8825,7540.1561
2025-05-19,63923.6197,242.3521,38238.16,1402.50,39640.67,13,8550.0000,8365.5924,18935.9978,15504.1250,60491.7469,13218.8825
2025-05-20,62931.9184,696.3187,37649.01,3048.14,40697.16,30,8365.5924,8146.5484,19035.8171,15616.1515,59512.2528,5681.1766
2025-05-21,63724.8253,764.3156,38188.03,2844.39,41032.42,25,8146.5484,8167.1792,19222.0965,15551.3304,60054.0592,9455.7595
2025-05-22,56452.8016,145.2027,35587.44,551.63,36139.07,13,8167.1792,1727.1060,11903.1614,15437.6266,59987.2668,9315.8387
2025-05-23,28568.7564,186.7318,15187.52,512.02,15699.54,14,1727.1060,1756.6535,12480.7842,10082.8424,26170.8147,19936.5976
2025-05-24,35594.5950,203.6601,18190.63,668.58,18859.21,22,1756.6535,7950.0000,19377.6610,10121.8936,26338.8275,22787.9862
2025-05-25,63030.2393,195.7386,37986.30,907.51,38893.81,15,7950.0000,7950.0000,19213.6228,15563.0345,59379.6510,11030.3794
2025-05-26,61962.5001,1630.4388,37308.40,5611.74,42920.15,37,7950.0000,7950.0000,18984.8468,15377.7259,58355.3792,5405.9851
2025-05-27,62865.9332,271.6763,37774.30,732.39,38506.68,19,7950.0000,7950.0000,19222.5099,15570.2330,59213.6563,10094.9653
2025-05-28,62225.3937,1148.1940,37450.09,3343.02,40793.11,37,7950.0000,7950.0000,19067.1096,15444.3588,58602.6429,7477.0128
2025-05-29,55303.7248,1099.4905,34724.08,4358.54,39082.62,40,7950.0000,1687.3946,12294.4890,15594.8810,58604.1168,5593.4837
2025-05-30,28575.3717,488.0069,15125.09,1771.66,16896.75,19,1687.3946,1746.8325,12679.3129,10216.7493,26112.8081,20004.5818
2025-05-31,35667.8672,489.0562,18147.05,1379.76,19526.80,22,1746.8325,7950.0000,19528.2272,10235.0133,26374.6533,18474.5280
2025-06-01,64555.5340,12031.4492,38638.36,45880.37,84518.73,118,7950.0000,8550.0000,20690.5121,16219.3148,60084.3367,890.9596
2025-06-02,67747.8005,8059.2684,40732.25,32980.78,73713.03,109,8550.0000,8550.0000,20924.3797,16948.7476,63772.1684,3190.6293
2025-06-03,70971.1317,3250.8614,43088.85,13868.28,56957.13,89,8550.0000,8550.0000,21630.2398,17520.4942,66861.3862,1919.8808
2025-06-04,74277.4144,3137.1548,45445.94,10876.14,56322.08,73,8550.0000,8550.0000,21815.0353,17670.1786,70132.5577,3624.4517
2025-06-05,69793.2050,1668.1679,44467.60,6025.89,50493.49,60,8550.0000,2092.5820,15193.6711,18118.5498,72718.0837,3236.9336
2025-06-06,36558.6882,1613.9777,20984.34,6551.68,27536.02,40,2092.5820,2225.0814,13466.9795,10789.0040,33880.7126,4639.6949
2025-06-07,45060.5868,935.3265,24880.77,3625.24,28506.00,33,2225.0814,8550.0000,20586.9705,10983.0194,35456.6356,5265.4490
2025-06-08,88221.5862,8.6872,55590.55,40.21,55630.76,2,8550.0000,8550.0000,24290.0560,19674.9454,83606.4755,18430.2394
2025-06-09,86114.5212,248.7515,54176.75,710.25,54887.00,13,8550.0000,8550.0000,23444.1821,18989.7875,81660.1266,10976.1654
2025-06-10,86446.0262,217.9614,54503.10,566.50,55069.60,11,8550.0000,8550.0000,23800.2339,19278.1895,81923.9817,10523.4989
2025-06-11,86574.8558,935.2985,54341.32,4255.32,58596.64,24,8550.0000,8550.0000,23645.8286,19153.1212,82082.1484,6933.0006
2025-06-12,80763.8430,204.7999,52226.78,643.38,52870.16,14,8550.0000,2784.7896,18078.8091,19832.5248,82517.5586,10269.9671
2025-06-13,41308.5622,200.2049,23591.11,947.16,24538.27,15,2784.7896,2659.1630,13997.0734,11450.6934,38762.1822,10617.0734
2025-06-14,48206.1723,141.6275,26550.35,298.48,26848.83,11,2659.1630,8550.0000,20766.7105,11519.2822,38958.7440,12907.0287
2025-06-15,88404.9240,1.9558,55846.49,6.97,55853.46,2,8550.0000,8550.0000,24397.2574,19761.7785,83769.4451,13144.4266
2025-06-16,88339.1292,191.1490,55920.14,549.22,56469.35,15,8550.0000,8550.0000,24408.7254,19771.0676,83701.4714,11198.5675
2025-06-17,88501.1597,752.4402,55978.60,2855.79,58834.38,21,8550.0000,8550.0000,24630.5871,19950.7755,83821.3482,9936.7772
2025-06-18,88745.7378,54.9257,56005.59,156.76,56162.34,7,8550.0000,8550.0000,24679.7992,19990.6374,84056.5760,13183.1108
2025-06-19,80941.2419,251.9182,52398.54,835.34,53233.88,15,8550.0000,2666.5279,18024.6705,19895.1080,82811.6794,14804.0934
2025-06-20,40705.8929,221.9016,23103.09,499.18,23602.27,12,2666.5279,2670.8037,14093.5841,11411.9549,38024.2637,15845.5844
2025-06-21,46473.4101,338.7134,25454.37,1155.49,26609.86,14,2670.8037,8550.0000,20427.8958,11255.3189,37300.8332,18304.8062
2025-06-22,86321.9374,91.4348,54345.40,197.10,54542.50,5,8550.0000,8550.0000,24258.9347,19649.7371,81712.7399,14346.8336
2025-06-23,84987.7480,88.7028,53303.77,193.59,53497.36,8,8550.0000,8550.0000,23647.6572,19154.6023,80494.6931,13522.1100
2025-06-24,83206.5981,2250.2874,52029.25,9444.95,61474.19,39,8550.0000,8550.0000,23498.7411,19033.9803,78741.8373,4723.3324
2025-06-25,83861.4329,693.6121,52286.52,2187.06,54473.58,14,8550.0000,8550.0000,23871.6486,19336.0354,79325.8197,9582.0104
2025-06-26,76523.9922,116.5062,49337.85,557.80,49895.65,12,8550.0000,2238.4628,17269.6272,19668.7815,78923.1464,11492.2687
2025-06-27,37022.5244,217.6756,20899.74,642.24,21541.98,17,2238.4628,2351.3150,13514.0982,10844.8527,34353.2788,14799.3086
2025-06-28,43220.4770,301.0097,23392.64,997.76,24390.40,19,2351.3150,8550.0000,20390.1971,10937.2432,33767.5230,12291.6065
2025-06-29,83748.3876,365.6102,52463.79,1011.86,53475.66,18,8550.0000,8550.0000,24177.9159,19584.1119,79154.5835,10252.4252
2025-06-30,83017.5642,659.2510,51947.34,2487.61,54434.96,19,8550.0000,8550.0000,23850.7559,19319.1122,78485.9206,9267.4876
2025-07-01,82512.3731,5828.8544,51393.23,20183.02,71576.24,85,8550.0000,8550.0000,23452.6114,18996.6152,78056.3770,5018.6873
2025-07-02,83143.0298,4499.5958,51736.91,15926.39,67663.30,80,8550.0000,8550.0000,23085.3445,18699.1290,78756.8144,10351.6438
2025-07-03,77186.8631,3880.9378,49691.15,14190.85,63882.00,87,8550.0000,2581.5580,16022.2022,18349.5816,79514.2425,3634.7614
2025-07-04,41081.1406,1812.2274,24050.94,6280.29,30331.23,57,2581.5580,2748.8205,14101.3817,11271.5829,38251.3418,11182.7017
2025-07-05,49917.2319,932.9735,28240.32,3458.08,31698.40,36,2748.8205,8550.0000,20612.1604,11474.7884,40779.8599,12922.7534
2025-07-06,88778.0548,1454.8289,56020.15,6238.15,62258.30,39,8550.0000,8550.0000,22418.9409,18159.3422,84518.4560,6179.3033
2025-07-07,88539.0592,294.1790,56009.71,690.42,56700.13,20,8550.0000,8550.0000,22639.5678,18338.0499,84237.5413,11122.2375
2025-07-08,90466.3205,253.5360,57327.83,1025.83,58353.67,15,8550.0000,8550.0000,22484.3654,18212.3360,86194.2910,10876.4400
2025-07-09,89131.7371,257.7291,56520.35,943.13,57463.47,11,8550.0000,8550.0000,22557.0190,18271.1854,84845.9035,11044.9075
2025-07-10,82143.9846,234.0079,53549.47,704.08,54253.55,10,8550.0000,2766.6969,16428.8858,18512.3703,84227.4691,11607.8536
2025-07-11,45417.5093,300.2474,27248.10,970.94,28219.04,19,2766.6969,2787.5893,13904.1584,11243.5651,42756.9160,10538.3862
2025-07-12,51840.9439,172.0629,29700.44,601.62,30302.07,10,2787.5893,8550.0000,20421.9371,11355.5994,42774.6062,11862.4258
2025-07-13,86090.7444,170.1623,54283.99,853.32,55137.30,13,8550.0000,8550.0000,22204.0043,17985.2435,81871.9835,12774.4254
2025-07-14,84451.6416,200.6164,53204.09,914.28,54118.37,16,8550.0000,8550.0000,22135.6558,17929.8812,80245.8670,8638.8042
2025-07-15,88186.9288,1264.4703,56011.62,3374.10,59385.73,18,8550.0000,8550.0000,22326.2328,18084.2486,83944.9446,12460.3643
2025-07-16,86472.1083,677.0249,54650.45,2277.88,56928.33,18,8550.0000,8550.0000,22034.2256,17847.7227,82285.6054,10828.0669
2025-07-17,79389.6845,739.8069,51640.51,3118.22,54758.73,23,8550.0000,2773.0405,15645.8298,17872.3856,81616.2404,9635.6312
2025-07-18,44698.7697,122.3318,26777.08,488.46,27265.54,12,2773.0405,2709.6479,13813.8262,11246.2526,42131.1961,10979.2798
2025-07-19,50980.6031,238.1954,29157.32,761.99,29919.31,16,2709.6479,8550.0000,20302.7785,11188.9337,41866.7583,14922.1346
2025-07-20,83508.6894,563.5298,52483.44,1930.50,54413.95,16,8550.0000,8550.0000,22135.1413,17929.4644,79303.0126,7776.5642
2025-07-21,84322.4001,786.5579,52961.64,2670.84,55632.48,24,8550.0000,8550.0000,21918.0661,17753.6335,80157.9675,6954.7761
2025-07-22,88263.5535,598.3263,55756.60,2508.01,58264.61,12,8550.0000,8550.0000,22138.2296,17931.9660,84057.2899,10860.4716
2025-07-23,87244.7556,416.5039,55062.02,1535.35,56597.37,13,8550.0000,8550.0000,22149.7273,17941.2791,83036.3074,9236.2642
2025-07-24,80434.1035,888.8956,52292.42,3639.81,55932.23,19,8550.0000,2790.2030,16087.0412,18214.3207,82561.3830,9833.8066
2025-07-25,44361.8779,179.4814,26474.68,746.94,27221.62,11,2790.2030,2685.0532,13787.8090,11262.7601,41836.8291,15510.9909
2025-07-26,50711.0514,243.2116,29027.27,713.24,29740.51,11,2685.0532,8550.0000,20246.2459,11121.0070,41585.8125,13359.9326
2025-07-27,84405.9796,1099.4504,53019.28,4577.03,57596.31,29,8550.0000,8550.0000,22229.6453,18006.0127,80182.3470,7596.6076
2025-07-28,84257.9610,2274.7007,52891.59,8465.29,61356.88,45,8550.0000,8550.0000,22417.3106,18158.0216,79998.6719,4318.4954
2025-07-29,88188.3085,1023.9578,55694.13,3593.14,59287.27,20,8550.0000,8550.0000,22517.6802,18239.3209,83909.9493,8864.6611
2025-07-30,87891.7206,310.3807,55420.91,1335.71,56756.61,19,8550.0000,8550.0000,22396.9347,18141.5171,83636.3030,9843.4297
2025-07-31,80935.0425,273.9407,52373.26,1130.68,53503.94,12,8550.0000,2888.4797,16054.7864,18099.7453,82980.0013,8558.9457
2025-08-01,43536.0222,221.1843,25845.26,670.96,26516.22,16,2888.4797,2734.6455,13893.8734,11392.4883,41034.6372,20004.4618
2025-08-02,49628.6017,112.0326,28374.61,465.48,28840.08,7,2734.6455,8550.0000,20151.9502,11089.2606,40565.9121,19750.9198
2025-08-03,82130.4401,773.3309,51594.57,2830.17,54424.75,30,8550.0000,8550.0000,22075.7622,17881.3674,77936.0452,15869.8961
2025-08-04,80962.5928,251.5386,50748.19,661.56,51409.75,18,8550.0000,8550.0000,21878.9341,17721.9366,76805.5953,11641.4788
2025-08-05,79141.4613,337.5813,49670.27,1113.66,50783.93,16,8550.0000,8550.0000,21567.0152,17469.2823,75043.7284,10229.0000
2025-08-06,77819.8280,1894.0498,48853.57,7279.07,56132.64,41,8550.0000,8550.0000,21070.6399,17067.2183,73816.4064,7596.0569
2025-08-07,69777.9896,517.2905,45309.00,1597.72,46906.72,26,8550.0000,2492.2842,13858.0407,16676.9572,72596.9060,9726.2113
2025-08-08,41131.6289,179.3087,24028.84,802.94,24831.77,15,2492.2842,2436.7946,13409.4523,10911.5970,38633.7736,23037.9110
2025-08-09,47211.9489,536.6605,26618.18,2235.87,28854.06,20,2436.7946,7950.0000,19587.1147,10903.6780,38528.5122,20143.2437
2025-08-10,73315.0655,1579.6120,46375.49,5383.60,51759.09,36,7950.0000,7950.0000,19948.8078,16158.5343,69524.7921,5799.7851
2025-08-11,74826.2329,855.9099,47187.27,3816.73,51004.00,30,7950.0000,7950.0000,20016.2915,16213.1961,71023.1375,7317.7940
2025-08-12,74742.8236,1896.4881,47077.58,7773.12,54850.70,44,7950.0000,7950.0000,20321.3671,16460.3073,70881.7639,5017.7083
2025-08-13,75619.4745,1166.2047,47740.78,4763.20,52503.97,32,7950.0000,7950.0000,20350.4080,16483.8304,71752.8970,6798.1222
2025-08-14,69028.2354,941.6807,44770.38,4093.75,48864.14,35,7950.0000,2470.1305,14175.4563,16414.0021,71266.7813,6282.1710
2025-08-15,41268.2752,413.7580,24297.82,1420.72,25718.54,24,2470.1305,2498.1319,13712.2058,11081.6854,38637.7549,21891.7860
2025-08-16,47712.8043,297.0800,27135.91,1210.55,28346.46,19,2498.1319,8110.1250,19870.1837,11044.0550,38886.6756,22254.4753
2025-08-17,75435.4488,438.0524,47758.39,1843.65,49602.05,25,8110.1250,7980.9222,20259.7153,16526.6518,71702.3854,8975.0441
2025-08-18,75317.9566,593.8113,47592.85,2618.82,50211.67,28,7980.9222,7950.0000,20604.8427,16717.7526,71430.8665,7630.5622
2025-08-19,75271.0966,690.2974,47650.77,2781.38,50432.15,27,7950.0000,7950.0000,20641.8066,16719.8633,71349.1534,7721.7908
2025-08-20,74793.3858,3400.7520,47331.40,13164.64,60496.03,61,7950.0000,7950.0000,20548.7094,16644.4546,70889.1310,3639.1920
2025-08-21,70134.5936,1000.8552,45496.41,3879.45,49375.85,30,7950.0000,2945.8351,15782.0824,17287.2352,71639.7463,6796.1830
2025-08-22,41596.4127,961.0919,24558.20,3799.65,28357.86,33,2945.8351,2807.8806,13898.6768,11382.0873,39079.8232,18810.3457
2025-08-23,47920.0572,342.6507,27366.54,974.51,28341.05,16,2807.8806,8170.8212,19957.2750,11338.7463,39301.5284,17114.1729
2025-08-24,78400.7393,350.2644,49385.71,1241.53,50627.25,23,8170.8212,8550.0000,22006.2404,17483.7938,73878.2927,10494.9676
2025-08-25,78296.5964,1962.4057,49385.95,6905.62,56291.57,39,8550.0000,8550.0000,22059.9220,17868.5368,74105.2112,5294.5299
2025-08-26,79097.2850,369.0284,49844.55,1507.96,51352.51,15,8550.0000,8550.0000,22069.5745,17876.3554,74904.0658,9744.2759
2025-08-27,78835.5873,428.3878,49731.31,1919.10,51650.42,24,8550.0000,8550.0000,22141.2365,17934.4016,74628.7524,7142.9913
2025-08-28,72034.1841,2793.1204,46859.94,10203.59,57063.54,45,8550.0000,3073.2959,16116.4520,17983.3598,73901.0919,5926.4173
2025-08-29,42048.5589,408.7001,24924.36,1545.49,26469.85,20,3073.2959,3100.6957,14441.6063,11673.0412,39279.9938,17133.4735
2025-08-30,47872.6788,748.7320,27311.86,2318.78,29630.64,37,3100.6957,8550.0000,20627.4977,11803.8993,39049.0804,21285.0925
2025-08-31,79143.3171,281.3848,50107.07,981.84,51088.91,16,8550.0000,8550.0000,22179.1038,17965.0741,74929.2873,8564.0491
2025-09-01,79737.0179,0.0000,50342.18,0.00,50342.18,0,8550.0000,8550.0000,22073.2475,17879.3305,75543.1009,21968.9663
2025-09-02,76462.3266,3.0769,47936.51,12.99,47949.50,1,8550.0000,8550.0000,21804.2656,17661.4552,72319.5161,18264.8372
2025-09-03,74269.0069,40.5322,46287.84,137.68,46425.52,2,8550.0000,8550.0000,21834.0148,17685.5520,70120.5441,14613.3591
2025-09-04,66146.3521,134.7265,42216.68,451.84,42668.51,7,8550.0000,3302.9693,15885.2234,17589.3585,67850.4873,14059.6482
2025-09-05,34418.2991,124.9268,19212.32,596.24,19808.56,7,3302.9693,3216.5573,14563.1678,11873.9368,31729.0681,25029.7331
2025-09-06,38065.8612,310.0090,20234.04,1195.53,21429.57,19,3216.5573,7950.0000,19539.6011,11566.9785,30093.2385,22682.1638
2025-09-07,66086.2284,683.1836,40779.22,2341.47,43120.69,25,7950.0000,7950.0000,21440.5844,17366.8734,62012.5174,7734.7173
2025-09-08,63140.5075,3418.3727,38461.97,14097.37,52559.33,74,7950.0000,7950.0000,21369.0565,17308.9357,59080.3868,3103.1899
2025-09-09,65102.7136,1400.7536,39797.55,5601.50,45399.05,56,7950.0000,7973.3476,21537.2851,17424.1881,60989.6166,9287.5360
2025-09-10,65431.9368,2480.1103,40227.05,9878.96,50106.00,65,7973.3476,7950.0000,21393.5706,17349.8050,61388.1712,2552.2828
2025-09-11,62385.3838,481.8487,39387.91,1855.23,41243.14,26,7950.0000,3488.7061,16776.9514,17604.4951,63212.9275,10198.6905
2025-09-12,33164.1196,398.5020,18172.40,1324.33,19496.73,26,3488.7061,3445.3718,14824.0763,12046.5027,30386.5460,19233.3918
2025-09-13,39902.1457,310.8465,21287.65,1307.32,22594.97,19,3445.3718,8550.0000,20635.4179,12120.5231,31387.2509,23690.9959
2025-09-14,68616.8446,1029.1333,42513.83,3239.94,45753.77,34,8550.0000,8550.0000,21760.1883,17625.7525,64482.4089,5412.2174
2025-09-15,66864.6133,1100.6368,40995.40,4745.30,45740.69,41,8550.0000,8550.0000,21667.4077,17550.6002,62747.8058,8781.4120
2025-09-16,66625.8075,2010.3215,41103.65,6409.77,47513.42,60,8550.0000,8550.0000,21616.0330,17508.9867,62518.7612,5037.3127
2025-09-17,68378.2608,837.3485,42196.57,2975.26,45171.83,37,8550.0000,8550.0000,21690.9903,17569.7021,64256.9726,5134.2027
2025-09-18,63600.0120,485.9115,40442.28,2296.66,42738.94,29,8550.0000,3875.7754,16403.2372,17493.4243,64690.1992,6220.0595
2025-09-19,34928.5366,342.6140,19365.74,1010.23,20375.97,19,3875.7754,3909.9870,15618.3777,12620.0954,31930.2543,16171.5161
2025-09-20,40658.3243,224.9719,21932.50,854.79,22787.29,13,3909.9870,8550.0000,20692.6506,12585.0353,32550.7090,17130.2472
2025-09-21,72451.6916,228.2696,45189.86,750.02,45939.88,18,8550.0000,8550.0000,21852.3006,17700.3635,68299.7545,10240.5366
2025-09-22,69066.9197,1566.5433,42571.63,5694.75,48266.38,50,8550.0000,8550.0000,21622.0861,17513.8897,64958.7233,5911.2467
2025-09-23,70464.2212,1179.5211,43599.64,5122.78,48722.41,47,8550.0000,8550.0000,21699.8203,17576.8545,66341.2553,5404.1608
2025-09-24,71397.4807,541.6889,44319.45,1778.81,46098.26,34,8550.0000,8550.0000,21772.8991,17636.0482,67260.6299,6739.0937
2025-09-25,67452.5323,742.1406,43026.15,2720.74,45746.89,27,8550.0000,4289.4575,16993.1885,17598.9710,68058.3148,8465.0065
2025-09-26,35749.3386,29.6091,19963.84,101.74,20065.58,5,4289.4575,4276.3165,15941.5006,12924.4424,32732.2804,15067.6460
2025-09-27,41041.8866,234.8420,22327.74,763.96,23091.70,19,4276.3165,8550.0000,20635.7326,12868.6282,33274.7822,15708.3220
2025-09-28,74435.8632,256.7607,46457.48,958.23,47415.71,15,8550.0000,8550.0000,22069.9608,17876.6683,70242.5707,7011.7022
2025-09-29,72304.3045,919.1220,44662.00,4255.03,48917.03,44,8550.0000,8550.0000,21964.2129,17791.0125,68131.1041,6290.3345
2025-09-30,73682.8822,826.1252,45884.27,3514.92,49399.19,34,8550.0000,8550.0000,22111.5674,17910.3696,69481.6844,4885.6348
2025-10-01,74623.3509,62.0368,46461.98,135.25,46597.23,6,8550.0000,8550.0000,22184.3603,17969.3318,70408.3225,20808.8377
2025-10-02,68554.4360,78.9642,43562.44,177.84,43740.28,8,8550.0000,4598.9369,17746.1784,17930.3614,68738.6189,17086.8000
2025-10-03,34507.5917,14.6680,18632.17,29.48,18661.66,2,4598.9369,4574.7369,16102.9718,13065.1871,31469.8070,23667.3213
2025-10-04,39029.0363,20.2464,20512.24,75.12,20587.35,5,4574.7369,8550.0000,20600.1907,13108.4177,31537.2633,18461.5272
2025-10-05,69902.2290,97.1116,42947.44,215.46,43162.90,10,8550.0000,8550.0000,21938.9470,17770.5471,65733.8291,11094.9796
2025-10-06,68661.5457,246.8298,42060.79,684.35,42745.14,12,8550.0000,8550.0000,21776.2736,17638.7816,64524.0537,7037.7742
2025-10-07,68538.4094,85.0204,42095.40,336.82,42432.21,9,8550.0000,8550.0000,21774.7457,17637.5440,64401.2077,6714.6651
2025-10-08,66722.3930,573.2761,40494.24,1977.90,42472.15,23,8550.0000,8550.0000,21565.0785,17467.7136,62625.0281,6719.8085
2025-10-09,63118.2541,177.2483,39274.35,843.38,40117.72,12,8550.0000,4740.7280,17191.6437,17353.5762,63280.1866,7697.4533
2025-10-10,33120.5802,265.7630,17164.47,962.63,18127.10,19,4740.7280,4885.7613,16521.4520,13251.8460,29850.9743,20773.1264
2025-10-11,37778.9712,93.7845,19363.95,415.54,19779.50,11,4885.7613,8550.0000,20579.2625,13371.3878,30571.0965,16558.5674
2025-10-12,68986.7360,280.0072,42379.46,1015.43,43394.89,19,8550.0000,8550.0000,21571.3821,17472.8195,64888.1734,6653.2246
2025-10-13,70012.2168,86.9251,43178.73,237.95,43416.69,11,8550.0000,8550.0000,21585.1790,17483.9950,65911.0328,8970.5626
2025-10-14,69954.9179,259.7654,43166.55,988.86,44155.41,22,8550.0000,8550.0000,21605.9595,17500.8272,65849.7856,5335.7217
2025-10-15,69103.6385,1046.6159,42253.99,4291.79,46545.78,34,8550.0000,8550.0000,21512.8129,17425.3784,65016.2040,4142.7963
2025-10-16,66029.7013,1469.6411,41286.32,6002.80,47289.11,38,8550.0000,5178.1935,17934.3034,17561.4116,65656.8095,4159.9777
2025-10-17,34179.2771,157.2445,17883.34,609.22,18492.57,13,5178.1935,5376.4204,17066.3283,13645.3217,30758.2705,14911.3157
2025-10-18,38158.0325,108.1469,19758.16,287.61,20045.77,8,5376.4204,8550.0000,20510.8826,13757.5933,31404.7432,15436.2969
2025-10-19,72381.8422,679.8238,44490.50,2656.91,47147.42,25,8550.0000,8550.0000,22282.7841,18049.0551,68148.1133,4942.2145
2025-10-20,73881.8587,692.6394,45709.65,3296.29,49005.94,21,8550.0000,8550.0000,22489.0528,18216.1327,69608.9387,5860.7958
2025-10-21,74804.1256,641.6812,46289.99,1969.31,48259.31,30,8550.0000,8550.0000,22994.5910,18625.6187,70435.1533,4614.2531
2025-10-22,74633.3321,988.3550,45726.31,4961.21,50687.52,33,8550.0000,8550.0000,23213.0973,18802.6088,70222.8437,5656.3020
2025-10-23,71998.3449,181.5124,45015.43,819.69,45835.12,15,8550.0000,5555.6849,20149.0754,19015.6347,70864.9041,7666.9195
2025-10-24,34768.4074,292.0579,18274.55,1222.54,19497.09,18,5555.6849,5721.3086,17413.3793,13955.7759,31310.8040,13182.8112
2025-10-25,38640.5918,142.6195,20127.96,534.84,20662.80,9,5721.3086,8550.0000,20642.5230,14174.6214,32172.6901,12916.8770
2025-10-26,76509.0482,94.3019,47531.10,244.65,47775.74,8,8550.0000,8550.0000,23546.9363,19073.0184,72035.1303,7585.1202
2025-10-27,76874.3995,280.1768,47903.52,1096.89,49000.41,15,8550.0000,8550.0000,23425.2274,18974.4342,72423.6063,9151.2014
2025-10-28,76563.6293,172.6005,47586.15,741.12,48327.28,11,8550.0000,8550.0000,23467.3739,19008.5729,72104.8283,6305.0071
2025-10-29,75380.1852,1610.5552,46638.48,5503.26,52141.74,38,8550.0000,8550.0000,23375.4123,18934.0839,70938.8569,3237.1553
2025-10-30,73731.5156,221.7234,46385.88,806.91,47192.79,21,8550.0000,5938.6555,20608.8080,19043.3445,72166.0521,7599.9578
2025-10-31,35988.2917,127.8755,19156.45,560.42,19716.87,13,5938.6555,6067.3603,17891.7729,14376.5018,32473.0206,8696.6040
2025-11-01,39101.8017,146.7547,20556.11,348.09,20904.19,9,6067.3603,8550.0000,20623.2448,14470.4526,32949.0095,10551.7257
2025-11-02,79385.4276,236.9172,49598.76,977.35,50576.10,11,8550.0000,8550.0000,23459.8550,19002.4825,74928.0552,6368.5884
2025-11-03,80392.0379,242.4906,50482.83,657.05,51139.88,19,8550.0000,8550.0000,23456.7849,18999.9958,75935.2488,6672.8091
2025-11-04,80833.3750,184.6071,50553.22,789.99,51343.21,14,8550.0000,8550.0000,23293.1149,18867.4231,76407.6831,9012.2182
2025-11-05,80816.9514,146.0776,50678.97,428.27,51107.24,13,8550.0000,8550.0000,23327.5912,18895.3489,76384.7091,6852.7667
2025-11-06,78131.5296,661.6702,49436.36,2807.10,52243.46,32,8550.0000,6424.6692,21030.3068,18947.3462,76048.5690,5340.6547
2025-11-07,37331.6699,119.3700,20056.32,504.03,20560.34,14,6424.6692,6442.0989,18335.3232,14835.9251,33832.2718,10633.1799
2025-11-08,39697.3835,96.1939,20924.59,261.14,21185.74,9,6442.0989,8550.0000,20815.3899,14963.3549,33845.3484,10150.3353
2025-11-09,81884.6224,298.5710,51516.66,1075.93,52592.59,19,8550.0000,8550.0000,23200.1511,18792.1224,77476.5937,6428.3475
2025-11-10,82270.9111,314.4229,51740.99,1137.11,52878.10,27,8550.0000,8550.0000,23244.0521,18827.6822,77854.5412,4310.5211
2025-11-11,82838.2577,26.3006,52157.09,67.29,52224.38,7,8550.0000,8550.0000,23368.8447,18928.7642,78398.1772,6865.4582
2025-11-12,83056.5939,113.4743,52364.59,462.80,52827.40,13,8550.0000,8550.0000,23564.7020,19087.4086,78579.3006,7736.7871
2025-11-13,81018.6182,330.4372,51493.58,1018.91,52512.49,24,8550.0000,7056.6519,21932.0943,19109.0096,78195.5336,6130.0994
2025-11-14,37687.5553,61.6243,20290.20,169.71,20459.91,8,7056.6519,6852.1733,18775.2727,15392.0016,34304.2842,6767.4533
2025-11-15,39987.2662,106.4326,21208.49,287.77,21496.26,12,6852.1733,8550.0000,20714.3294,15250.5628,34523.4995,6418.0452
2025-11-16,84209.9594,487.9479,53219.82,1805.84,55025.66,30,8550.0000,8550.0000,23887.9903,19349.2722,79671.2412,5724.6447
2025-11-17,84889.7426,116.9376,53670.21,314.73,53984.93,11,8550.0000,8550.0000,24279.3443,19666.2689,80276.6672,7697.8504
2025-11-18,84264.0206,457.9939,53229.15,1272.35,54501.50,22,8550.0000,8550.0000,24123.6456,19540.1530,79680.5279,5247.9700
2025-11-19,84572.4369,300.4642,53411.99,1001.86,54413.85,26,8550.0000,8550.0000,24281.6013,19668.0970,79958.9327,4891.0853
2025-11-20,83440.9934,243.6498,53023.85,866.32,53890.17,22,8550.0000,7185.3610,22808.2106,19702.8257,80335.6085,5786.1822
2025-11-21,39807.6899,239.9612,21202.12,609.46,21811.58,16,7185.3610,7112.0095,19177.9093,15600.1229,36229.9036,7605.4807
2025-11-22,41623.5110,259.8729,21856.43,877.22,22733.65,22,7112.0095,8550.0000,20811.6089,15563.2117,36375.1138,6415.1572
2025-11-23,86137.3548,324.9275,54419.30,1267.82,55687.13,26,8550.0000,8550.0000,24625.6048,19946.7399,81458.4899,6551.3212
2025-11-24,86224.6807,199.1601,54447.74,669.24,55116.99,20,8550.0000,8550.0000,24576.7828,19907.1940,81555.0920,7592.3084
2025-11-25,86032.7232,208.6190,54294.69,726.51,55021.20,20,8550.0000,8550.0000,24721.5820,20024.4814,81335.6226,5375.5812
2025-11-26,86099.2737,198.6561,54340.60,751.41,55092.01,18,8550.0000,8550.0000,24535.0556,19873.3950,81437.6131,4878.6023
2025-11-27,85000.9372,304.2443,53950.11,1159.85,55109.96,16,8550.0000,7574.4069,23485.0081,19900.8904,81416.8194,5940.1710
2025-11-28,40714.1234,166.3609,21534.32,622.95,22157.27,17,7574.4069,7574.4281,19665.2709,15928.8503,36977.7029,6222.8252
2025-11-29,42283.5871,1360.6082,22178.86,4043.24,26222.10,38,7574.4281,8550.0000,20907.5140,16057.0716,37433.1447,3864.3029
2025-11-30,87763.4179,466.1631,55644.66,1640.78,57285.44,33,8550.0000,8550.0000,24761.1862,20056.5608,83058.7925,3280.1275
2025-12-01,88503.2322,4308.1145,56107.38,15289.61,71396.98,81,8550.0000,8550.0000,24833.3333,20115.0000,83784.8988,1794.0856
2025-12-02,90576.9520,3847.5592,57648.56,14393.14,72041.69,99,8550.0000,8550.0000,24948.7850,20208.5158,85836.6828,1046.4321
2025-12-03,93205.2999,1544.2511,59556.16,4667.97,64224.13,62,8550.0000,8550.0000,25210.0240,20420.1194,88415.3953,2796.8979
2025-12-04,94985.3146,1217.0476,60828.43,4396.03,65224.46,53,8550.0000,8550.0000,25372.1570,20551.4472,90164.6048,4610.4436
2025-12-05,51187.7776,419.0646,26915.66,1456.69,28372.35,25,8550.0000,8550.0000,21529.7078,17439.0633,47097.1331,6204.5700
2025-12-06,53209.9690,531.7993,28073.94,1744.41,29818.35,26,8550.0000,8550.0000,21662.1018,17546.3025,49094.1697,5961.3382
2025-12-07,99429.6206,248.4811,64036.59,1036.15,65072.74,21,8550.0000,8550.0000,25666.6667,20790.0000,94552.9539,7148.7538
2025-12-08,100972.8913,65.4440,65072.57,345.02,65417.59,8,8550.0000,8550.0000,25666.6667,20790.0000,96096.2247,8314.4576
2025-12-09,100724.1460,135.7554,64905.68,624.83,65530.51,15,8550.0000,8550.0000,25666.6667,20790.0000,95847.4794,8594.7805
2025-12-10,99758.8876,143.4874,64232.85,536.35,64769.20,19,8550.0000,8550.0000,25666.6667,20790.0000,94882.2210,6638.0899
2025-12-11,99576.9436,139.0536,64204.65,422.65,64627.30,10,8550.0000,8550.0000,25666.6667,20790.0000,94700.2770,8878.0759
2025-12-12,52809.3473,484.4470,27884.53,1499.03,29383.56,24,8550.0000,8550.0000,21648.1426,17534.9955,48696.2002,5466.2337
2025-12-13,53171.3405,184.9151,28011.01,802.85,28813.86,20,8550.0000,8550.0000,21631.0748,17521.1706,49061.4363,5447.8180
2025-12-14,99114.7337,278.7865,63771.61,1151.69,64923.29,18,8550.0000,8550.0000,25666.6667,20790.0000,94238.0670,5738.1318
2025-12-15,100617.0462,246.4765,64674.27,867.32,65541.58,19,8550.0000,8550.0000,25666.6667,20790.0000,95740.3795,6517.2980
2025-12-16,100591.2594,139.8149,64753.15,476.40,65229.54,11,8550.0000,8550.0000,25666.6667,20790.0000,95714.5927,6436.3163
2025-12-17,100322.2282,343.5895,64417.90,1333.64,65751.54,19,8550.0000,8550.0000,25655.7241,20781.1365,95447.6406,7599.3830
2025-12-18,99591.0915,211.2726,64073.15,536.57,64609.72,15,8550.0000,8550.0000,25544.4215,20690.9814,94737.6514,7582.6570
2025-12-19,53439.8662,216.0080,28197.85,1013.06,29210.91,22,8550.0000,8550.0000,21593.2844,17490.5604,49337.1422,6644.7589
2025-12-20,53308.6090,137.7305,28084.58,479.16,28563.74,10,8550.0000,8550.0000,21613.7790,17507.1610,49201.9910,6483.3692
2025-12-21,98935.4183,559.5389,63572.16,1933.80,65505.96,21,8550.0000,8550.0000,25574.4789,20715.3279,94076.2673,5598.0243
2025-12-22,100600.2791,214.3627,64634.87,868.52,65503.39,13,8550.0000,8550.0000,25555.8431,20700.2329,95744.6689,7021.6045
2025-12-23,100288.5965,69.7547,64517.22,328.02,64845.23,6,8550.0000,8550.0000,25663.8153,20787.6904,95412.4716,8224.1338
2025-12-24,99142.8305,155.3486,63594.79,577.86,64172.65,14,8550.0000,8550.0000,25666.6667,20790.0000,94266.1638,6566.9530
2025-12-25,98404.8303,335.7279,63267.75,986.76,64254.51,22,8550.0000,8550.0000,25632.5033,20762.3277,93534.6546,6057.9340
2025-12-26,52297.2130,151.2384,27578.19,392.69,27970.88,18,8550.0000,8550.0000,21597.5898,17494.0477,48193.6710,5337.2869
2025-12-27,52110.8350,243.4484,27352.50,1060.57,28413.07,15,8550.0000,8550.0000,21697.5513,17575.0166,47988.3002,4892.9396
2025-12-28,97874.7605,282.1287,62840.48,1041.31,63881.79,23,8550.0000,8550.0000,25589.5361,20727.5243,93012.7487,6485.6226
2025-12-29,99074.6032,190.3077,63550.41,782.93,64333.34,13,8550.0000,8550.0000,25488.5910,20645.7587,94231.7709,6898.3123
2025-12-30,98461.6827,90.9604,63156.13,345.91,63502.04,8,8550.0000,8550.0000,25570.4980,20712.1034,93603.2881,7469.8458
2025-12-31,94539.9405,542.5572,60983.50,2225.88,63209.37,33,8550.0000,6000.0000,22535.1026,20548.4331,92553.2710,4449.4053
