date,uniform56,half_life7,half_life14,half_life28,uniform28,uniform42
2025-01-01,,,,,,
2025-01-02,,,,,,
2025-01-03,,,,,,
2025-01-04,,,,,,
2025-01-05,,,,,,
2025-01-06,,,,,,
2025-01-07,,,,,,
2025-01-08,3666.188435805968,3666.188435805968,3666.188435805968,3666.188435805968,3666.188435805968,3666.188435805968
2025-01-09,3362.3365941619195,3200.7108805721746,3362.3365941619195,3362.3365941619195,3362.3365941619195,3362.3365941619195
2025-01-10,3404.202334516609,3201.284709696459,3272.0777422621977,3404.202334516609,3404.202334516609,3404.202334516609
2025-01-11,2947.614625243957,2970.781054083699,2970.781054083699,2970.781054083699,2947.614625243957,2947.614625243957
2025-01-12,2989.68411928163,2896.287027266604,3001.764131876587,2990.74063413963,2989.68411928163,2989.68411928163
2025-01-13,3307.472755203417,3042.1726168696455,3309.0296550144167,3307.472755203417,3307.472755203417,3307.472755203417
2025-01-14,3016.4662521514774,2700.7674108914125,2845.180590655589,3016.4662521514774,3016.4662521514774,3016.4662521514774
2025-01-15,2758.2562347291464,2226.657181385499,2438.554499024858,2439.691907659614,2758.2562347291464,2758.2562347291464
2025-01-16,2628.671007843566,2353.9133153427933,2640.7957888637548,2640.7957888637548,2628.671007843566,2628.671007843566
2025-01-17,2760.2801908852375,1480.677176461329,2558.8908977675783,2763.1538127339377,2760.2801908852375,2760.2801908852375
2025-01-18,2661.73416004354,1465.8444223562108,2374.788375051445,2661.79403615074,2661.73416004354,2661.73416004354
2025-01-19,2462.697372317165,1294.151776015292,2172.5506282892284,2182.6803190531755,2462.697372317165,2462.697372317165
2025-01-20,2475.8734680141715,1194.723155618337,1304.5597756441803,2177.5562082368024,2475.8734680141715,2475.8734680141715
2025-01-21,2923.7906994392574,1814.5657004053305,1981.7475128322628,2925.7080243021687,2923.7906994392574,2923.7906994392574
2025-01-22,2017.7368387547233,1164.195782976278,1190.937362797087,1185.3353319521684,2017.7368387547233,2017.7368387547233
2025-01-23,2003.1403309541674,1138.5474947446905,1146.906868469465,1228.075499820671,2003.1403309541674,2003.1403309541674
2025-01-24,2520.430548192321,1286.2586797974095,1451.185734168028,1605.849699989567,2520.430548192321,2520.430548192321
2025-01-25,2724.88086957018,1365.5134980713724,1515.4881479009869,1788.3736522375848,2724.88086957018,2724.88086957018
2025-01-26,1244.157322023766,1034.451534605407,1087.851640594838,1188.5627711359598,1244.157322023766,1244.157322023766
2025-01-27,1682.2415146014503,1284.9823963193185,1356.3069010474524,1467.5649178678614,1682.2415146014503,1682.2415146014503
2025-01-28,1135.6263094648334,1060.723351344018,1007.7340013424382,1037.847950218737,1135.6263094648334,1135.6263094648334
2025-01-29,2133.3113754806477,1636.0149508049667,1726.88023225064,1889.7234873952123,2133.3113754806477,2133.3113754806477
2025-01-30,1466.9863973872211,1145.2452439535052,1150.395038995653,1191.9149217783654,1275.7730906576003,1466.9863973872211
2025-01-31,1394.6283982648006,1271.2183530056118,1254.2449855879922,1286.1395483533138,1325.6477589596316,1394.6283982648006
2025-02-01,1636.5081617382446,1301.835918988741,1380.0617567155527,1475.9754428438487,1461.091651738026,1636.5081617382446
2025-02-02,1773.2230992970763,1344.6247325239551,1461.160381656629,1582.7471536235691,1601.240376972608,1773.2230992970763
2025-02-03,1281.4232543496719,918.4911071544444,979.441203561397,1052.602981407058,1015.0180197589104,1281.4232543496719
2025-02-04,1211.9355490122043,1380.0479090391132,1280.2620638879696,1203.1384654171775,1265.9139486060071,1211.9355490122043
2025-02-05,1081.2715916123998,1068.7190003709286,1033.1232216643423,1045.9920201362297,1078.0401468377236,1081.2715916123998
2025-02-06,950.086310559889,1039.245194711936,955.3249644160492,947.0019559703187,1064.0638487499668,950.086310559889
2025-02-07,1482.3625405216533,1423.6523698945,1403.3561761218962,1419.8922971627726,1409.4293222288557,1482.3625405216533
2025-02-08,1235.979626588673,1167.200617640296,1169.7684849406774,1146.5587551751944,1256.4515830767825,1235.979626588673
2025-02-09,1064.6433021743007,1130.4236382771728,1091.2304785720885,1083.3965231844259,1135.5951120320374,1064.6433021743007
2025-02-10,1526.991770535034,1404.168419301172,1393.0973268126118,1451.7969902990274,1320.7103816947638,1526.991770535034
2025-02-11,1189.8076833727253,1046.5154719990985,1043.9190797252936,1105.0667636274125,980.4827476791903,1189.8076833727253
2025-02-12,1245.1318491878253,1143.25203816104,1153.0883498820995,1154.9921814424597,1105.4179435368887,1245.1318491878253
2025-02-13,1709.022671833033,1504.0446725191848,1522.1316097329652,1579.4665100211066,1497.0542667184886,1629.041317643002
2025-02-14,1212.1689614420638,1304.0268708616777,1253.8867343846027,1234.4920949422722,1268.582044286344,1225.8222703584197
2025-02-15,993.5530036736106,1068.312659605108,1027.7639886083264,1002.0826153390499,1065.376481722905,998.9692691962645
2025-02-16,1133.9690855011654,1282.0077677246006,1198.9539941349162,1160.8250574214364,1273.3327630046601,1161.4454195966916
2025-02-17,1180.1277187167743,1087.4671411709548,1055.0752418286675,1086.6258000114763,987.418729991934,1036.6891816338318
2025-02-18,1056.5483228968058,1099.9562552985738,1037.7043308867542,1030.8913729155333,1021.2791485622336,1006.9292682075842
2025-02-19,1189.2180240693801,1272.2004935648683,1245.3349590253854,1207.1827942951732,1262.8425740325088,1246.2814388723284
2025-02-20,1232.980830691424,1234.683960518604,1223.130716012444,1209.135787777303,1207.0093078576265,1219.8036858875998
2025-02-21,1084.8136732241142,1121.61997880111,1083.0781885891388,1060.1387693803536,1067.8044105689842,1037.7768569293344
2025-02-22,1081.2022622025206,1368.3794608826988,1292.5602840067643,1211.4817058962858,1384.4774819023417,1440.3378062135412
2025-02-23,1169.8065762190492,1214.0015985737518,1228.8576742298126,1191.3197632000447,1231.6502226504126,1273.4673962289569
2025-02-24,1296.9285748097213,1299.6088335651875,1250.5536262162889,1240.6256343427754,1235.8075763256545,1170.8350920607174
2025-02-25,1591.0470489743243,1633.522903926731,1574.3319092217557,1554.0636231461742,1558.3332756212428,1500.9304533457737
2025-02-26,1195.143346350318,1268.0192793701665,1242.0858231061443,1220.0228791172563,1253.4562451516254,1262.571597802136
2025-02-27,1232.3054017593718,1204.0390826533928,1192.0737073022324,1203.3116366637091,1167.9708214300224,1213.2098851743722
2025-02-28,1144.9274824417257,1317.7042038998823,1210.75644536101,1172.298670015537,1240.3720783936303,1153.2840432162423
2025-03-01,2054.7819809371003,2029.8343879067843,2017.3966191990455,2040.3857864456345,1980.721168092682,2099.503731810066
2025-03-02,3132.4296114533413,3128.275583978545,3172.2257741748253,3129.724164077571,3144.4389605822985,3308.0744158993148
2025-03-03,2556.11711287481,2127.116918748975,2344.7318381153664,2459.142264488081,2342.21737077383,2616.612999679615
2025-03-04,1077.8442963240857,1002.0930319509208,993.6625024558322,1016.5389953682867,997.301677009328,1047.7866525063291
2025-03-05,1129.1605962295707,1401.5577532970178,1271.782244834873,1179.822424257044,1258.4390401529774,1147.4190975511156
2025-03-06,1115.1396537118453,1328.1343051959961,1214.6298876193714,1154.5115989031408,1216.7426399831816,1162.7566529250819
2025-03-07,997.2720068049063,1133.931947464861,1063.6505932124137,1016.7255808329749,1067.3541147706528,1023.89488526207
2025-03-08,1287.3035978070398,1436.6236347369081,1382.2176426799924,1345.996747008352,1410.4111519301064,1337.4073746251802
2025-03-09,1253.2834435734123,1393.8260033626498,1349.2502791755107,1321.2163004520175,1401.9747486739716,1323.9392089559674
2025-03-10,1667.4813986838953,1579.3425212950415,1565.069947341959,1594.3777796425084,1565.8705696557452,1623.3572743756044
2025-03-11,1244.8538826437189,1294.3884879933635,1258.6813733493723,1240.479144117683,1232.505977273407,1232.7852928951552
2025-03-12,1268.5594403762666,1398.972710388623,1354.7338637769167,1315.601526692584,1394.2313275989923,1309.4847065166532
2025-03-13,2251.197545478855,2143.5369447971225,2166.0055880833884,2200.3792060836417,2031.6451601234503,2192.450490774822
2025-03-14,1432.7807566968643,1563.2841251930215,1497.8698229602119,1449.742991513017,1502.9035773378832,1440.6976880247194
2025-03-15,1801.828611506066,1595.6804575121432,1666.5396585432013,1719.0631281150888,1591.9943490024384,1718.4015113440992
2025-03-16,1326.8395699703483,1481.8903675917813,1380.1833899592827,1356.2626774964433,1395.6447644234347,1343.1058113027298
2025-03-17,1680.3225029391208,1907.3957785483117,1802.014082206339,1762.1366380509407,1846.2295189983138,1751.7199926021763
2025-03-18,1681.7587066103683,1784.1285976361253,1693.0922583447104,1680.7400742837078,1651.3806287249663,1680.3655073087436
2025-03-19,1396.2199794900507,1425.994291441188,1437.8169716705577,1426.9673463242102,1449.555589997421,1414.525426282039
2025-03-20,1108.0499801406504,1141.1252374900848,1111.6563704566777,1117.5920548054946,1148.602345689288,1103.6470368610317
2025-03-21,1360.6172840904642,1423.4136957284245,1417.2346537282515,1402.7740209979536,1498.2018983886164,1419.3420234850212
2025-03-22,1275.0886492457403,1217.6068982425459,1160.9155582756248,1207.3767890874938,1104.3342553633368,1199.4622243167616
2025-03-23,1534.7022380281614,1597.5186487525043,1525.48925592955,1535.4161032541444,1465.8557097861985,1504.442580382107
2025-03-24,1273.7251413505483,1342.3440115013318,1296.3260278574162,1276.3608013260723,1337.740914618052,1308.5540223041126
2025-03-25,1458.171521633702,1612.9183869975643,1469.6913646017638,1463.1641799264091,1440.254991436911,1404.4144880616877
2025-03-26,1369.8869429287636,1503.8092202814792,1419.811948246754,1413.3863884938314,1489.8422339766926,1431.149760400479
2025-03-27,1206.674519797393,1235.2298173773509,1203.345170794491,1201.2256628513392,1174.1550125373537,1192.5838179323985
2025-03-28,1404.727707135256,1420.5897862333927,1412.1145413749873,1412.1913362788214,1456.1299592236664,1425.1636177118403
2025-03-29,1572.7230543023902,1570.0288969502824,1584.6570321658278,1586.8104969640913,1665.2932976141424,1610.2998678287342
2025-03-30,1306.9900101020412,1475.7462514996475,1395.0596527139928,1359.424655600381,1444.7114945734618,1389.2179699617054
2025-03-31,2163.3240701941813,2349.5915102278805,2243.5465632064916,2182.4066351932483,2276.314729777292,2153.178576125124
2025-04-01,2258.6043222310864,2115.5906329658865,2204.4632495392757,2213.0763575632227,2295.7287865388184,2181.8182441089557
2025-04-02,2890.657893972317,2781.701602749146,2784.996359324424,2787.557560318607,2885.9598775881486,2754.2860059829354
2025-04-03,1331.6458295030684,1438.444832644272,1380.0353341780444,1355.0075987566154,1378.6569972853795,1332.263949256927
2025-04-04,1553.9695656607132,1721.21301468858,1650.9153540192751,1593.8118142931257,1585.9224359846125,1614.290340795937
2025-04-05,1627.7521611944949,1540.8386740135522,1580.8577241634434,1598.4430577158269,1676.211099171154,1565.7758523580235
2025-04-06,1198.0748101135368,1358.0033384610983,1278.0871348829344,1242.534194529494,1281.6917452018772,1244.785479626537
2025-04-07,1459.8683313210586,1538.32791493497,1505.787573364431,1449.9652290166373,1541.4033533351767,1474.2676046560614
2025-04-08,1417.881454519972,1492.6788925939964,1442.1613454805492,1427.536892447817,1472.824482957047,1445.932995076108
2025-04-09,1936.2917603500307,1849.231630368843,1844.5119991655351,1862.5861988223835,1883.172871485246,1816.0367111248222
2025-04-10,1419.6625817504855,1671.551284844882,1504.412318256567,1455.099030934653,1464.630008724686,1425.6025407375728
2025-04-11,1573.956482735674,1767.454169318215,1675.4046116492405,1636.0454969546583,1667.8178850549978,1664.3156498699586
2025-04-12,1400.629321301196,1487.0148204070133,1413.8098355263796,1409.2512647677713,1476.5200218821237,1386.2204818435507
2025-04-13,1046.1919211858917,1081.5137054389875,1071.728044566155,1060.289952011109,1089.4717499180133,1056.226704192066
2025-04-14,1266.1935461057747,1316.5565541760566,1302.3553455068918,1283.292877123204,1319.3038066943723,1268.7708164023156
2025-04-15,1719.3491360974347,1718.2699949202943,1730.6212540667539,1714.08149534331,1721.6044399439734,1745.174247334264
2025-04-16,1064.213868693302,1162.8690389177914,1076.9764283979398,1047.8212870558996,1116.3171493229327,1136.9050617971325
2025-04-17,1058.164061868071,1093.787011608309,1066.5249016293533,1049.9567610787974,1036.4215823259026,1070.8806031319998
2025-04-18,1229.724296661685,1345.1891603368308,1291.6073813606158,1275.823155786119,1310.4606683804031,1266.9654203890846
2025-04-19,1522.4808100955768,1651.8729810587722,1613.4046658376697,1557.8296836575091,1624.4644760150504,1542.121175201593
2025-04-20,1405.8446913612368,1352.4780019643968,1371.0383654388177,1397.632158416973,1425.637267885713,1420.0544312264537
2025-04-21,1536.0519841444316,1600.1587282157507,1586.590464472383,1563.5326970676567,1607.5962302828507,1575.3232692601846
2025-04-22,1228.247018679489,1288.3191112643717,1213.6115677282583,1213.7143985324858,1176.7501437016795,1213.5323176604327
2025-04-23,1110.0525526186032,1187.9671603792663,1148.7135038861754,1111.7338729106666,1126.0578729471583,1128.201690240861
2025-04-24,1701.0813140831156,1728.2833403585041,1716.0768910939596,1705.9542955026386,1749.4102366424947,1716.4231814944792
2025-04-25,1335.0928136891444,1342.0150952083245,1346.390690597837,1347.3158149555447,1389.9863528176156,1335.4437462902206
2025-04-26,1720.4737322235947,1712.707015277051,1706.0060952544789,1708.4849501440358,1648.8815566711282,1725.9751921856125
2025-04-27,1653.5778872980313,1565.0609971527601,1600.7696732936456,1617.8516243985878,1638.0957009804868,1610.1365667108869
2025-04-28,3867.6283436047024,4140.1993866735165,3957.757559617005,3893.6660053072446,3602.761742711915,3900.7037514219323
2025-04-29,1686.6416493513645,1652.939452931541,1679.4939420095425,1669.3602555056195,1742.8303916467412,1694.1259556602022
2025-04-30,1861.5890066543054,1996.7711674988614,1914.255202388184,1866.2069672823352,1889.5932175806008,1885.471726939155
2025-05-01,2902.7393578494803,2959.3931514724113,2878.123685013976,2899.7677825049614,2856.3573679314263,2888.8845396359093
2025-05-02,4612.934887145462,4020.026053198517,4285.113083101707,4396.046018445248,4432.375284521506,4384.126051805988
2025-05-03,1716.5579898684928,1618.2914298953674,1613.8153316518317,1666.1671267622446,1649.6042037882419,1693.517878676778
2025-05-04,1852.5571071404183,1966.3731478138398,1911.1680390772485,1884.9482888445425,1886.631651325799,1883.9833224004424
2025-05-05,2069.895400476832,2037.20567796005,2004.2371502576125,2016.4102080179923,2041.1535510612478,2088.7148531762023
2025-05-06,2118.1616630308663,2067.075583212989,2081.5042423798523,2092.1206662524405,2171.142103260354,2169.2017634079384
2025-05-07,1430.0446943420598,1476.5357742014917,1413.9683760219086,1383.4313987976902,1374.2260951719848,1415.5775878927745
2025-05-08,1651.9595628668494,1874.5117547338173,1772.0219968552865,1702.638338905411,1757.6063678794533,1637.1542252719796
2025-05-09,1359.3664569252892,1492.6451855351397,1423.8591427397928,1398.5163648215253,1441.7176783126442,1427.680492288006
2025-05-10,1781.081690099106,1679.4170364629376,1705.9012539239818,1737.9487177048968,1775.7547483977637,1760.5083689198534
2025-05-11,1512.1909770512505,1625.5375069856125,1530.9115741628195,1530.3728909755591,1524.71967394481,1457.0748320421044
2025-05-12,2394.2315147407116,2550.7563480096005,2470.202202520048,2436.8955191526015,2436.632182785761,2377.1964048541768
2025-05-13,1407.2903250894735,1579.104903997473,1509.7849396536933,1468.0968959086013,1499.874350147016,1466.9972366216061
2025-05-14,1539.8132321866594,1692.0923292294265,1665.307330012563,1610.0848274959808,1667.2211439415746,1585.8195917763962
2025-05-15,1724.950686069867,1789.3868924098706,1781.8930104429407,1742.0402658798473,1730.6408557393065,1689.8914190473183
2025-05-16,2091.8434793126426,2172.919110691835,2165.431330428498,2149.0660529329525,2218.896721891995,2101.1155186093933
2025-05-17,1829.6454310565805,1992.865007180987,1914.6028370500474,1871.3664517009854,1954.34506798549,1847.2246283555123
2025-05-18,1709.511076402522,1876.8350527289972,1753.9760028450482,1711.8081923908292,1749.9327259011766,1729.3432643747556
2025-05-19,1990.9103836057511,1989.7386177387314,2011.2092883894834,1996.0296896509958,2044.0639519097774,1989.1557602722278
2025-05-20,1439.124936453686,1541.9025944001658,1483.8056942288363,1440.702178702555,1452.81579231836,1469.5149739188441
2025-05-21,1895.385058990868,2152.0124863158517,1979.1202055775448,1899.1849944997211,1873.7366379443229,1843.7150751497331
2025-05-22,1430.6033382766536,1451.3804095146984,1445.8733433341222,1444.4899253501894,1532.8170162493982,1406.583996965625
2025-05-23,1317.1979182040598,1337.8166409766216,1341.3313978692004,1329.5745463063924,1387.7277666287107,1338.1442312275017
2025-05-24,1908.387067247013,1981.1710690965315,1966.7276906389643,1924.5106742257367,1922.180058973599,1901.0097562108708
2025-05-25,1703.2433111837574,1666.577471349513,1717.3033112929575,1712.1709018158408,1843.634209842135,1686.041710288592
2025-05-26,1952.1562897518322,2280.065175802834,2079.376241172716,1989.6014396958108,1924.1628843330043,2040.9082982418265
2025-05-27,1429.061050485436,1406.9711222550347,1432.1809012050746,1441.9521376937869,1527.219584370352,1439.9959309411702
2025-05-28,1779.6474924518484,1930.9960172819383,1880.1278275245206,1835.0502373145405,1741.4193218118075,1812.3024046255464
2025-05-29,1716.1394896066356,1736.7487107540176,1681.5553763790697,1667.6693582034013,1571.8645202344874,1652.5194647977005
2025-05-30,1701.0281599440505,1867.2846482026712,1762.461425722659,1728.4886034318927,1814.0751460626893,1723.8092521994945
2025-05-31,1611.0643687227343,1923.322675213219,1742.8323144610877,1675.8909719935673,1784.8953468844184,1705.2159045542735
2025-06-01,8076.742859093322,7954.174894850958,7959.832829244928,8000.130717100576,8028.795952960687,7835.014530598471
2025-06-02,6137.068253228891,5251.82266931161,5664.965755406213,5831.515503083647,5917.64784807192,5780.664048489578
2025-06-03,2754.7854279172834,1898.4432171058227,2261.12157960951,2526.8475815000047,2635.645434262926,2513.4304988401495
2025-06-04,2398.310342348174,1885.292465263169,2023.6409964058346,2217.5694912092404,2214.94817318091,2235.0153570981174
2025-06-05,1564.3634993116207,1578.9314454141377,1428.743503823906,1396.5576123276596,1372.3309427338502,1389.5635010460069
2025-06-06,2651.695520374431,1743.6038833666935,2153.665246513149,2404.603859263875,2338.1804768618636,2358.3260617250817
2025-06-07,2034.2538185600042,1926.0501200515557,1952.1449642106409,1934.2179963899296,1988.9666666429907,1844.9023370472455
2025-06-08,2989.8586903092946,3682.3534983128175,3426.9949864707332,3210.8595504470213,3219.762437812897,3236.0411374438922
2025-06-09,1767.229529860653,2333.333371466009,2094.633073262329,1922.2132027633156,1946.3048915257707,1971.793313709132
2025-06-10,1763.5856954436167,2318.934893804995,2080.6186363523893,1908.1674488340127,1984.6504085093889,1908.7619215442758
2025-06-11,1789.0763458642596,1901.1329349616722,1815.283726710335,1827.5294467861222,1925.8940748333966,1834.6475679083603
2025-06-12,1678.4362055706054,1953.0452459808707,1854.4632614628717,1781.2317786046951,1839.456208086983,1786.4927961573026
2025-06-13,1783.726248237598,1857.0355796155206,1826.8725124845466,1805.4582955446142,1871.5558893010589,1784.111615629907
2025-06-14,1924.400216429256,2098.930213798325,2072.0756384713386,2022.7639598962023,2142.1853686412223,1953.3813676962513
2025-06-15,2029.1561869356397,2149.95226926467,2163.7343807129846,2124.2833282879246,2246.605678086393,2064.0195175219924
2025-06-16,1815.5234185989661,1871.6625546781952,1914.3861074136864,1890.4082031270746,2005.2875323338785,1865.2687640069921
2025-06-17,2030.3850987817254,2100.0023399956826,2102.0484795302395,2089.1761143640992,2154.58749621292,2071.069940238229
2025-06-18,2144.5922691627065,2051.0146760944,2168.938736402299,2198.339990398744,2332.4366597082817,2126.5224791140054
2025-06-19,2404.6766220813397,2258.0378636453906,2397.666000798132,2432.4030436416956,2568.0431744875345,2389.4375871595416
2025-06-20,2296.402726504904,2060.0876490120418,2231.9002487262883,2291.2312092772554,2432.0814616285998,2230.865575546521
2025-06-21,2652.7513654978447,2354.192428295717,2527.367866511573,2606.4966037461136,2792.1433803170776,2577.0296437069183
2025-06-22,2341.1746978081637,2001.295358824078,2175.713717913154,2280.04466401331,2478.9231361529773,2221.165019599318
2025-06-23,1999.7255030174128,1610.5603440572697,1804.95810231577,1928.4646455234101,2158.546899075859,1881.4019496352923
2025-06-24,2475.994084626599,3419.5918072708055,2771.2011906705015,2574.0625340961506,2494.9895926100558,2622.0356463678427
2025-06-25,1817.3948583226816,1834.3278536834944,1852.3952737253899,1819.6370272269246,1985.8821095893045,1866.6282991613634
2025-06-26,1821.146630127018,1684.1234698413068,1758.9890246867012,1806.14094546821,1990.0259946623428,1810.0746337223331
2025-06-27,2059.375752529335,1766.870186529748,1923.764134242616,2006.0970589704966,2196.090262825023,2059.05360157678
2025-06-28,1695.1312178358103,1677.6054888634917,1661.2675478171836,1685.7361744362897,1848.4641817659208,1707.353600811925
2025-06-29,1864.5743412965512,1893.602303029528,1853.8038834204535,1880.5859986146336,2028.2924048569123,1879.1676297767472
2025-06-30,1917.0743258622338,1723.2438553913425,1806.497332859604,1877.234528396391,1932.565410364637,1896.5630838506531
2025-07-01,4000.4899981158146,4292.75250844937,4059.099822752436,4008.255589820952,3986.8186659266485,3926.4500835837935
2025-07-02,4183.0927233723505,3827.758019362934,4028.648001435877,4106.859686213333,4180.909327584284,4093.986519439817
2025-07-03,2897.255366860224,2730.595120573965,2827.3659826734033,2830.1089980233173,3240.8940291305544,2725.1401412125133
2025-07-04,2291.7359269153326,1855.5186142167902,1940.261811405022,2139.5799998059424,2407.4978580013444,2193.0628673993215
2025-07-05,2138.6144503413466,1948.2487554635577,1958.550992976086,2012.0902218228512,2022.6868809666578,2106.6905885436668
2025-07-06,1880.5305742257447,2463.032782396085,2207.069916253892,2004.8265589745386,2531.20787584985,1861.6016403902538
2025-07-07,1909.1724099321589,1966.1660733368421,1893.8869495210108,1904.262582633957,1651.217847716246,1999.5994033122133
2025-07-08,1665.3358640667122,1790.1035209357822,1741.2270381807364,1699.792321503145,1669.251595420243,1754.6050550527548
2025-07-09,1858.6444845850078,2021.0466728104757,1934.882809752455,1883.2177800717432,1871.8952084717052,1941.8713506947045
2025-07-10,1823.3178150822068,1866.3094939858806,1789.2467781833311,1790.5885121227857,1659.151636726027,1884.4296077196734
2025-07-11,2688.2679253220995,3245.234964723782,3055.48135154569,2895.983431331624,3186.5955219200155,2754.5570519830167
2025-07-12,1460.2434163332841,1624.560073163078,1544.8105022961215,1475.5643917823668,1763.6099982569651,1495.8428218655388
2025-07-13,1949.368677131276,1935.1344427322124,1903.6216585559991,1926.846372136773,1762.6580350108466,2018.3411893441926
2025-07-14,1435.3367776361179,1546.0795254308857,1488.8098930485226,1432.1680127667519,1528.5887911617306,1446.0501554291754
2025-07-15,2625.175739881268,2707.963856568277,2689.4281639630567,2675.9744382753174,2781.424045487639,2664.2589458955927
2025-07-16,2066.642545041804,2007.8973126497488,2032.9133875458065,2056.468589563507,2022.114442536451,2011.1906937532826
2025-07-17,1951.5425307360665,2173.1044632868097,2097.8027204963428,2035.1662527295166,2101.2247902548143,2001.8105720098215
2025-07-18,2462.1245486327207,2854.7456078814757,2773.19866509907,2596.392053796119,2966.2921592226367,2844.8527742936726
2025-07-19,1437.300267035041,1426.176755669403,1452.0208836613579,1435.2289251993893,1466.0978851380778,1370.733135251368
2025-07-20,1473.4665732469768,1536.3277180338573,1498.7676111546866,1476.033304649861,1521.4450891990741,1468.7786594414692
2025-07-21,1523.570058493321,1704.3883534032516,1616.9900920155994,1570.794335185119,1654.9847781856529,1726.4706538322425
2025-07-22,2012.0848215132805,2111.634970386542,2006.621868009217,2009.3864655375212,2149.043694319348,2015.5631760262477
2025-07-23,1663.0441965833777,1710.9754196121116,1661.1287278608243,1662.513796310518,1657.9854705675773,1668.658314658505
2025-07-24,2194.636366868691,2125.1934727772036,2173.608758112297,2197.9392685354715,2265.9938696639274,2338.986171617192
2025-07-25,1687.129289309842,1750.6286813414101,1698.0032589390112,1692.7899023612351,1752.578446220189,1626.2202202651326
2025-07-26,1544.2874339704076,1649.6470270420361,1573.7257563828337,1544.6967420707856,1633.1683359612598,1661.3081082261178
2025-07-27,1971.4425348249133,1967.9231574543494,1996.9114528434939,1974.572937291577,2067.511990753026,2076.3020097737003
2025-07-28,2274.6926886565752,2346.6467025104257,2320.9810419462965,2309.135334316205,2377.7675382038233,2513.5936244173
2025-07-29,2026.7223723249713,1893.1836274887273,1968.2136428143028,1979.5389194368404,2111.605543539128,2124.124678048149
2025-07-30,1829.2297105345892,1753.0902133703187,1730.1537199619459,1798.3675153437252,1935.0522597508989,1847.3821871165965
2025-07-31,1493.6807930161654,1523.7770012112692,1453.128887502025,1482.7624303095279,1522.6018001142834,1540.4681143075888
2025-08-01,2458.219184650343,2654.467236751957,2613.9475193335543,2545.428080991923,2682.3925401302304,2529.177405071076
2025-08-02,2157.9835695399743,2317.1340753288873,2311.704779679071,2279.0470470370337,2366.443017482955,2242.6896056042115
2025-08-03,2925.6618868234277,3259.2438684897133,3160.0662365248704,3054.663891466974,3294.93789116689,2994.4922337225826
2025-08-04,1827.4260992883171,1991.5135413241305,1978.1619355417579,1922.1398427620993,2065.6516846644536,1960.173712530032
2025-08-05,1679.9968954023068,1715.6030932029853,1762.977043544412,1735.322987425254,1876.2849622321246,1780.8692984345212
2025-08-06,2400.528646133762,2533.630620785447,2438.04916035316,2392.8730991307657,2493.3868416691416,2318.99606564441
2025-08-07,1636.2686630356834,1762.94529477587,1731.9568357275152,1686.8895771658817,1832.962117606296,1698.696159799571
2025-08-08,1625.2272711130718,1734.3390485585146,1686.5876727238078,1671.9638195780312,1723.7287929427548,1673.4038812116496
2025-08-09,1745.7885110001353,1997.2570365056545,1816.1422127911983,1769.4577139268536,1827.5893289453234,1768.7778318504797
2025-08-10,2070.754834705832,1990.508377291395,1978.7694735387404,2019.9007898190885,1865.7059596497497,1975.2308887364316
2025-08-11,1973.0878814345306,2050.1881013074517,1942.3319522499437,1927.9149759220008,1930.870383062316,1908.2641154845705
2025-08-12,2343.6930190483104,2526.3675603845754,2347.749618078465,2274.3418417768307,2288.6727749241395,2180.240908887506
2025-08-13,2089.781549273099,2173.1760437615876,2112.068665929585,2093.2762329712195,2124.443871471424,2055.5826865092595
2025-08-14,1618.397437556116,1842.2849252569717,1698.1287768708626,1656.8818322941713,1594.0652665227021,1629.1002038103416
2025-08-15,1642.7636637026349,1855.6400295481103,1768.9731701726869,1713.67126716768,1826.8881413137956,1745.0076326359272
2025-08-16,1739.0564628250315,1873.7998700030219,1811.6315931785562,1796.699081844023,1802.392110772123,1790.5137622138734
2025-08-17,1544.1666415827467,1619.442148995123,1610.1359731645744,1597.0286003745227,1657.2021586154528,1648.536630185949
2025-08-18,1772.370044106369,1653.690561188114,1699.5704926529793,1745.9288351828684,1661.9445538012599,1773.1952955343882
2025-08-19,1605.8968052986547,1692.1380011550089,1687.2202723647158,1645.3291080874371,1718.0029749026871,1718.0919466527846
2025-08-20,3437.398135885325,3214.071806666882,3202.9175628316534,3309.9244507268168,3186.0934609819274,3082.8654863068514
2025-08-21,1800.1786441082954,1810.5178120975584,1769.279746208882,1784.6267246032462,1808.633748882818,1783.3548758902866
2025-08-22,2161.673278485072,2212.7866638478226,2166.374172142074,2157.534391817983,2222.196494159354,2245.5538417593534
2025-08-23,1890.3884314324773,1975.6811642774883,1907.876742108604,1878.597066232284,1888.8919081879922,1797.4547953619608
2025-08-24,1576.8444918762393,1752.3551028218667,1638.8390159884168,1604.871331664926,1660.1623609893093,1653.3847421798569
2025-08-25,2070.939748549441,1918.2173506899976,1951.9428666002123,2029.7143290905917,2066.167870074804,2053.1567314361428
2025-08-26,1574.7282150898748,1689.1530554963101,1627.4022588629973,1611.100674304668,1628.5386272829899,1592.2159741495375
2025-08-27,1405.7247736904578,1539.9547003630096,1453.7659051876135,1406.5893849607623,1424.5320723065984,1331.9334672045813
2025-08-28,2880.627701307987,2882.94450922598,2865.167529990628,2880.2614601342802,2992.300598737238,2852.7946748040977
2025-08-29,1618.7574832861205,1732.2562062926277,1608.5534422874973,1586.0282161514842,1721.8853779842443,1549.3609088593269
2025-08-30,2229.774668829986,2371.130990762634,2278.0074168700776,2263.8788404357,2196.4234272887834,2263.108335892727
2025-08-31,1442.9013088405572,1565.32817737734,1548.5666259148593,1491.3657157465168,1576.020048890669,1480.440728595915
2025-09-01,3491.5819502588847,3637.9199254726755,3608.827452763271,3563.2609451516814,3657.959047522901,3548.8394859819446
2025-09-02,2628.586872276562,2714.6704082519977,2716.5633775447977,2694.9017461127523,2792.6609239692793,2660.8060474601284
2025-09-03,2166.842100841729,2137.2836346866625,2202.486943836935,2202.680347214714,2312.7799109632806,2178.012480498131
2025-09-04,2097.7767670686335,2018.1085154016878,2076.364051067364,2102.5633217886016,2202.875634660272,2103.73353551142
2025-09-05,1976.5550306362586,1850.8627591670875,1941.3472939708258,1968.8489745792594,2075.2745960737866,1971.2484240185963
2025-09-06,2229.1569398346783,2363.1454112853635,2313.4054899843254,2269.3052862975896,2276.0006885285266,2203.6748164181736
2025-09-07,1621.6249611708167,1703.7981521089096,1689.190630788413,1664.9333435407143,1807.7152978371832,1701.5571798832682
2025-09-08,3160.036067465312,3741.4135502432346,3293.0836794501147,3175.2771434588667,3032.3011511652003,3158.987284956266
2025-09-09,2198.424471747397,2191.2194657772498,2131.8854342919044,2139.5898276115504,2078.690831550981,2104.826178440183
2025-09-10,2844.5737393610734,2884.7236596591792,2850.1024275413774,2862.0312864021953,2745.507749383237,2937.6905366631195
2025-09-11,1728.1024299012154,2013.5616024036508,1835.2670796265102,1771.3256734305614,1811.7797229935268,1723.749370489911
2025-09-12,1246.7570241615576,1422.9987213747515,1318.3733195510279,1286.309467031561,1339.04825324239,1234.3911994601958
2025-09-13,1812.3561671456973,1961.0431275103326,1864.8913596455284,1857.7875820184468,1896.2114106976906,1825.6265263898529
2025-09-14,1503.3732043982855,1605.384815045863,1534.7541979088287,1531.4578138522045,1507.4084858275673,1556.5088915985775
2025-09-15,1960.7499324205537,1963.092891461527,1992.0212238165427,1975.384603755984,2083.902312713418,1984.6223072987411
2025-09-16,1848.92738071919,1831.5389984338542,1850.9825587224286,1827.281779760562,1821.8673388810648,1790.1294415973864
2025-09-17,1393.0861597715163,1446.003506708375,1402.6258577049396,1389.2584904548612,1356.3366566591776,1425.983380938345
2025-09-18,1287.09158912459,1155.6402773580407,1145.6353578606645,1207.6495315105158,1194.7395345993973,1256.507089924723
2025-09-19,1175.3217674826205,1237.4783184341563,1201.5206365050258,1203.0220098720065,1163.8462248898932,1200.7594170069956
2025-09-20,1442.2156822344268,1650.9395847688452,1527.127086686465,1475.493596006712,1559.4900890412282,1478.245841396183
2025-09-21,1715.8701134094683,1778.5404714113965,1761.1406772812172,1748.9550964084456,1762.8832024102767,1803.1790415603118
2025-09-22,1740.7749560751777,1724.6493592171678,1711.563856623515,1718.2054788455564,1740.4491881406848,1771.79718560331
2025-09-23,1603.6554790784528,1555.0179252480073,1523.8352683233552,1545.8056715931618,1642.1034458205486,1484.903641168146
2025-09-24,1286.4925706195131,1320.1180527642132,1303.7861452497593,1301.372081498883,1276.7087290578834,1330.5014365164643
2025-09-25,1690.0135362754468,1646.3687632164788,1671.7451734039719,1692.2616815447682,1677.44801649422,1744.5170235892251
2025-09-26,1550.82201755517,1650.5340619224974,1580.3056311520504,1561.1315338111444,1651.6988261340193,1551.418325094699
2025-09-27,1536.299094984092,1850.4775804092867,1746.4306570811818,1631.181189279747,1816.3953143119934,1572.810995981858
2025-09-28,1227.2810888112542,1322.950237497379,1285.1422427191699,1270.9831040941506,1263.7091634165438,1282.6809794945834
2025-09-29,1516.4134207605293,1447.0699921792573,1469.3306035022324,1502.01273343754,1490.1753446719,1543.4474133497365
2025-09-30,1282.3331602564006,1356.2586757027993,1300.9423067504047,1297.354411536199,1353.4059760339383,1284.2042257392725
2025-10-01,3312.0787659084617,3351.022979186676,3331.3719006827396,3338.372781407235,3356.0834529152485,3347.4425695817426
2025-10-02,2739.540844477484,2745.2383505402563,2752.96276701914,2750.2252895265547,2815.953129300427,2745.5048719188158
2025-10-03,2133.6545867824543,2044.158608424632,2101.764846457296,2124.7460707964374,2201.824199861512,2113.654379405151
2025-10-04,1302.8039462628412,1267.7086591483376,1290.2466494470805,1301.5460356085644,1415.5426107421795,1266.642447375361
2025-10-05,1737.6782276355939,1535.1778088977308,1634.8225104023868,1699.5130403105313,1771.4648850657227,1668.5412542431359
2025-10-06,1130.1202296031424,1059.7827651127463,1075.615900850541,1110.063675522341,1175.9509802140917,1072.1944500748032
2025-10-07,1059.0969283735035,1124.0879591656387,1104.9780502578376,1062.1732098350776,1128.5507554491373,1029.3919956586747
2025-10-08,1329.36580707126,1356.9983025022648,1316.2244294120592,1323.500217536323,1307.9473777050591,1284.886001044312
2025-10-09,1158.0757969244185,1126.8914036917267,1110.36995152184,1109.3944438772955,1123.9541015322245,1120.5744809137268
2025-10-10,1392.1083578080584,1327.1368667882925,1336.065380053655,1372.0206564047417,1392.2229635952713,1362.716437721265
2025-10-11,1060.8159790431114,1226.0318608601287,1120.6096316862,1086.064064802661,1075.6126935106745,1120.4665051564818
2025-10-12,1291.3582993784157,1470.8956328228182,1373.3641013716492,1326.051035925868,1360.4402813920892,1385.5010626553376
2025-10-13,1234.186553653632,1147.8420929121812,1180.9070743289583,1212.7172559345431,1224.6169224863315,1210.1926807841478
2025-10-14,1048.9253394233165,1227.0189304518865,1136.6347188442342,1103.2699072613436,1155.3117516256737,1127.62548156779
2025-10-15,1587.756579053033,1611.168328299655,1623.4874199942474,1607.9032337186104,1658.2092729586184,1654.1185085793613
2025-10-16,1770.9008786924405,1667.8652010481774,1737.0155536194163,1750.8275067382542,1836.4828491263302,1800.454669828448
2025-10-17,1106.7065574026992,1045.703556277332,977.3123966585588,1024.450682894523,979.5303868082364,1079.7676342079963
2025-10-18,1198.601557765299,1175.2238626322962,1173.4626555341713,1189.3319354444834,1170.2008552405744,1252.5153595246097
2025-10-19,1111.0662810202325,1155.5376844175532,1142.9328947203105,1138.12857018358,1186.307192091629,1120.6319580681775
2025-10-20,1600.616118838634,1842.413997855786,1712.5037361710183,1646.6599756733065,1751.5990057093063,1654.1647119240042
2025-10-21,1136.1323849049984,1251.6438501411963,1181.8393076580392,1158.1076027469405,1233.5893188390364,1151.438392704254
2025-10-22,1757.7702353800596,1822.8756667257069,1839.8196855226436,1830.5553292809136,1925.1117578236237,1785.103307144986
2025-10-23,1256.9460227540148,1424.1289608140767,1347.3820070982651,1299.157171748423,1331.4300436765293,1243.9754520676406
2025-10-24,1301.5531818036234,1449.0627487519237,1387.3005458250218,1349.4872407669677,1388.1422927419985,1312.6147392563148
2025-10-25,1085.5811784218981,1141.0202761467672,1118.2350216304333,1112.0532918613326,1110.3075998772615,1106.8071595122633
2025-10-26,1217.429175942993,1229.5727261134411,1234.986514150426,1223.9484861293877,1184.7629280510591,1230.6817252626158
2025-10-27,1502.590499475964,1557.042198886396,1512.6297702658762,1515.1901207988014,1515.206673051167,1507.1541825968598
2025-10-28,1096.9243082449611,1101.803115251826,1090.7300073936353,1094.3537207058378,1074.3092799319747,1109.0738174566532
2025-10-29,1456.723452335277,1633.9812124932264,1506.0658307524031,1488.8103160345509,1611.0704804948703,1467.3209846713396
2025-10-30,1296.461754365162,1369.5252406221205,1328.2013999016199,1311.0376133925788,1314.5156079899125,1276.0987980398359
2025-10-31,993.155005169661,1012.271557370757,998.1359456022548,995.2188130320305,983.7756809036484,997.645551226573
2025-11-01,1042.1946166698049,1015.9312139384829,1008.7874403618409,1021.2973009481377,1000.4784908369777,973.0194330229447
2025-11-02,1105.5750566447305,1080.2897558693967,1068.8196887566571,1081.4379600185125,1082.838732927598,1051.106092158992
2025-11-03,1236.7556587210856,1223.8080436120172,1203.370244815956,1206.124716928187,1207.4460248632004,1225.5808433581562
2025-11-04,1448.2941879149535,1459.2907354760075,1450.7364306667346,1445.331958695683,1493.8104295991584,1440.5786282608246
2025-11-05,1134.9385227393984,1053.8430327828833,1097.6584176228462,1119.3145486585686,1142.4883073793098,1066.9128184751046
2025-11-06,1327.9933146866742,1510.983866550841,1380.6989102930552,1339.5748399716613,1381.860942725565,1407.9569138108322
2025-11-07,1493.3607126481147,1394.3803443129484,1468.1107099848198,1490.0821042047269,1495.9147893484771,1508.8328749813113
2025-11-08,1233.153585896417,1178.1996685688005,1196.8501925806559,1220.4092082222332,1272.4939117029844,1195.4357619592477
2025-11-09,1223.2419187881821,1328.5651717353892,1238.7853183438704,1224.0000445601556,1147.7510560610933,1188.9337753789941
2025-11-10,866.8673367901345,886.168569403039,852.5659136379963,858.9900587582604,868.053299239702,856.849102427851
2025-11-11,1042.996574175922,949.2818640057485,985.3806023791121,1012.5263026105446,1064.883988696723,979.9343902475603
2025-11-12,1197.9515557454724,1189.8910054514115,1175.3050538757716,1177.2519852909006,1227.900677576954,1151.9584847190285
2025-11-13,1179.704559790095,1187.242502707968,1169.976054225422,1157.6498312412518,1232.6991417314816,1165.0397791129471
2025-11-14,928.0417460186768,826.0602865999149,878.3953676190065,917.2292441232416,939.7204740617956,915.981077646089
2025-11-15,956.9155030090271,987.1836510945509,930.4892303210646,944.8016852472338,916.5668173617792,937.2479126887197
2025-11-16,1179.0463514256521,1220.090843915451,1183.65228305345,1166.197022138996,1163.7677174646283,1161.6366017559656
2025-11-17,1222.2169943422664,1143.0733919369354,1169.487059488335,1192.0668807198103,1173.674000048735,1208.3438451443062
2025-11-18,1100.954701548639,1102.3304812952665,1082.1534933646797,1085.5303284550882,1109.8081330471168,1097.1665786409353
2025-11-19,889.4725719147599,892.1695662790738,872.933901371932,871.0725058140176,843.5928913487105,903.7610942771445
2025-11-20,1017.1686928743065,1017.6552960146907,1016.5017399698854,1017.3027932397746,1020.8475944442937,1030.2070972465397
2025-11-21,1194.8680937324084,1116.5036474892654,1131.5134204382873,1167.1978786371046,1099.869379845969,1212.7089470069038
2025-11-22,993.2327251088054,951.825619937133,969.4262930343389,959.3839494602523,953.2976369409703,1011.2497316281327
2025-11-23,1219.573249007804,1282.508588756551,1210.3492197410114,1200.8060713397545,1245.2062491837482,1205.526657531236
2025-11-24,1258.295506024221,1241.2341466004048,1229.1714316601583,1244.4791062132117,1224.4917894807038,1295.0015920017145
2025-11-25,966.7824210148306,990.0107695481307,961.5219267445443,970.3243169012503,965.8674995484042,995.8329952413021
2025-11-26,855.418329186954,848.148393380923,841.9555285781217,842.4815864655864,872.8422985361783,881.745544521852
2025-11-27,1075.8115317008492,1039.7687924135012,1046.005795157101,1074.1461560581597,1016.6790578098761,1064.9100358001438
2025-11-28,892.6344213939524,852.2281372061643,861.1449434027754,877.6059907116748,839.1008325269019,888.8745088707315
2025-11-29,1502.9804550748872,1755.5238824461303,1652.4053980769836,1561.6440326258682,1707.4763739246234,1608.5112235266406
2025-11-30,834.0613230161184,917.491940649942,869.7219344603029,850.3876031134973,908.6995341268719,901.1272307735386
2025-12-01,2799.2168051079984,3035.1500713366227,2977.5518265222936,2900.1606092373722,3078.1749917582138,2934.3032508407314
2025-12-02,2540.3383759777603,2621.628071628652,2639.8048538933112,2611.4041157523848,2831.506909233004,2740.14335097409
2025-12-03,1261.1959902265326,1094.2137700686449,1188.9116264697132,1240.3659856094678,1306.8159835494566,1346.189488940252
2025-12-04,1413.3758255069727,1285.0518465648697,1347.2207862990313,1380.6605989959107,1416.2448870784306,1484.5162425538335
2025-12-05,1077.7735107976107,1158.1038788523147,1089.2214704599314,1084.1813128311333,1065.4665397711908,1087.7216428199808
2025-12-06,1215.8794945094994,1413.8137680467876,1314.0600734492223,1268.1201198058957,1296.6782162875465,1215.603968419277
2025-12-07,1286.0465723224238,1430.5274779747415,1346.2979349490693,1297.4457408780818,1263.385788588707,1246.3928490497174
2025-12-08,1347.588705165371,1504.3789651203547,1407.5706429801494,1374.9036877235233,1329.8283621864518,1316.4961067399508
2025-12-09,1334.5205465432039,1437.3133809393485,1372.7654371436897,1346.1484190563306,1309.8432163692737,1298.3997587984709
2025-12-10,1173.1289532044862,1225.2179805753997,1189.9121557951933,1181.1960051893375,1136.6143194706726,1147.2539559247266
2025-12-11,1448.413466357486,1440.684813891793,1447.5290739162572,1458.8678693769143,1434.0215078340789,1395.195329812173
2025-12-12,1070.8733911846753,1069.9849314576977,1054.782751166213,1059.9330724010615,1069.7311460843187,1069.8766067524118
2025-12-13,902.9605704309421,991.3648477003426,944.8477913919179,917.5068730692104,909.8940199219095,890.0257387805673
2025-12-14,1068.0205272717794,1056.294346742784,1065.9679154477335,1072.4114866746145,1097.9492443624529,1050.8884569023135
2025-12-15,1147.9654898936078,1147.1645922881814,1132.8379711637165,1142.9604985792903,1196.4752451663928,1124.628328894713
2025-12-16,1057.004986688041,1006.7034351649337,1043.5500628030857,1055.769281391422,1081.6379772487803,1048.1517079775024
2025-12-17,1381.499457267813,1352.6187016083204,1387.5714225380716,1400.9995920596234,1434.1034632150827,1392.2897193570325
2025-12-18,1163.875259668588,1064.6521034724474,1155.3732666150308,1169.3776053945244,1188.716464655327,1175.9203297887775
2025-12-19,1133.2824223669243,1215.35058651688,1152.9306043830015,1146.5294947137163,1209.6251004626788,1136.707374250351
2025-12-20,977.960205915448,974.3142075698473,966.5820919374344,975.7092103460249,1025.1148789242147,990.3079371395214
2025-12-21,1182.9740273903158,1204.8758975951268,1185.2559312907258,1192.3683669327254,1243.1016291149203,1198.3898075019538
2025-12-22,1166.636307918442,1064.9777113428586,1115.0371320528152,1147.2669367601832,1185.3799292210333,1146.295456874549
2025-12-23,1298.5096270319748,1120.6367162683114,1221.1558834750845,1267.5032270492811,1324.1808199980155,1268.8253484301692
2025-12-24,1033.9760282908858,954.9380589005073,976.8494107876943,1002.9788207212766,1035.6137470995063,1005.8192061124707
2025-12-25,1097.9466125947806,1028.1986690784602,1029.5741758457666,1072.5716141593857,1119.770360754681,1094.7309723413205
2025-12-26,841.4341705136394,1015.2918211117772,893.3689697872059,855.6232659393778,848.3712747568716,860.8001943357694
2025-12-27,882.1043021219859,949.5061974642854,906.994941866929,899.6954162863226,953.8974753973773,915.3411493868839
2025-12-28,1183.7761562561477,1120.236844675781,1134.8078268786917,1167.9908100390676,1200.5021716017254,1183.198622277134
2025-12-29,1220.8305014536186,1121.4194996051237,1156.9331322478251,1197.9877343835265,1230.3138969146662,1214.9854688783723
2025-12-30,1182.338727548212,1131.7013811175752,1144.6624255754462,1167.458993138525,1158.2677059044574,1186.620873117788
2025-12-31,990.5655399277415,1126.7421172694294,1004.5367037246183,990.0295914374244,1020.3607064424942,996.399795969764
