date,planned_cost_yuan,emergency_cost_yuan,total_cost_yuan,g_kwh,c_kwh,d_kwh,emergency_kwh,dump_kwh,energy_start_kwh,energy_end_kwh,chosen_candidate,sample_count,effective_sample_count,max_history_day,selection_last_observed_day
2025-02-01,23585.21142320775,549.5189744810144,24134.73039768877,45720.79994323363,19934.360927615846,17833.565173569325,149.92032675699224,9391.748582610766,8315.124735378853,8428.291754873715,half_life7,31,18.420154003961088,2025-01-31,2025-01-31
2025-02-02,56057.9882281763,236.18339955251284,56294.17162772881,89773.97479611434,25119.288512538813,22607.359661284936,40.25796606788549,8946.025960928362,8428.291754873715,8428.291754873715,half_life7,32,18.582466290723865,2025-02-01,2025-02-01
2025-02-03,54424.01055247122,863.5431810475168,55287.55373351874,87470.77735559898,24785.157132800116,22306.641419520114,260.75735230443604,5036.102494623434,8428.291754873715,8428.291754873715,half_life7,33,18.73065788729454,2025-02-02,2025-02-02
2025-02-04,53879.555388891116,4593.121465160399,58472.676854051526,86705.91447660918,24601.96939653886,22141.772456884977,1165.2234567731641,4216.077043728463,8428.291754873715,8428.291754873715,half_life7,34,18.86585894531792,2025-02-03,2025-02-03
2025-02-05,53418.909193981424,3100.8646145727184,56519.77380855415,85962.891672211,24807.41920912884,22326.677288215957,860.543762545416,3594.266530510201,8428.291754873715,8428.291754873715,half_life7,35,18.989126448237037,2025-02-04,2025-02-04
2025-02-06,53205.88746423385,2458.9722928388333,55664.859757072685,85432.76626877929,24166.846878155666,22174.41296458421,550.9378006562007,3720.2129391973867,8428.291754873715,7981.092172973282,half_life7,36,19.101445780956862,2025-02-05,2025-02-05
2025-02-07,20572.53295787843,2424.8382450678896,22997.37120294632,40123.97208312765,18382.27123689654,16955.721699533424,545.4271739371408,7437.170053035013,7981.092172973282,7547.145894829138,half_life7,37,19.203732949090323,2025-02-06,2025-02-06
2025-02-08,20758.79650259425,1370.5491803470113,22129.34568294126,40447.32112265933,19588.109939475748,16793.370584957527,346.90623083722926,6422.325282311666,7547.145894829138,8428.291754873715,half_life7,38,19.296837280570852,2025-02-07,2025-02-07
2025-02-09,52015.65195227953,3899.4872538693007,55915.13920614884,83807.05818391356,24444.35495340655,21999.919458065895,1206.143298126311,3013.3500200325434,8428.291754873715,8428.291754873715,half_life7,39,19.381544468775004,2025-02-08,2025-02-08
2025-02-10,52703.54372105758,658.8861090607243,53362.4298301183,84915.64413308862,24726.32240261475,22253.69016235328,213.5365285952746,8329.910838089096,8428.291754873715,8428.291754873715,half_life7,40,19.458579840093314,2025-02-09,2025-02-09
2025-02-11,51853.452403465526,701.3286914022543,52554.78109486778,83811.01415104532,24554.344076926376,22098.909669233744,173.78758150703368,6308.770191526398,8428.291754873715,8428.291754873715,half_life7,41,19.52861175000875,2025-02-10,2025-02-10
2025-02-12,51260.14138553632,2055.719382860255,53315.860768396575,82801.13299140095,24228.518628130027,21805.666765317026,498.11066091922623,5609.65565617386,8428.291754873715,8428.291754873715,half_life7,42,19.592255030215778,2025-02-11,2025-02-11
2025-02-13,50342.19732357577,845.3043947854271,51187.50171836119,80889.70501216546,22995.89447316432,21864.589013697452,298.52886591320635,8727.449401945138,8428.291754873715,7196.812303037354,half_life7,43,19.65007442526223,2025-02-12,2025-02-12
2025-02-14,18455.46151866166,2423.817420482099,20879.27893914376,35779.59187886999,17483.931789298,16034.274013956634,703.9299836642581,5232.062270526227,7196.812303037354,6881.917538680989,half_life7,44,19.702587970800977,2025-02-13,2025-02-13
2025-02-15,19092.112411345755,1750.7721542525496,20842.884565598302,37237.656811874534,19073.791737343516,15699.393172171176,481.35790437840217,5064.525051080593,6881.917538680989,8428.291754873715,half_life7,45,19.750270277013453,2025-02-14,2025-02-14
2025-02-16,48790.77017623861,4596.212694128568,53386.98287036718,79444.73968303975,23526.874802860126,21174.187322574115,1146.6646996345553,2861.3378023882974,8428.291754873715,8428.291754873715,half_life7,46,19.793555690340124,2025-02-15,2025-02-15
2025-02-17,48948.4800421478,578.7048568979176,49527.18489904572,79679.98356432258,23270.98486965434,20943.88638268891,188.85579551536284,6357.877706205847,8428.291754873715,8428.291754873715,half_life7,47,19.832841314552898,2025-02-16,2025-02-16
2025-02-18,48353.90267003131,1914.975833484138,50268.87850351545,78949.90320367453,23076.533286302114,20768.87995767191,477.1476013038562,5028.009693014859,8428.291754873715,8428.291754873715,half_life7,48,19.868489878650053,2025-02-17,2025-02-17
2025-02-19,48329.549603075764,3737.8626561428237,52067.41225921859,78939.76890217634,23209.51849338828,20888.566644049457,998.9782105344062,4738.467880038587,8428.291754873715,8428.291754873715,half_life7,49,19.90083244425142,2025-02-18,2025-02-18
2025-02-20,47529.97424355114,1841.672820155221,49371.64706370636,76962.67425923389,21162.428753394506,20895.308681482846,453.63620525510197,6156.0566592439945,8428.291754873715,6479.145177477841,half_life7,50,19.93017094930536,2025-02-19,2025-02-19
2025-02-21,18078.486529629572,1339.0590026439704,19417.545532273543,34995.70139897405,16781.280495183477,15369.89878277397,365.7985389503025,8389.85619218152,6479.145177477841,6197.969849887494,half_life7,51,19.95678058815949,2025-02-20,2025-02-20
2025-02-22,18843.90866380538,1979.4678108395485,20823.37647464493,37045.91882193458,19106.70194253794,15080.162607747518,500.0315116152095,5674.648115426039,6197.969849887494,8428.291754873715,half_life7,52,19.98091203053891,2025-02-21,2025-02-21
2025-02-23,47495.20630005848,2915.6170636541146,50410.823363712596,77667.18945445573,23204.91634611252,20884.42471150127,928.723577270408,4743.567713781565,8428.291754873715,8428.291754873715,half_life7,53,20.002793483850624,2025-02-22,2025-02-22
2025-02-24,47107.16860286505,1517.4517566326763,48624.62035949773,77228.7226691035,22994.98529217891,20695.486762961023,330.40512865995277,7056.595651878912,8428.291754873715,8428.291754873715,half_life7,54,20.022632604599877,2025-02-23,2025-02-23
2025-02-25,46848.58368516518,1727.090772941679,48575.674458106856,76757.16851264331,23012.453429348225,20711.208086413404,418.4920585742632,9053.091994949435,8428.291754873715,8428.291754873715,half_life7,55,20.040618265659838,2025-02-24,2025-02-24
2025-02-26,46227.16194418327,2485.29481338774,48712.45675757102,75742.75166179653,22670.96199143935,20403.865792295415,619.5343326643971,5280.341761983674,8428.291754873715,8428.291754873715,half_life7,56,20.05692218675972,2025-02-25,2025-02-25
2025-02-27,45090.423426469264,1837.8150857671897,46928.23851223645,73096.60239468241,19829.12669957998,20091.050866110996,374.47211741496506,6776.414478628406,8428.291754873715,6062.025961956294,half_life7,56,20.05692218675972,2025-02-26,2025-02-26
2025-02-28,17518.687575893033,991.9936456464502,18510.681221539482,33960.73809260383,16369.138494726587,15005.304012634875,294.0652863711423,9598.375346883266,6062.025961956294,5774.175034315728,half_life7,56,20.05692218675972,2025-02-27,2025-02-27
2025-03-01,18495.417569161607,1095.308255418367,19590.725824579975,36442.84937574745,19129.22690805192,14698.388013376769,261.7402146541958,8614.984762393164,5774.175034315728,8428.291754873715,half_life7,56,20.05692218675972,2025-02-28,2025-02-28
2025-03-02,44786.78538287081,15810.149964744847,60596.935347615654,73547.1084679882,21885.67526672854,19697.107740055697,4280.843046677837,3281.0769213265303,8428.291754873715,8428.291754873715,half_life7,56,20.05692218675972,2025-03-01,2025-03-01
2025-03-03,45369.05287675742,9918.454650412117,55287.507527169546,74543.94668628153,22450.107243240258,20205.096518916238,2373.4262728743697,2655.2156014985594,8428.291754873715,8428.291754873715,half_life7,56,20.05692218675972,2025-03-02,2025-03-02
2025-03-04,46501.52319812525,1208.3036840609934,47709.826882186244,76104.04702343076,23260.992384175246,20934.89314575772,375.62791980158664,4954.117771481484,8428.291754873715,8428.291754873715,half_life7,56,20.05692218675972,2025-03-03,2025-03-03
2025-03-05,46797.92428010791,754.3256653537354,47552.24994546163,76795.88477194171,23511.220412519913,21160.098371267923,177.7430082142862,8492.03372223734,8428.291754873715,8428.291754873715,half_life7,56,20.05692218675972,2025-03-04,2025-03-04
2025-03-06,44715.066484027906,888.1725567511836,45603.239040779095,72293.76445342784,19764.918190126602,20952.021276599557,227.25434914966013,7767.46775571712,8428.291754873715,5093.569923060499,half_life7,56,20.05692218675972,2025-03-05,2025-03-05
2025-03-07,16660.30934076952,534.0880519766663,17194.397392746185,32009.900071379467,15041.684280320373,13921.549276165884,192.32953015306097,10159.809064044704,5093.569923060499,4688.763150698514,half_life7,56,20.05692218675972,2025-03-06,2025-03-06
2025-03-08,18225.795012602375,956.8103970648825,19182.605409667256,35766.25611096193,18982.724981785865,13536.824154244114,321.86399520408247,11579.079761957593,4688.763150698514,8428.291754873715,half_life7,56,20.05692218675972,2025-03-07,2025-03-07
2025-03-09,44701.82369831354,941.9798488749777,45643.803547188516,73933.00187216816,22869.665964804255,20582.69936832383,241.17516172155342,8553.685387409296,8428.291754873715,8428.291754873715,half_life7,56,20.05692218675972,2025-03-08,2025-03-08
2025-03-10,43548.09370488719,5562.5071820319035,49110.6008869191,72195.3939469036,22447.395159776752,20202.65564379908,1794.9318209693874,3703.5148018953146,8428.291754873715,8428.291754873715,half_life7,56,20.05692218675972,2025-03-09,2025-03-09
2025-03-11,43767.08023727084,1613.5558277808,45380.636065051636,72709.31229991699,22290.489447186468,20061.440502467824,417.16022219387764,6958.50477739222,8428.291754873715,8428.291754873715,half_life7,56,20.05692218675972,2025-03-10,2025-03-10
2025-03-12,43403.956252078075,1441.8988371212545,44845.85508919933,72137.56879647789,22175.9956113777,19958.396050239935,431.095360493198,7915.529912499997,8428.291754873715,8428.291754873715,half_life7,56,20.05692218675972,2025-03-11,2025-03-11
2025-03-13,41167.54735493609,8653.651308961413,49821.1986638975,67227.7882087243,17907.10609765471,19831.62596652111,2279.1182077721087,3885.808268696147,8428.291754873715,4512.094973222302,half_life7,56,20.05692218675972,2025-03-12,2025-03-12
2025-03-14,16073.856159514,557.1890256067603,16631.04518512076,31121.018961091293,14512.444220569803,13370.257106591056,166.8421778061221,14116.248041585337,4512.094973222302,4186.319966206446,half_life7,56,20.05692218675972,2025-03-13,2025-03-13
2025-03-15,17880.00404036988,2280.8516834335633,20160.85572380344,35435.300629016536,18900.49868818042,12986.161032652279,603.4784633333338,9200.316286821728,4186.319966206446,8428.291754873715,half_life7,56,20.05692218675972,2025-03-14,2025-03-14
2025-03-16,43317.97617567454,2191.3422002348343,45509.31837590938,71983.18868564551,22036.191727345198,19832.57255461068,581.9052284693887,7010.427808047052,8428.291754873715,8428.291754873715,half_life7,56,20.05692218675972,2025-03-15,2025-03-15
2025-03-17,43213.5936697601,680.9978674166778,43894.59153717678,71970.32131696542,22080.164782409447,19872.148304168506,185.02029576530663,12089.193701156462,8428.291754873715,8428.291754873715,half_life7,56,20.05692218675972,2025-03-16,2025-03-16
2025-03-18,42106.855601857795,3625.43799789588,45732.29359975368,70371.06024944162,21885.060578044366,19696.554520239937,731.1206440646264,7787.716469035147,8428.291754873715,8428.291754873715,half_life7,56,20.05692218675972,2025-03-17,2025-03-17
2025-03-19,42000.45158235709,1103.2612727052588,43103.712855062346,70148.18167166112,21719.878422299847,19547.890580069863,255.5065331122443,8766.229912543384,8428.291754873715,8428.291754873715,half_life7,56,20.05692218675972,2025-03-18,2025-03-18
2025-03-20,39397.98175228654,2573.0388641621653,41971.0206164487,64494.83362129926,17157.692926862317,19540.85350624333,628.4368534693886,5297.469237482992,8428.291754873715,4107.6402998620215,half_life7,56,20.05692218675972,2025-03-19,2025-03-19
2025-03-21,15202.800539561389,962.4031757967231,16165.203715358113,29861.15513624908,14178.70109105355,13045.502400383572,268.86308591836627,16963.3550148308,4107.6402998620215,3807.570277526478,half_life7,56,20.05692218675972,2025-03-20,2025-03-20
2025-03-22,17421.083548106773,622.1645405203044,18043.24808862708,34900.03911870853,18996.04156867173,12712.836121301936,236.2931819387748,12971.92711994418,3807.570277526478,8428.291754873715,half_life7,56,20.05692218675972,2025-03-21,2025-03-21
2025-03-23,39651.09245804879,2826.720800759307,42477.81325880809,66244.24562865666,21491.533843029247,19342.38045872633,811.0969101190472,6136.4690378061205,8428.291754873715,8428.291754873715,half_life7,56,20.05692218675972,2025-03-22,2025-03-22
2025-03-24,39504.37878019152,2337.054740685266,41841.43352087679,66012.10832753516,21327.13570519856,19194.422134678705,654.8234715476196,6535.721145229589,8428.291754873715,8428.291754873715,half_life7,56,20.05692218675972,2025-03-23,2025-03-23
2025-03-25,39520.063805403035,4715.052268044801,44235.11607344783,66174.72922593556,21447.30439489999,19302.57395541,1310.2599940136063,4390.134063792515,8428.291754873715,8428.291754873715,half_life7,56,20.05692218675972,2025-03-24,2025-03-24
2025-03-26,40182.504629971845,387.8336874820947,40570.338317453934,67286.59061095447,21459.847343331592,19313.86260899844,152.40596812925253,9700.456978083903,8428.291754873715,8428.291754873715,half_life7,56,20.05692218675972,2025-03-25,2025-03-25
2025-03-27,37497.151257005055,2278.9951984387703,39776.14645544383,61297.38686807552,16503.41566350253,19244.927149219526,630.2444825680255,5952.153436360544,8428.291754873715,3798.872157108861,half_life7,56,20.05692218675972,2025-03-26,2025-03-26
2025-03-28,14806.712804781464,1380.6936945059956,16187.40649928746,29372.62861568218,13823.740817073962,12707.605897985613,350.43271950680264,17785.045649433974,3798.872157108861,3518.2314383714765,half_life7,56,20.05692218675972,2025-03-27,2025-03-27
2025-03-29,17132.542848035762,832.4197826493222,17964.962630685084,34840.243287801495,19219.003989703477,12639.011376046841,202.09930647959246,20755.14079729112,3518.2314383714765,8428.291754873715,half_life7,56,20.05692218675972,2025-03-28,2025-03-28
2025-03-30,37796.99182098436,2872.645018394821,40669.636839379185,63296.39767064541,20523.58711308681,18471.228401778128,729.8933775170067,6628.312636853745,8428.291754873715,8428.291754873715,half_life7,56,20.05692218675972,2025-03-29,2025-03-29
2025-03-31,37177.28588637138,7312.023317325116,44489.309203696495,62419.577780431035,20351.87457352812,18316.687116175308,1940.173153724489,5373.173993469386,8428.291754873715,8428.291754873715,half_life7,56,20.05692218675972,2025-03-30,2025-03-30
2025-04-01,37294.70425583211,8435.72948535152,45730.43374118363,62890.69390471297,20515.966992027737,18464.37029282497,2992.889216207485,3623.134905051017,8428.291754873715,8428.291754873715,half_life7,56,20.05692218675972,2025-03-31,2025-03-31
2025-04-02,37739.74676392916,11674.051003240438,49413.7977671696,63752.96852647977,20529.15019888715,18476.23517899844,2795.5748103401343,4060.29291693119,8428.291754873715,8428.291754873715,half_life7,56,20.05692218675972,2025-04-01,2025-04-01
2025-04-03,36766.3041185724,1411.1379716977044,38177.44209027011,60563.49538384168,15311.300602966745,18654.51620085976,345.23898831632664,8388.419703384356,8428.291754873715,3290.2802939297135,half_life7,56,20.05692218675972,2025-04-02,2025-04-02
2025-04-04,14489.480834388198,511.79411320688075,15001.274947595077,28948.295644295187,13631.501574122336,12302.08062948221,132.83464355442206,21320.907093209484,3290.2802939297135,3254.726581914945,half_life7,56,20.05692218675972,2025-04-03,2025-04-03
2025-04-05,16858.250984733007,1274.3839644502805,18132.634949183284,34566.03198221949,19002.174585073844,12193.88225560466,343.3599182142857,16056.984587631252,3254.726581914945,8428.291754873715,half_life7,56,20.05692218675972,2025-04-04,2025-04-04
2025-04-06,38478.16172989073,513.6423339071085,38991.80406379784,65194.79012957967,20730.455623187976,18657.410060869184,147.12455993197267,8858.792860526191,8428.291754873715,8428.291754873715,half_life7,56,20.05692218675972,2025-04-05,2025-04-05
2025-04-07,37962.47497226477,522.4905442691746,38484.96551653394,64415.0862729915,20571.195222262053,18514.075700035854,193.19784676870756,9308.44531420068,8428.291754873715,8428.291754873715,half_life7,56,20.05692218675972,2025-04-06,2025-04-06
2025-04-08,37237.03783458523,3221.496018023824,40458.533852609056,63303.83352751721,20520.266433845576,18468.23979046102,728.6585256462563,7627.271793112244,8428.291754873715,8428.291754873715,half_life7,56,20.05692218675972,2025-04-07,2025-04-07
2025-04-09,36941.42601054207,6885.295095416253,43826.72110595832,62475.496431215244,20447.454906710278,18402.70941603925,2067.8547321598653,3364.294656037415,8428.291754873715,8428.291754873715,half_life7,56,20.05692218675972,2025-04-08,2025-04-08
2025-04-10,35430.77511553153,2943.4182581011146,38374.19337363265,58368.71168554718,15055.405328525208,18574.761821056258,677.6480155272109,8105.078293605441,8428.291754873715,3131.5852188680456,half_life7,56,20.05692218675972,2025-04-09,2025-04-09
2025-04-11,14031.244555552526,1215.3748717658714,15246.619427318397,28257.302560653843,13390.778706076224,12112.84956283255,283.5685161054431,21946.291766848943,3131.5852188680456,3067.1288007044686,half_life7,56,20.05692218675972,2025-04-10,2025-04-10
2025-04-12,16698.728572792228,733.3329258050169,17432.061498597242,34410.74750388993,19043.757247526602,12053.335770026431,181.17639659863931,18576.341872988392,3067.1288007044686,8428.291754873715,half_life7,56,20.05692218675972,2025-04-11,2025-04-11
2025-04-13,36991.85652193898,1283.2675321776992,38275.12405411668,62768.1916866064,20494.776286302113,18445.298657671905,314.33161801020503,6756.68719265306,8428.291754873715,8428.291754873715,half_life7,56,20.05692218675972,2025-04-12,2025-04-12
2025-04-14,36450.79265025147,1474.1083951864744,37924.901045437946,61928.05083088456,20431.870303743533,18388.683273369184,445.2691298809533,7802.101130391157,8428.291754873715,8428.291754873715,half_life7,56,20.05692218675972,2025-04-13,2025-04-13
2025-04-15,36603.81667568648,1122.7561213425433,37726.572797029025,62117.72089467519,20410.43858909879,18369.394730188913,268.26494321428606,10205.513145646259,8428.291754873715,8428.291754873715,half_life7,56,20.05692218675972,2025-04-14,2025-04-14
2025-04-16,36014.63194690278,2242.2384384846023,38256.87038538738,61063.94704383891,19995.710624273503,17996.139561846154,710.0790859183662,3994.8631173299327,8428.291754873715,8428.291754873715,half_life7,56,20.05692218675972,2025-04-15,2025-04-15
2025-04-17,33474.804290569664,1279.415692338361,34754.21998290803,55098.95621856389,13923.232398998487,17881.04731902303,306.5030532993187,6494.931841887755,8428.291754873715,2788.750960892631,half_life7,56,20.05692218675972,2025-04-16,2025-04-16
2025-04-18,13462.173881630457,621.0937613793867,14083.267643009844,27271.75419360925,12904.208292262927,11716.776080383568,239.1765811054417,19969.381379502,2788.750960892631,2680.1914262633472,half_life7,56,20.05692218675972,2025-04-17,2025-04-17
2025-04-19,15961.690910335481,824.0769046943964,16785.767815029878,33342.320124844206,18876.080390402647,11535.34557409105,287.8451842006806,19504.75124273329,2680.1914262633472,8428.291754873715,half_life7,56,20.05692218675972,2025-04-18,2025-04-18
2025-04-20,35385.279332522005,1783.0073361017464,37168.286668623754,60333.73532605924,20131.71792727615,18206.433897220304,430.08220574829994,6880.7886184183635,8428.291754873715,8335.649918707348,half_life7,56,20.05692218675972,2025-04-19,2025-04-19
2025-04-21,35005.74182429746,1395.2185428152616,36400.96036711272,59894.24415641537,20285.367773074446,18276.30289438017,412.15675627550957,9780.425650663261,8335.649918707348,8315.124735378853,half_life7,56,20.05692218675972,2025-04-20,2025-04-20
2025-04-22,34963.89909775545,1993.8428826224797,36957.74198037793,59413.51371501051,20044.052564900867,18039.64730841078,679.4159849319722,5935.595126785719,8315.124735378853,8315.124735378853,half_life7,56,20.05692218675972,2025-04-21,2025-04-21
2025-04-23,35075.10552040968,749.3049061160348,35824.41042652572,59957.31676941337,19974.203770834356,17976.783393750917,255.23416212585,6815.213837789119,8315.124735378853,8315.124735378853,half_life7,56,20.05692218675972,2025-04-22,2025-04-22
2025-04-24,32031.615394931305,1110.5037088170825,33142.11910374838,53017.06711522781,13611.330810951513,17865.195947322347,197.3179329761902,10378.143484574832,8315.124735378853,2396.396927052867,half_life7,56,20.05692218675972,2025-04-23,2025-04-23
2025-04-25,12780.666548807481,757.147863320342,13537.814412127824,26434.928241037444,12435.341098517656,11289.920351199897,183.7249001870752,23472.87474390676,2396.396927052867,2292.9763622177625,half_life7,56,20.05692218675972,2025-04-24,2025-04-24
2025-04-26,15522.411822081367,1015.3544370840058,16537.76625916537,32787.44937151843,18653.225492297963,11140.50726762847,279.1464515476192,25483.68396506322,2292.9763622177625,8245.854089742581,half_life7,56,20.05692218675972,2025-04-25,2025-04-25
2025-04-27,32442.977211710873,4585.352879206693,37028.33009091757,54898.529668813324,17864.725100863565,16879.501782067244,1082.9891667346938,6422.824333418365,8245.854089742581,7401.263283794428,half_life7,56,20.05692218675972,2025-04-26,2025-04-26
2025-04-28,32781.2834922594,19550.100707491914,52331.38419975131,55448.60091103846,18669.11835443224,16914.36074660806,5355.8274627721075,2427.703449319728,7401.263283794428,7283.042347630047,half_life7,56,20.05692218675972,2025-04-27,2025-04-27
2025-04-29,35041.550049691796,1828.4018178643191,36869.95186755612,59788.25684487735,20027.49594789698,17331.84897339378,461.61525164966014,10121.011405357145,7283.042347630047,8013.420315849122,half_life7,56,20.05692218675972,2025-04-28,2025-04-28
2025-04-30,34001.01808840998,2208.8111745770584,36209.82926298704,57426.14550141347,17992.89512946711,16861.54644851282,757.1010741326536,8795.043461258505,8013.420315849122,7309.348858741153,half_life7,56,20.05692218675972,2025-04-29,2025-04-29
2025-05-01,31546.346603012407,12482.034460040295,44028.3810630527,51799.87468208531,13091.074064201694,16781.757557373367,2710.258444880952,7189.437820137946,7309.348858741153,2039.106502977011,half_life7,56,20.05692218675972,2025-04-30,2025-04-30
2025-05-02,13490.977810669287,8875.359415432446,22366.33722610173,26971.884680404408,12199.178722119315,11025.307174567242,2085.4544448639454,13593.147494382949,2039.106502977011,1990.5694150420948,half_life7,56,20.05692218675972,2025-05-01,2025-05-01
2025-05-03,17261.476486281637,3749.5644123593806,21011.04089864102,34807.62915287139,18782.511440682312,11119.043264618265,783.5177948205101,19060.50712162785,1990.5694150420948,8088.723608210757,half_life7,56,20.05692218675972,2025-05-02,2025-05-02
2025-05-04,38107.714852655896,2593.0090431289877,40700.72389578489,63586.61906612814,19913.1526807294,17707.05444465228,714.4223796428571,10360.275876360545,8088.723608210757,8315.124735378853,half_life7,56,20.05692218675972,2025-05-03,2025-05-03
2025-05-05,38770.77879111495,3678.8082473399327,42449.58703845488,64459.53945468925,19084.183682096635,17175.765313886975,911.101490969388,8386.215777448984,8315.124735378853,8315.124735378853,half_life7,56,20.05692218675972,2025-05-04,2025-05-04
2025-05-06,39134.031162797735,2482.00986485437,41616.0410276521,64518.38820118395,19325.753255339267,17393.17792980534,697.1427029931972,10412.873211976565,8315.124735378853,8315.124735378853,half_life7,56,20.05692218675972,2025-05-05,2025-05-05
2025-05-07,39274.00155823691,1654.6929399305318,40928.694498167446,65202.97917006907,20025.58446956829,18023.026022611462,365.3604166156473,8497.93518972789,8315.124735378853,8315.124735378853,half_life7,56,20.05692218675972,2025-05-06,2025-05-06
2025-05-08,37594.948190243274,2784.6477451101537,40379.59593535343,59481.761712734515,13965.424031937036,18342.174700273947,807.0906980272116,8839.090679098637,8315.124735378853,2229.5395001434736,half_life7,56,20.05692218675972,2025-05-07,2025-05-07
2025-05-09,16474.284712656554,320.29930961257634,16794.584022269133,30587.32247878309,12355.423961518409,11258.597982424388,97.4622766836735,21088.572926372748,2229.5395001434736,2083.319557889956,half_life7,56,20.05692218675972,2025-05-08,2025-05-08
2025-05-10,18827.11980849945,653.5592276140461,19480.6790361135,36692.87083012096,19018.55294802634,11204.688164635272,194.00631430272097,16951.96707769928,2083.319557889956,8315.124735378853,half_life7,56,20.05692218675972,2025-05-09,2025-05-09
2025-05-11,39481.39086928694,1733.3464764402152,41214.73734572715,65783.72782336923,20564.86006318987,18401.014395585953,469.95744328231183,8605.76051571429,8315.124735378853,8428.291754873715,half_life7,56,20.05692218675972,2025-05-10,2025-05-10
2025-05-12,39820.11441329015,2371.7963894963877,42191.910802786544,66284.4154968132,20689.66470767297,18620.69823690568,867.5733007482976,13151.827093460884,8428.291754873715,8428.291754873715,half_life7,56,20.05692218675972,2025-05-11,2025-05-11
2025-05-13,39168.550210181216,606.8411438810788,39775.391354062296,65273.24261655811,20248.292342111752,18223.463107900578,172.4584787074828,10291.659094387756,8428.291754873715,8428.291754873715,half_life7,56,20.05692218675972,2025-05-12,2025-05-12
2025-05-14,39214.67854654472,744.5076134873649,39959.186160032084,65476.32638525992,20136.904636782954,18123.214173104665,283.43684517006824,10731.923983418368,8428.291754873715,8428.291754873715,half_life7,56,20.05692218675972,2025-05-13,2025-05-13
2025-05-15,36301.911529470926,1397.941504065378,37699.8530335363,58125.75390951627,13050.9334340325,17853.199751914184,379.99564471088536,10542.957588775509,8428.291754873715,1990.5694150420948,half_life7,56,20.05692218675972,2025-05-14,2025-05-14
2025-05-16,15178.111796189216,1055.1486973147369,16233.260493503953,28873.466536364343,12261.558700766327,11035.402830689696,332.69778637755115,25264.50191933194,1990.5694150420948,1990.5694150420948,half_life7,56,20.05692218675972,2025-05-15,2025-05-15
2025-05-17,17683.093747627197,2895.887812173564,20578.98155980076,35265.94552167803,18816.935422695653,10935.241880426089,677.1810640306126,17612.63396010574,1990.5694150420948,8315.124735378853,half_life7,56,20.05692218675972,2025-05-16,2025-05-16
2025-05-18,37573.66161957194,2252.8020746060974,39826.46369417803,62598.52771134836,18566.164211782954,16709.547790604658,822.5760885714298,7888.319278741502,8315.124735378853,8315.124735378853,half_life7,56,20.05692218675972,2025-05-17,2025-05-17
2025-05-19,37315.776470201556,1157.0875236916952,38472.86399389325,62705.45418372742,18648.63976006337,16783.775784057038,204.2210091496604,13529.594666870751,8315.124735378853,8315.124735378853,half_life7,56,20.05692218675972,2025-05-18,2025-05-18
2025-05-20,36588.26969004514,3201.1602876323573,39789.42997767749,61464.30368105735,18799.0024631246,16919.10221681214,712.0641505442184,5769.072768622447,8315.124735378853,8315.124735378853,half_life7,56,20.05692218675972,2025-05-19,2025-05-19
2025-05-21,37121.64102331714,3278.6433570670843,40400.284380384226,62099.5024117055,18702.052983891794,16831.847685502617,869.1087258843515,9735.790555867343,8315.124735378853,8315.124735378853,half_life7,56,20.05692218675972,2025-05-20,2025-05-20
2025-05-22,34695.66055398879,492.5117074690325,35188.172261457825,55318.39321102712,11806.899493528987,16626.209544176087,149.4029566326535,9470.47540164021,8315.124735378853,1990.5694150420948,half_life7,56,20.05692218675972,2025-05-21,2025-05-21
2025-05-23,14570.732311136733,562.8337504394146,15133.566061576148,27921.619758681052,11785.95517920548,10607.359661284932,208.43941130952405,20530.51476873669,1990.5694150420948,1990.5694150420948,half_life7,56,20.05692218675972,2025-05-22,2025-05-22
2025-05-24,17418.55849606362,789.4447707639454,18208.003266827563,34672.869339871526,18452.62184587215,10607.359661284932,244.66130234693884,23317.767074297917,1990.5694150420948,8315.124735378853,half_life7,56,20.05692218675972,2025-05-23,2025-05-23
2025-05-25,36502.024360925556,1126.6822540089843,37628.70661493454,60743.04695568887,18457.369135460198,16611.632221914184,253.2476691156454,10605.547527925168,8315.124735378853,8315.124735378853,half_life7,56,20.05692218675972,2025-05-24,2025-05-24
2025-05-26,35447.67777981567,7758.4678514019115,43206.14563121758,58742.32458942572,17494.462596782083,16363.350597568948,2291.4766872023815,5322.856327414966,8315.124735378853,7663.343195917047,half_life7,56,20.05692218675972,2025-05-25,2025-05-25
2025-05-27,36830.252130274916,823.7373550250697,37653.98948529999,61811.00757435942,19269.44964336545,16724.170418563845,284.3186767346948,10159.679726292517,7663.343195917047,8315.124735378853,half_life7,56,20.05692218675972,2025-05-26,2025-05-26
2025-05-28,35894.13388175145,3838.1368464005022,39732.270728151954,59793.556432343335,17879.513092777925,16533.216701199897,1326.1406468877572,7499.576587653062,8315.124735378853,7849.579575463698,half_life7,56,20.05692218675972,2025-05-27,2025-05-27
2025-05-29,33785.08558679449,3921.4377194461235,37706.52330624061,54452.96413520978,12403.4082014607,16721.412463614863,934.9426890476188,5595.787586411569,7849.579575463698,1990.5694150420948,half_life7,56,20.05692218675972,2025-05-28,2025-05-28
2025-05-30,14524.804355540087,1607.238989393578,16132.043344933665,28007.684929837516,11986.53553685854,10787.881983172687,454.5542755442173,20667.35238502921,1990.5694150420948,1990.5694150420948,half_life7,56,20.05692218675972,2025-05-29,2025-05-29
2025-05-31,17520.59409936754,1582.3475690449495,19102.941668412488,34994.740455069936,18660.92368075499,10794.831312679493,550.3793954591835,19289.845932453627,1990.5694150420948,8315.124735378853,half_life7,56,20.05692218675972,2025-05-30,2025-05-30
2025-06-01,37303.3555318984,46028.24011723729,83331.59564913569,62518.89006883135,19532.559546646902,17579.303591982207,11992.563779574828,1333.3715937414954,8315.124735378853,8315.124735378853,half_life7,56,20.05692218675972,2025-05-31,2025-05-31
2025-06-02,41184.107748421135,26564.675205398817,67748.78295381996,68756.89315440872,20919.6183145712,18720.29682182915,6552.130258843536,4468.894470510204,8315.124735378853,8428.291754873715,half_life7,56,20.05692218675972,2025-06-01,2025-06-01
2025-06-03,44819.7661813794,7468.342980814349,52288.10916219374,73606.9373713389,21785.955179205477,19607.35966128494,1734.521001394558,4970.496021479593,8428.291754873715,8428.291754873715,half_life7,56,20.05692218675972,2025-06-02,2025-06-02
2025-06-04,47357.50601260632,4366.341492396712,51723.847505003025,77108.27398655999,22422.995597062618,20180.69603735636,1453.1640386734696,6673.877648860544,8428.291754873715,8428.291754873715,half_life7,56,20.05692218675972,2025-06-03,2025-06-03
2025-06-05,46588.24096450447,2817.1072814195286,49405.348245924,73247.05752648339,16594.252883635672,21042.18725655704,727.8755167857136,7273.549399523808,8428.291754873715,1990.5694150420948,half_life7,56,20.05692218675972,2025-06-04,2025-06-04
2025-06-06,22370.030294355816,2905.122592374391,25275.152886730208,38737.75635472225,12906.690232474572,11518.447981437992,716.8027909693888,7211.321494655058,1990.5694150420948,2093.4206278647753,half_life7,56,20.05692218675972,2025-06-05,2025-06-05
2025-06-07,26520.95690912877,1976.0400082103583,28496.996917339133,47903.04993785354,19673.38366568609,11696.258865621667,520.5511429591841,9319.963114081631,2093.4206278647753,8428.291754873715,half_life7,56,20.05692218675972,2025-06-06,2025-06-06
2025-06-08,56981.93362329459,0.0,56981.93362329459,90504.97024400897,25119.288512538813,22607.359661284936,0.0,22808.118126088437,8428.291754873715,8428.291754873715,half_life7,56,20.05692218675972,2025-06-07,2025-06-07
2025-06-09,55221.25224597261,421.3951955522892,55642.6474415249,88083.32781604979,25119.288512538813,22607.359661284936,185.50633377551083,14824.192565238092,8428.291754873715,8428.291754873715,half_life7,56,20.05692218675972,2025-06-08,2025-06-08
2025-06-10,55118.58569594554,553.1973444330464,55671.78304037858,87799.04842104035,25016.198291355893,22514.57846222031,203.65382108843602,13882.638179659862,8428.291754873715,8428.291754873715,half_life7,56,20.05692218675972,2025-06-09,2025-06-09
2025-06-11,54543.8472279974,2750.3588134699958,57294.20604146739,87385.77660649574,25079.681059005175,22571.71295310466,596.1720464965995,9389.534230425172,8428.291754873715,8428.291754873715,half_life7,56,20.05692218675972,2025-06-10,2025-06-10
2025-06-12,52144.451342086126,317.9875048715477,52462.438846957666,81184.65631744522,19001.45622301587,22607.359661284932,124.61597035714294,12462.784292738095,8428.291754873715,2624.406441529166,half_life7,56,20.05692218675972,2025-06-11,2025-06-11
2025-06-13,23497.850586152155,640.4587536991136,24138.309339851265,41618.3826611953,13161.324559231933,11958.256012441396,132.22065756802664,12202.221071972788,2624.406441529166,2505.226616855335,half_life7,56,20.05692218675972,2025-06-12,2025-06-12
2025-06-14,25946.580304851796,334.49206585950594,26281.072370711303,47558.56265448431,19581.653894881103,12004.37553568969,139.9296873639454,13927.87123265684,2505.226616855335,8428.291754873715,half_life7,56,20.05692218675972,2025-06-13,2025-06-13
2025-06-15,54339.58953225586,12.659248644821487,54352.24878090068,86781.01559363671,24532.378915789,22079.141024210105,5.768625493197305,13706.571994217687,8428.291754873715,8428.291754873715,half_life7,56,20.05692218675972,2025-06-14,2025-06-14
2025-06-16,53872.59099690155,871.1884744619706,54743.77947136351,86018.80468429241,24884.86521367259,22396.378692305338,318.39929887755045,11154.66464513605,8428.291754873715,8428.291754873715,half_life7,56,20.05692218675972,2025-06-15,2025-06-15
2025-06-17,53581.56403322499,3602.512816751302,57184.07684997629,85766.95026144577,24898.049085546256,22408.244176991633,914.6410841326531,9554.775220357144,8428.291754873715,8428.291754873715,half_life7,56,20.05692218675972,2025-06-16,2025-06-16
2025-06-18,53655.75251346629,182.9664384313623,53838.71895189765,86018.58380309059,25119.288512538813,22607.359661284936,65.2045427891162,12643.46859462585,8428.291754873715,8428.291754873715,half_life7,56,20.05692218675972,2025-06-17,2025-06-17
2025-06-19,49671.90766543755,1236.0934942529611,50908.00115969051,77856.99028838816,18769.463454383975,22505.001688529832,324.6800180782314,13657.704340612247,8428.291754873715,2512.2135535207817,half_life7,56,20.05692218675972,2025-06-18,2025-06-18
2025-06-20,21117.77232845135,881.9881360596171,21999.760464510964,37722.42773599311,13013.141179658998,11707.97884825772,359.47238568027234,14376.156940272107,2512.2135535207817,2516.2699266468635,half_life7,56,20.05692218675972,2025-06-19,2025-06-19
2025-06-21,23181.587043189935,1563.9045908113021,24745.491634001235,42872.550031508115,19023.097754612772,11512.15161300262,430.76244056122465,16457.625930459188,2516.2699266468635,8428.291754873715,half_life7,56,20.05692218675972,2025-06-20,2025-06-20
2025-06-22,50355.409637841636,413.5800236520413,50768.98966149369,81406.03557797156,24086.206281756502,21677.585653580856,140.4402984013604,11680.514148197275,8428.291754873715,8428.291754873715,half_life7,56,20.05692218675972,2025-06-21,2025-06-21
2025-06-23,49048.083619571385,687.0643304384953,49735.14795000989,79659.42972734798,23357.89044269754,21022.10139842779,213.03650836734687,10475.39119144558,8428.291754873715,8428.291754873715,half_life7,56,20.05692218675972,2025-06-22,2025-06-22
2025-06-24,47913.021877862455,15916.010662401997,63829.03254026445,78029.88710778071,23127.197550358163,20814.477795322346,3961.1759959115657,3409.551098656461,8428.291754873715,8428.291754873715,half_life7,56,20.05692218675972,2025-06-23,2025-06-23
2025-06-25,49081.42173102348,3902.4757282786886,52983.89745930217,80034.51799836915,23704.95355835136,21334.458202516224,1093.0596050340127,8319.660880901361,8428.291754873715,8428.291754873715,half_life7,56,20.05692218675972,2025-06-24,2025-06-24
2025-06-26,46265.45270559681,1636.1787941655887,47901.6314997624,73025.92698037984,17430.946979062737,21685.59537783255,373.8491553231292,10107.040701139453,8428.291754873715,2106.1154195244108,half_life7,56,20.05692218675972,2025-06-25,2025-06-25
2025-06-27,18991.22946519561,1196.092140064156,20187.321605259767,34223.00164945494,12586.574788426946,11226.350412645475,359.3735926700675,13450.504999676872,2106.1154195244108,2213.176329258449,half_life7,56,20.05692218675972,2025-06-26,2025-06-26
2025-06-28,21504.80770739027,1912.7713138695915,23417.579021259862,40351.917413787894,19143.38689871708,11332.872009108061,536.1393692176869,11300.615776729894,2213.176329258449,8428.291754873715,half_life7,56,20.05692218675972,2025-06-27,2025-06-27
2025-06-29,48855.265045498934,2875.791831950638,51731.05687744958,79211.57126569643,23566.98292703239,21210.28463432915,991.3816772449,8578.48611690476,8428.291754873715,8428.291754873715,half_life7,56,20.05692218675972,2025-06-28,2025-06-28
2025-06-30,48412.04335922384,3235.770914391431,51647.81427361526,78719.54224253507,23092.53389796965,20783.280508172687,856.2096352721096,7388.814504676873,8428.291754873715,8428.291754873715,half_life7,56,20.05692218675972,2025-06-29,2025-06-29
2025-07-01,47949.297927350315,23230.755645806574,71180.05357315691,78251.94793787436,22590.686975682307,20331.618278114085,6544.831406224491,3671.1666131972797,8428.291754873715,8428.291754873715,half_life7,56,20.05692218675972,2025-06-30,2025-06-30
2025-07-02,49057.41183570872,15279.045652642993,64336.457488351705,79906.47625492082,22518.585749378457,20266.727174440613,4231.132598486394,8980.98391180272,8428.291754873715,8428.291754873715,half_life7,56,20.05692218675972,2025-07-01,2025-07-01
2025-07-03,47995.585972905945,13158.856488001033,61154.442460906976,75355.22340656465,15739.875306897206,19854.845205213504,3390.288316173469,3100.062687721089,8428.291754873715,2431.604092408822,half_life7,56,20.05692218675972,2025-07-02,2025-07-02
2025-07-04,24642.128556866053,3065.1967322880855,27707.325289154134,42326.095607369636,13295.418779696789,11815.340644414184,853.3416922448976,12818.491697665266,2431.604092408822,2590.283240257497,half_life7,56,20.05692218675972,2025-07-03,2025-07-03
2025-07-05,28826.681891808792,1987.799958163708,30814.481849972497,51072.5783577448,19544.469600020937,12051.601468325749,499.0646937925168,15288.694953175469,2590.283240257497,8428.291754873715,half_life7,56,20.05692218675972,2025-07-04,2025-07-04
2025-07-06,55168.75951794208,7602.400569479922,62771.160087422,88006.66628319077,21917.602149046746,19725.841934142074,1762.7624271258499,7783.686945411942,8428.291754873715,8428.291754873715,half_life7,56,20.05692218675972,2025-07-05,2025-07-05
2025-07-07,55200.76987857819,247.42806032170915,55448.1979388999,87755.30256798756,22196.49092313303,19976.84183081973,103.62684712585038,12229.797556133439,8428.291754873715,8428.291754873715,half_life7,56,20.05692218675972,2025-07-06,2025-07-06
2025-07-08,55884.616345605435,1313.7171601762232,57198.33350578166,88853.96132494816,21994.022329291533,19794.62009636238,324.40026268707453,11407.572338039421,8428.291754873715,8428.291754873715,half_life7,56,20.05692218675972,2025-07-07,2025-07-07
2025-07-09,54947.44537645465,1316.5585690146581,56264.0039454693,87252.44023723943,21938.72715640793,19744.854440767143,417.1438021088431,11416.986307040817,8428.291754873715,8428.291754873715,half_life7,56,20.05692218675972,2025-07-08,2025-07-08
2025-07-10,52043.83237520656,811.3334849685406,52855.1658601751,80381.50967449088,15988.286779186585,19911.790577978027,239.19890738095137,11690.588997329935,8428.291754873715,2607.2422138328247,half_life7,56,20.05692218675972,2025-07-09,2025-07-09
2025-07-11,27053.755570783844,894.1771942577296,27947.932765041573,45454.223590880596,13039.601598156725,11716.83821905534,247.9489532142857,11860.632014993502,2607.2422138328247,2627.062547261645,half_life7,56,20.05692218675972,2025-07-10,2025-07-10
2025-07-12,29155.11772523341,554.6760318747837,29709.793757108193,51318.48593344398,19304.74275922351,11870.739225876769,160.78398438775622,12961.02305115166,2627.062547261645,8428.291754873715,half_life7,56,20.05692218675972,2025-07-11,2025-07-11
2025-07-13,52580.99659293494,815.3480732055547,53396.3446661405,84077.63785535263,21399.155609138474,19259.240048224627,154.66492770408183,12824.666822142859,8428.291754873715,8428.291754873715,half_life7,56,20.05692218675972,2025-07-12,2025-07-12
2025-07-14,51318.75610891965,1564.234471745242,52882.990580664904,82044.04945988399,21157.058185574606,19041.35236701714,318.7414773129258,8439.40590197279,8428.291754873715,8428.291754873715,half_life7,56,20.05692218675972,2025-07-13,2025-07-13
2025-07-15,53891.593645396155,4583.565881153459,58475.159526549614,85390.65625071448,21202.90260238299,19082.61234214469,1651.7234543537406,12173.0388614966,8428.291754873715,8428.291754873715,half_life7,56,20.05692218675972,2025-07-14,2025-07-14
2025-07-16,52703.84522681391,2585.5037499297773,55289.34897674368,83974.70294173762,21074.98012094773,18967.48210885296,762.1350540136053,10494.77660032313,8428.291754873715,8428.291754873715,half_life7,56,20.05692218675972,2025-07-15,2025-07-15
2025-07-17,49732.537459402665,4698.618239609449,54431.1556990121,76950.44935610546,14589.595540060465,18647.25919000942,1059.160459778912,9346.857399166667,8428.291754873715,2613.260315729247,half_life7,56,20.05692218675972,2025-07-16,2025-07-16
2025-07-18,25712.00678822599,949.1014802301077,26661.108268456097,43444.38763253592,12923.90518033927,11688.568051165883,279.34962045918326,11214.152023821724,2613.260315729247,2553.120763385713,half_life7,56,20.05692218675972,2025-07-17,2025-07-17
2025-07-19,27849.855898242244,1432.2057715529897,29282.061669795236,49305.66242815297,19131.473411585568,11644.649477611463,423.3466963435386,15059.366140522408,2553.120763385713,8428.291754873715,half_life7,56,20.05692218675972,2025-07-18,2025-07-18
2025-07-20,50686.93847451663,2370.753291774107,53057.69176629074,81184.71039822958,21078.755369616552,18970.8798326549,646.5135698639451,7633.370214465209,8428.291754873715,8428.291754873715,half_life7,56,20.05692218675972,2025-07-19,2025-07-19
2025-07-21,50996.26443868081,3710.552574593829,54706.817013274645,81827.91827492272,21076.024033053814,18968.421629748434,1041.9608377891143,6772.52735940646,8428.291754873715,8428.291754873715,half_life7,56,20.05692218675972,2025-07-20,2025-07-20
2025-07-22,53819.61332662017,2879.189279639738,56698.80260625992,85851.77346983788,21349.01966657611,19214.117699918505,698.6883437074832,10620.415230221088,8428.291754873715,8428.291754873715,half_life7,56,20.05692218675972,2025-07-21,2025-07-21
2025-07-23,52993.9348577987,2445.3935199149764,55439.32837771367,84663.42811742646,21476.49427983386,19328.844851850474,565.319836373231,8864.55140914966,8428.291754873715,8428.291754873715,half_life7,56,20.05692218675972,2025-07-22,2025-07-22
2025-07-24,50244.14843797118,3976.220911911842,54220.369349883025,77939.02742734953,15486.762362364967,19439.263080610675,1005.5139561394552,9280.570101734695,8428.291754873715,2629.5420922763096,half_life7,56,20.05692218675972,2025-07-23,2025-07-23
2025-07-25,25171.911831360463,1437.688910208177,26609.60074156864,42785.49008603366,13033.018764390663,11824.351729890375,320.8740100075589,15392.377494874263,2629.5420922763096,2529.7882100974575,half_life7,56,20.05692218675972,2025-07-24,2025-07-24
2025-07-26,27659.445127637722,1280.655980013894,28940.101107651615,48879.35124827391,19201.650882522827,11685.673997849557,424.789793605442,13319.072590539414,2529.7882100974575,8428.291754873715,half_life7,56,20.05692218675972,2025-07-25,2025-07-25
2025-07-27,50919.25172894359,5379.60004115103,56298.851770094625,81695.8088232172,21276.788644076976,19149.109779669285,1336.3668635714314,7219.307022380947,8428.291754873715,8428.291754873715,half_life7,56,20.05692218675972,2025-07-26,2025-07-26
2025-07-28,51118.621490228004,8362.816018240066,59481.437508468065,82108.50342765223,21846.030148074602,19661.42713326714,2332.3395928865075,4301.362772397956,8428.291754873715,8428.291754873715,half_life7,56,20.05692218675972,2025-07-27,2025-07-27
2025-07-29,54488.48383896216,2789.975571431806,57278.45941039397,86998.41141613861,22795.39245254259,20515.85320728833,753.1501450340119,9402.776365918367,8428.291754873715,8428.291754873715,half_life7,56,20.05692218675972,2025-07-28,2025-07-28
2025-07-30,54268.58165000469,802.6140787863966,55071.19572879108,86718.11604232341,22600.647252315834,20340.58252708425,245.98901739795969,10600.786284489794,8428.291754873715,8428.291754873715,half_life7,56,20.05692218675972,2025-07-29,2025-07-29
2025-07-31,51259.40300317756,1219.6849120055097,52479.087915183074,79968.74937494042,16601.94099159951,20354.474794115646,314.9881528231292,9341.275063613022,8428.291754873715,2722.7755801935937,half_life7,56,20.05692218675972,2025-07-30,2025-07-30
2025-08-01,24806.48835950516,1060.6219920350593,25867.11035154022,42319.66298253593,13116.568954262168,11943.362905451599,349.3050611734693,20244.402328232165,2722.7755801935937,2576.8355737655756,half_life7,56,20.05692218675972,2025-07-31,2025-07-31
2025-08-02,27267.563303172632,648.453682025179,27916.016985197813,48190.016258460986,19090.874851343688,11630.608617917582,161.60558904761945,19964.330680749168,2576.8355737655756,8428.291754873715,half_life7,56,20.05692218675972,2025-08-01,2025-08-01
2025-08-03,50290.79541790034,3890.1432708493503,54180.9386887497,80575.78935392018,21294.195649065645,19164.776084159083,1089.098743333332,16695.988549013604,8428.291754873715,8428.291754873715,half_life7,56,20.05692218675972,2025-08-02,2025-08-02
2025-08-04,49274.62210539933,1159.9383411073304,50434.560446506664,79024.56307645825,20769.048489072335,18692.1436401651,424.4610980442178,11956.464242261904,8428.291754873715,8428.291754873715,half_life7,56,20.05692218675972,2025-08-03,2025-08-03
2025-08-05,48259.873542816575,1094.8981172871004,49354.771660103674,77285.64670388341,20698.87635158934,18628.988716430405,343.7154695748302,10407.164804965982,8428.291754873715,8428.291754873715,half_life7,56,20.05692218675972,2025-08-04,2025-08-04
2025-08-06,47080.41686676006,8444.722445263029,55525.13931202309,75351.25116292809,20383.27099866882,18344.94389880194,2156.0112987925136,7354.536095187076,8428.291754873715,8428.291754873715,half_life7,56,20.05692218675972,2025-08-05,2025-08-05
2025-08-07,43891.007170686236,2456.2107381091287,46347.21790879536,67956.67812918368,13595.276409788354,18005.052650145473,742.1325663095231,9720.601685850337,8428.291754873715,2346.91149531658,half_life7,56,20.05692218675972,2025-08-06,2025-08-06
2025-08-08,23138.706669437604,1327.3622506406998,24466.06892007831,40282.97903924795,12670.292624806392,11453.20404577813,288.57273280612276,23579.291943025804,2346.91149531658,2294.2693927782448,half_life7,56,20.05692218675972,2025-08-07,2025-08-07
2025-08-09,25500.377005117953,2714.1593610238237,28214.536366141776,45789.16434795165,18365.933028544103,11437.80673682915,648.9418931632648,20588.05094939996,2294.2693927782448,7661.216401672922,half_life7,56,20.05692218675972,2025-08-08,2025-08-08
2025-08-10,44908.76631632426,4654.74541100136,49563.51172732562,71385.0440771798,19419.959201900114,17448.619175910782,1414.4169869897958,5523.501988180272,7661.216401672922,7692.1478050818605,half_life7,56,20.05692218675972,2025-08-09,2025-08-09
2025-08-11,45849.32349436924,4625.547908326228,50474.871402695455,73226.19667551416,19610.4183148263,17394.12028699922,1037.1896757312934,7485.834990085034,7692.1478050818605,7961.2114608550655,half_life7,56,20.05692218675972,2025-08-10,2025-08-10
2025-08-12,45972.22389706882,9771.82535821564,55744.04925528445,73529.22553318132,20275.615486711147,17951.21739330364,2393.4019604081636,5837.685750181976,7961.2114608550655,8274.104652235557,half_life7,56,20.05692218675972,2025-08-11,2025-08-11
2025-08-13,46894.48238065395,4406.521946730605,51301.004327384544,74692.72248760308,20027.844409925434,17989.41036650602,1198.9143044047619,7732.223298588435,8274.104652235557,8311.68263268502,half_life7,56,20.05692218675972,2025-08-12,2025-08-12
2025-08-14,43713.03786419739,4594.502670574582,48307.54053477197,67700.29457302534,13492.413843749051,17821.789555483912,1017.5190852040795,7120.898386630954,8311.68263268502,2325.89463812564,half_life7,56,20.05692218675972,2025-08-13,2025-08-13
2025-08-15,23540.211771698472,1708.0375522100328,25248.249323908505,40438.19858497167,12965.794122723999,11644.013453903977,505.28373256802706,22461.974765386352,2325.89463812564,2352.4590949885423,half_life7,56,20.05692218675972,2025-08-14,2025-08-14
2025-08-16,26447.108103249928,1517.6562509560035,27964.76435420593,47046.89810052345,19179.845538615915,11605.179679856361,364.86823573129254,22907.82011082853,2352.4590949885423,8315.124735378853,half_life7,56,20.05692218675972,2025-08-15,2025-08-15
2025-08-17,46666.44678091936,1982.6831975460273,48649.12997846538,74052.25453197383,19887.765873819993,17898.989286437994,479.64605039115594,9377.73037831633,8315.124735378853,8315.124735378853,half_life7,56,20.05692218675972,2025-08-16,2025-08-16
2025-08-18,46284.77852471874,2341.139719301741,48625.91824402048,73460.71181911204,19867.49164810106,18057.12348740738,553.1589099319742,7809.386951683675,8315.124735378853,8129.20283238037,half_life7,56,20.05692218675972,2025-08-17,2025-08-17
2025-08-19,46304.71269174405,3461.1176703621054,49765.83036210615,73411.32170819078,20243.55250338727,18125.733386437998,953.42363095238,7929.266172193875,8129.20283238037,8227.722398185533,half_life7,56,20.05692218675972,2025-08-18,2025-08-18
2025-08-20,45970.660333655076,12235.97950049819,58206.63983415327,72844.68585087682,19776.742009049507,18031.467089448197,3294.1597953571427,3742.8796599659845,8227.722398185533,7982.752046350302,half_life7,56,20.05692218675972,2025-08-19,2025-08-19
2025-08-21,44755.13282966614,3109.673947138463,47864.8067768046,69319.66922724509,15000.874352893195,18439.21890678755,828.537270051022,7742.132567857142,7982.752046350302,2777.1876611314947,half_life7,56,20.05692218675972,2025-08-20,2025-08-20
2025-08-22,23769.872808925044,4202.57997393401,27972.452782859054,40787.77284739043,13187.172693340024,11992.614478274727,1056.9864666156475,19419.63169894078,2777.1876611314947,2646.312526590973,half_life7,56,20.05692218675972,2025-08-21,2025-08-21
2025-08-23,26723.535745629175,1064.6285770874388,27788.164322716613,47228.718278051805,19202.175979885753,11904.050919635272,379.7024500170064,17780.289517818328,2646.312526590973,8315.124735378853,half_life7,56,20.05692218675972,2025-08-22,2025-08-22
2025-08-24,48700.87145364756,872.0067116838538,49572.87816533141,77554.03837241052,21030.79093566066,18846.44074743381,253.51617389455623,11889.614874744891,8315.124735378853,8400.791991066599,half_life7,56,20.05692218675972,2025-08-23,2025-08-23
2025-08-25,48568.4231564802,6084.576165409443,54652.99932188965,77306.5072454678,21011.64649329277,18991.752938624286,1730.5978877551013,6244.124561887751,8400.791991066599,8315.124735378853,half_life7,56,20.05692218675972,2025-08-24,2025-08-24
2025-08-26,49163.59711537996,1392.8757291152297,50556.47284449519,78427.93296293016,21314.042808629292,19075.27886648143,357.406647755102,11017.757285204078,8315.124735378853,8428.291754873715,half_life7,56,20.05692218675972,2025-08-25,2025-08-25
2025-08-27,49097.09128925265,1714.589040092496,50811.68032934515,78129.75759642498,21258.810835508462,19132.929751957618,377.55888493197153,8467.28653113945,8428.291754873715,8428.291754873715,half_life7,56,20.05692218675972,2025-08-26,2025-08-26
2025-08-28,46138.297987103826,9223.55505292316,55361.85304002699,71177.50493214204,15408.782771760276,19114.29787471272,2551.8178979421764,6667.042949703324,8428.291754873715,2898.1075607285384,half_life7,56,20.05692218675972,2025-08-27,2025-08-27
2025-08-29,24445.401600062614,1388.3567590778766,25833.75835914049,41573.178955587704,13565.991610346824,12184.732561642077,373.4901592346948,18010.18971611765,2898.1075607285384,2924.101364688978,half_life7,56,20.05692218675972,2025-08-28,2025-08-28
2025-08-30,26804.78105610799,2142.344456131094,28947.12551223908,47316.800886507095,19589.83633499826,12409.119209040033,682.9792104591842,22306.343137674714,2924.101364688978,8428.291754873715,half_life7,56,20.05692218675972,2025-08-29,2025-08-29
2025-08-31,49531.014408205345,621.0433637298535,50152.0577719352,78494.1341774794,21030.165759828193,18927.149183845377,189.60095380952293,9934.09547197279,8428.291754873715,8428.291754873715,half_life7,56,20.05692218675972,2025-08-30,2025-08-30
2025-09-01,49691.934858831824,0.0,49691.934858831824,79021.94168525151,21009.092079386013,18908.182871447418,0.0,23346.89794397959,8428.291754873715,8428.291754873715,half_life7,56,20.05692218675972,2025-08-31,2025-08-31
2025-09-02,47016.60513909931,102.85013863290786,47119.455277732224,75323.98550701831,20728.72825138148,18655.855426243335,24.19484437074823,19217.55167625092,8428.291754873715,8428.291754873715,half_life7,56,20.05692218675972,2025-09-01,2025-09-01
2025-09-03,44982.0949106842,112.81698090102817,45094.91189158523,72460.16503331086,20735.488850965754,18661.939965869184,35.001360663265075,14873.900258877551,8428.291754873715,8428.291754873715,half_life7,56,20.05692218675972,2025-09-02,2025-09-02
2025-09-04,40782.32036481261,496.4537511098713,41278.77411592248,64127.998204203635,15028.162754035413,18565.033748726328,142.7780135204079,13882.08166241497,8428.291754873715,3115.9949320554942,half_life7,56,20.05692218675972,2025-09-03,2025-09-03
2025-09-05,18268.55914622788,776.2211283715407,19044.780274599416,33297.66170678763,13621.125297516137,12336.783616403976,174.8722167006806,25363.930575709484,3115.9949320554942,3034.0172596338653,half_life7,56,20.05692218675972,2025-09-04,2025-09-04
2025-09-06,19230.25774112931,1605.6719161358915,20835.929657265202,36882.891467779686,18626.189770021803,12017.43928322371,419.68117624149596,22972.73845722309,3034.0172596338653,8036.879141516816,half_life7,56,20.05692218675972,2025-09-05,2025-09-05
2025-09-07,39234.9272029569,3185.116928256977,42420.04413121387,63803.2259396336,20623.252970485784,18296.96072578415,896.3801578061233,7412.33023607143,8036.879141516816,8315.124735378853,half_life7,56,20.05692218675972,2025-09-06,2025-09-06
2025-09-08,36816.259212700985,16358.957672489,53175.216885189984,60614.22767022129,20265.822283845577,18239.24005546102,4039.7071237755117,3231.7830322789114,8315.124735378853,8315.124735378853,half_life7,56,20.05692218675972,2025-09-07,2025-09-07
2025-09-09,38790.671705827204,5119.84148120968,43910.51318703688,63638.046166065964,20469.878249095014,18422.890424185505,1294.6113032482986,9782.835377738094,8315.124735378853,8315.124735378853,half_life7,56,20.05692218675972,2025-09-08,2025-09-08
2025-09-10,39460.534364879306,8838.29182935716,48298.82619423646,64159.874326304045,20546.29703004739,18491.667327042655,2193.4488297959188,2982.6948030952376,8315.124735378853,8315.124735378853,half_life7,56,20.05692218675972,2025-09-09,2025-09-09
2025-09-11,38842.77445655871,1700.6462516544043,40543.42070821312,61470.42743548395,15586.76242371708,18793.25069449163,457.38528318027306,11638.21520610544,8315.124735378853,3292.2003063956727,half_life7,56,20.05692218675972,2025-09-10,2025-09-10
2025-09-12,17871.29048523902,1037.6557422204519,18908.94622745947,32880.420388750965,13937.39512888424,12582.656514890374,338.6546932653059,20312.680268022406,3292.2003063956727,3251.0897492954236,half_life7,56,20.05692218675972,2025-09-11,2025-09-11
2025-09-13,20843.843555688672,1088.789711353595,21932.633267042267,39364.048946217976,19480.11981213356,12620.582757594457,258.0781035204078,24755.488511865944,3251.0897492954236,8428.291754873715,half_life7,56,20.05692218675972,2025-09-12,2025-09-12
2025-09-14,41734.56497844176,3225.5107449615152,44960.07572340328,67448.66116595239,20723.96622645502,18758.92926509445,1096.1808983503404,6480.480352942179,8428.291754873715,8315.124735378853,half_life7,56,20.05692218675972,2025-09-13,2025-09-13
2025-09-15,39905.99533174727,4468.910659815638,44374.90599156291,65455.44954430481,20713.52036358016,18534.808665937213,998.6740537244902,9208.381267053022,8315.124735378853,8428.291754873715,half_life7,56,20.05692218675972,2025-09-14,2025-09-14
2025-09-16,40127.39655948757,6026.529666144334,46153.926225631905,65166.917270412,20365.251416677136,18436.085936294352,1910.7892985592214,5656.771105255104,8428.291754873715,8315.124735378853,half_life7,56,20.05692218675972,2025-09-15,2025-09-15
2025-09-17,41368.76137629953,2952.639599002298,44321.40097530183,67293.10085136932,20671.91151206844,18497.360699576668,795.067811156461,5953.499450034015,8315.124735378853,8428.291754873715,half_life7,56,20.05692218675972,2025-09-16,2025-09-16
2025-09-18,39583.75739603011,1410.1828774609303,40993.94027349104,62555.60211980161,15545.924670389262,18515.494047373366,293.66353234693804,6862.783912465986,8428.291754873715,3659.406444760314,half_life7,56,20.05692218675972,2025-09-17,2025-09-17
2025-09-19,18972.678055432378,885.6249535271268,19858.3030089595,34474.38841267009,14560.628724282957,13073.775353759422,292.1208034183677,17178.303528898257,3659.406444760314,3691.8624795176574,half_life7,56,20.05692218675972,2025-09-18,2025-09-18
2025-09-20,21419.29708974916,737.190503919754,22156.487593668913,40004.283877671114,19447.21965523636,13009.126343784928,199.11109214285742,18119.86792502921,3691.8624795176574,8428.291754873715,half_life7,56,20.05692218675972,2025-09-19,2025-09-19
2025-09-21,44009.140071970774,528.7682302617786,44537.90830223255,71021.25100559922,21458.081227250714,19312.27310452565,151.44522489795943,10739.400624438775,8428.291754873715,8428.291754873715,half_life7,56,20.05692218675972,2025-09-20,2025-09-20
2025-09-22,41257.1370891268,5208.651549738439,46465.78863886524,67350.16663018728,21283.646867008843,19155.28218030796,1420.513267500001,6028.295327653063,8428.291754873715,8428.291754873715,half_life7,56,20.05692218675972,2025-09-21,2025-09-21
2025-09-23,42487.58227652671,4507.99406862629,46995.576345153,69064.82404537141,21324.934461707366,19192.441015536635,1021.8665373299323,5837.581553197278,8428.291754873715,8428.291754873715,half_life7,56,20.05692218675972,2025-09-22,2025-09-22
2025-09-24,43250.951984487445,1442.3925417246164,44693.344526212066,69996.05263294614,21477.30685293099,19329.576167637893,428.80629083333315,7213.903138486394,8428.291754873715,8428.291754873715,half_life7,56,20.05692218675972,2025-09-23,2025-09-23
2025-09-25,41912.943873771546,1985.4359411604246,43898.37981493197,66074.70402263523,16806.444060970403,19277.64760301204,546.4397341156457,8756.898398792515,8428.291754873715,4051.859749935431,half_life7,56,20.05692218675972,2025-09-24,2025-09-24
2025-09-26,19686.32265968342,39.857725976522616,19726.180385659944,35361.72481866405,14683.903959647656,13227.340436216906,15.736381768707759,16226.654177002007,4051.859749935431,4039.3931316674407,half_life7,56,20.05692218675972,2025-09-25,2025-09-25
2025-09-27,21777.493551113534,679.0635919563424,22456.557143069873,40249.10892726673,19239.90291156666,13152.237799737313,198.53520484693817,16558.67677028432,4039.3931316674407,8428.291754873715,half_life7,56,20.05692218675972,2025-09-26,2025-09-26
2025-09-28,45053.35570781428,1150.2415219626168,46203.59722977689,72642.24704270429,21750.20224234898,19575.18201811408,294.0324969897956,7273.630148792519,8428.291754873715,8428.291754873715,half_life7,56,20.05692218675972,2025-09-27,2025-09-27
2025-09-29,43126.35655210576,3706.4382658060294,46832.79481791179,70279.47674920844,21666.045806880345,19499.441226192313,801.8787876530617,6154.859356173471,8428.291754873715,8428.291754873715,half_life7,56,20.05692218675972,2025-09-28,2025-09-28
2025-09-30,44378.11239238216,3637.538514717437,48015.650907099596,71687.65220319369,21770.752805406417,19593.677524865787,831.8978475340139,4920.300003520406,8428.291754873715,8428.291754873715,half_life7,56,20.05692218675972,2025-09-29,2025-09-29
2025-10-01,44968.95512463528,146.35444164422643,45115.30956627951,72699.97236002854,21845.62749909501,19661.064749185512,67.25295960884364,20921.14103639456,8428.291754873715,8428.291754873715,half_life7,56,20.05692218675972,2025-09-30,2025-09-30
2025-10-02,41808.2227189768,253.15645359624818,42061.37917257305,66246.82411705512,17478.3143886726,19603.799434763743,98.23005074829871,16739.756097227895,8428.291754873715,4345.457691158426,half_life7,56,20.05692218675972,2025-10-01,2025-10-01
2025-10-03,17931.05286999672,36.426564907610825,17967.479434904333,33571.81368797054,14825.077789447358,13364.349952628469,19.08898801020422,24313.02113916186,4345.457691158426,4322.499616350314,half_life7,56,20.05692218675972,2025-10-02,2025-10-02
2025-10-04,19533.801707619583,348.8882148438513,19882.689922463433,37670.67917691903,19179.91352339584,13366.825743972007,90.16350646258479,18851.772470624455,4322.499616350314,8428.291754873715,half_life7,56,20.05692218675972,2025-10-03,2025-10-03
2025-10-05,40363.73734218355,264.1421793560288,40627.87952153958,66351.36263578251,21466.599134865985,19319.93922137939,120.30864760204065,9589.050303231292,8428.291754873715,8428.291754873715,half_life7,56,20.05692218675972,2025-10-04,2025-10-04
2025-10-06,39396.890971336485,1508.6884828731093,40905.5794542096,64967.95202725161,21243.664645305253,19119.298180774727,519.186067380951,5629.662380102041,8428.291754873715,8428.291754873715,half_life7,56,20.05692218675972,2025-10-05,2025-10-05
2025-10-07,39395.044368729585,1622.7068297803642,41017.75119850995,64765.32816528071,20974.72402865748,18877.251625791738,371.015521003402,5267.30828341837,8428.291754873715,8428.291754873715,half_life7,56,20.05692218675972,2025-10-06,2025-10-06
2025-10-08,37903.678967286,3414.770299595426,41318.44926688143,63121.48204535819,21049.687262935637,18944.718536642074,927.4839562755085,5465.50160867347,8428.291754873715,8428.291754873715,half_life7,56,20.05692218675972,2025-10-07,2025-10-07
2025-10-09,36802.10856042308,1579.5451239860963,38381.653684409175,59757.29689444551,16937.799943018785,18989.72443857327,364.81389156462615,6414.053598231292,8428.291754873715,4479.97254491866,half_life7,56,20.05692218675972,2025-10-08,2025-10-08
2025-10-10,16118.4415722884,1322.5859171752527,17441.027489463657,31532.58974156087,15213.96055443224,13562.034460451598,364.54873862244847,20901.60146953601,4479.97254491866,4617.563286534589,half_life7,56,20.05692218675972,2025-10-09,2025-10-09
2025-10-11,18349.07402347917,586.901105518944,18935.975128998114,36218.16106588351,19239.044797054194,13699.965866029828,142.12285824829908,16714.89140977411,4617.563286534589,8428.291754873715,half_life7,56,20.05692218675972,2025-10-10,2025-10-10
2025-10-12,39886.35195103913,2423.5978840481753,42309.949835087304,65428.35019112453,21161.317869408693,19045.186082467822,634.9510034693863,5432.213424319726,8428.291754873715,8428.291754873715,half_life7,56,20.05692218675972,2025-10-11,2025-10-11
2025-10-13,40699.740666862584,653.7896537193175,41353.5303205819,66564.92314450513,21177.16330049335,19059.446970444013,187.90492491496548,7607.716439370748,8428.291754873715,8428.291754873715,half_life7,56,20.05692218675972,2025-10-12,2025-10-12
2025-10-14,40658.53054668568,2464.1992279256674,43122.72977461135,66463.90296466951,21234.193620504684,19110.774258454217,616.0122258843528,4182.666545170063,8428.291754873715,8428.291754873715,half_life7,56,20.05692218675972,2025-10-13,2025-10-13
2025-10-15,39798.81893486329,6093.49644522039,45892.31538008368,65711.52924567102,21142.603726778303,19028.343354100478,1480.8122686734696,3158.0574916666646,8428.291754873715,8428.291754873715,half_life7,56,20.05692218675972,2025-10-14,2025-10-14
2025-10-16,39072.79729160911,6555.192801035527,45627.990092644635,63109.995705942114,17633.97956325688,19222.567096736533,1659.6425808503404,3391.7528702721083,8428.291754873715,4894.988811000386,half_life7,56,20.05692218675972,2025-10-15,2025-10-15
2025-10-17,16814.678645533066,888.9534348985801,17703.632080431642,32585.33164109035,15754.89668802067,14001.002792126768,239.231274455782,15066.469702985562,4894.988811000386,5083.0433782710925,half_life7,56,20.05692218675972,2025-10-16,2025-10-16
2025-10-18,18738.61844517575,388.72658880498284,19127.34503398073,36625.673407015405,19178.845530255254,14087.379714516224,151.18727566326532,15608.801600272973,5083.0433782710925,8428.291754873715,half_life7,56,20.05692218675972,2025-10-17,2025-10-17
2025-10-19,42696.31036395823,2797.902202409614,45494.212566367845,70220.72111630783,22371.944651003545,20134.750185903195,721.3926403401354,4819.196758214286,8428.291754873715,8428.291754873715,half_life7,56,20.05692218675972,2025-10-18,2025-10-18
2025-10-20,43800.84453987556,5078.315818892058,48879.16035876762,71531.70167236036,22391.60290353567,20152.44261318211,1069.400332040819,5921.159347380955,8428.291754873715,8428.291754873715,half_life7,56,20.05692218675972,2025-10-19,2025-10-19
2025-10-21,44533.393216604585,2657.079671691488,47190.47288829607,72582.56622807088,22356.664143293798,20120.99772896442,819.6435502210878,4703.962013962584,8428.291754873715,8428.291754873715,half_life7,56,20.05692218675972,2025-10-20,2025-10-20
2025-10-22,44042.97087655938,5225.007886246751,49267.97876280613,72522.2852484507,22467.082822772263,20220.37454049503,1043.3544114455794,5764.034677619047,8428.291754873715,8428.291754873715,half_life7,56,20.05692218675972,2025-10-21,2025-10-21
2025-10-23,43556.22390133303,1465.8130251362388,45022.03692646927,69999.3212501806,19087.3298461178,20190.84009513789,354.74158159863805,8078.0760474659855,8428.291754873715,5253.108593304573,half_life7,56,20.05692218675972,2025-10-22,2025-10-22
2025-10-24,17197.46041625186,1700.0645164446075,18897.52493269647,33102.35041427628,16101.68925666202,14342.459031063843,413.4517144727889,13336.521186484235,5253.108593304573,5410.232999561417,half_life7,56,20.05692218675972,2025-10-23,2025-10-23
2025-10-25,19175.19912490828,657.416927048026,19832.616051956305,37165.902306499534,19424.59679054437,14618.955177790034,178.20461911564593,13140.032579527513,5410.232999561417,8428.291754873715,half_life7,56,20.05692218675972,2025-10-24,2025-10-24
2025-10-26,45664.02031254074,410.6896861178043,46074.70999865855,73984.30076307172,22672.75504636345,20405.47954172711,160.80665836734653,7333.519900136054,8428.291754873715,8428.291754873715,half_life7,56,20.05692218675972,2025-10-25,2025-10-25
2025-10-27,45900.51942444197,1657.572115206176,47558.09153964814,74218.97126737822,22533.17768109512,20279.859912985612,454.0453366496606,8867.117169251702,8428.291754873715,8428.291754873715,half_life7,56,20.05692218675972,2025-10-26,2025-10-26
2025-10-28,45548.23221164161,1124.6967733450338,46672.92898498664,73813.40816754072,22272.781423196404,20045.503280876772,284.0238949829931,5897.732220204085,8428.291754873715,8428.291754873715,half_life7,56,20.05692218675972,2025-10-27,2025-10-27
2025-10-29,44366.908570538646,6887.696485489938,51254.60505602858,72321.55100531767,22088.6257358297,19879.763162246734,1976.817990884351,2777.249622619048,8428.291754873715,8428.291754873715,half_life7,56,20.05692218675972,2025-10-28,2025-10-28
2025-10-30,44395.41877911263,1482.5598448290589,45877.978623941686,71165.2419909127,19800.77823619425,20488.27008824752,406.9041416836726,7471.82033464966,8428.291754873715,5616.4264240996,half_life7,56,20.05692218675972,2025-10-29,2025-10-29
2025-10-31,17978.214560795324,857.0746493650001,18835.289210160325,34174.94245496034,16479.358879432235,14715.588723682891,192.87161219387804,8699.751844738208,5616.4264240996,5738.526463221353,half_life7,56,20.05692218675972,2025-10-30,2025-10-30
2025-11-01,19469.230250360753,550.8038074306962,20020.03405779145,37412.3329961159,19272.6643283486,14793.662487647174,234.3679963775503,10623.6607184587,5738.526463221353,8428.291754873715,half_life7,56,20.05692218675972,2025-10-31,2025-10-31
2025-11-02,47367.993521701275,1252.5926705438092,48620.586192245086,76701.25940930564,23229.322484723234,20906.390236250918,317.43922778911735,5899.382455289114,8428.291754873715,8428.291754873715,half_life7,56,20.05692218675972,2025-11-01,2025-11-01
2025-11-03,48051.96729652639,968.5264527899483,49020.49374931633,77500.7339031595,23655.149681302988,21289.634713172687,349.97811360544205,5980.266765301325,8428.291754873715,8428.291754873715,half_life7,56,20.05692218675972,2025-11-02,2025-11-02
2025-11-04,48169.02820920833,1413.6217619217177,49582.64997113004,78068.9889346544,23610.879620693653,21249.791658624286,339.97172062925176,8467.800659880952,8428.291754873715,8428.291754873715,half_life7,56,20.05692218675972,2025-11-03,2025-11-03
2025-11-05,48198.49224790219,787.1069600538102,48985.59920795601,77871.22867842045,23541.705993558353,21187.535394202518,276.41122477891156,6115.44923717687,8428.291754873715,8428.291754873715,half_life7,56,20.05692218675972,2025-11-04,2025-11-04
2025-11-06,46900.72760329538,4068.2876002039843,50969.01520349936,75050.45537360632,20961.023936375663,21095.078898376767,934.2923625047999,4749.218148112244,8428.291754873715,6077.499493408261,half_life7,56,20.05692218675972,2025-11-05,2025-11-05
2025-11-07,18976.21530463119,579.4711247152702,19555.68642934646,35775.521750047265,17097.165700350608,15371.762415740715,167.38170088435317,10899.038382988392,6077.499493408261,6094.034742428734,half_life7,56,20.05692218675972,2025-11-06,2025-11-06
2025-11-08,19886.668039284643,476.9855160831366,20363.653555367782,38249.79132494057,19724.406022488813,15537.494779176086,163.79945023809506,10435.472431865945,6094.034742428734,8428.291754873715,half_life7,56,20.05692218675972,2025-11-07,2025-11-07
2025-11-09,48862.92917468514,2483.7088807080468,51346.63805539318,78641.71268363588,23260.346221903023,20934.311599712724,671.0425817857152,5639.9034598979615,8428.291754873715,8428.291754873715,half_life7,56,20.05692218675972,2025-11-08,2025-11-08
2025-11-10,49267.22981914469,2008.6280892347106,51275.857908379396,79324.81714601873,23507.968937908314,21157.172044117484,562.7233829421765,3678.300535170072,8428.291754873715,8428.291754873715,half_life7,56,20.05692218675972,2025-11-09,2025-11-09
2025-11-11,49739.90885330376,293.3936431494611,50033.30249645322,79991.93250614242,23532.86082405242,21179.57474164718,92.47798040816281,6172.104737478672,8428.291754873715,8428.291754873715,half_life7,56,20.05692218675972,2025-11-10,2025-11-10
2025-11-12,49825.4957678429,1170.2707993609142,50995.76656720381,80056.38401396468,23486.547388796447,21137.8926499168,273.9810282142848,7025.722553299318,8428.291754873715,8428.291754873715,half_life7,56,20.05692218675972,2025-11-11,2025-11-11
2025-11-13,48857.3006156167,1896.8222989099281,50754.122914526626,77806.20746786954,21762.63085617071,21247.740691124287,554.0503532483004,5449.496339404756,8428.291754873715,6677.050930897299,half_life7,56,20.05692218675972,2025-11-12,2025-11-12
2025-11-14,19080.247433868506,398.87583447449083,19479.123268342995,35855.67509733373,17281.12845926973,15737.046386778127,141.0167768027215,6854.154501644854,6677.050930897299,6483.065463024567,half_life7,56,20.05692218675972,2025-11-13,2025-11-13
2025-11-15,19932.909868850682,517.8139613070484,20450.72383015773,38023.600971480635,19359.787430746564,15578.404993665885,179.96573630952355,6210.297354042813,6483.065463024567,8428.291754873715,half_life7,56,20.05692218675972,2025-11-14,2025-11-14
2025-11-16,50571.43466167785,2861.537688604166,53432.97235028201,81142.19770882484,24192.68419403076,21773.415774627683,746.9909765306118,5035.375882619046,8428.291754873715,8428.291754873715,half_life7,56,20.05692218675972,2025-11-15,2025-11-15
2025-11-17,51056.73012950846,666.1813833226088,51722.91151283107,81792.95830445598,24193.232178743536,21773.90896086918,204.68519814625802,6882.565951394557,8428.291754873715,8428.291754873715,half_life7,56,20.05692218675972,2025-11-16,2025-11-16
2025-11-18,50527.194059576046,2279.4976538297024,52806.69171340575,81078.15146540268,24088.779685999772,21679.901717399796,735.2690393197283,4513.990702789114,8428.291754873715,8428.291754873715,half_life7,56,20.05692218675972,2025-11-17,2025-11-17
2025-11-19,50789.46914723865,1649.2810665892086,52438.750213827865,81547.83680781955,24338.660669692137,21904.794602722926,458.7776104421789,4204.436751292515,8428.291754873715,8428.291754873715,half_life7,56,20.05692218675972,2025-11-18,2025-11-18
2025-11-20,50320.422717231224,1479.4464709988404,51799.86918823006,80239.63946940206,22734.915782210017,22006.958963369183,394.85113500000097,5113.457752227891,8428.291754873715,6799.155074006509,half_life7,56,20.05692218675972,2025-11-19,2025-11-19
2025-11-21,19538.264383209753,893.3143838440049,20431.578767053757,36799.96858416394,17565.451830414855,15875.422976914184,312.3942773979594,6557.949941394558,6799.155074006509,6729.0407063587345,half_life7,56,20.05692218675972,2025-11-20,2025-11-20
2025-11-22,20196.446629949052,1380.5044049118183,21576.951034860875,38701.04129910447,19424.1441608486,15869.678655842756,327.65340130952313,5254.399712074826,6729.0407063587345,8428.291754873715,half_life7,56,20.05692218675972,2025-11-21,2025-11-21
2025-11-23,51741.90743890774,2417.3643689521987,54159.27180785994,82981.21118072394,24404.2808640421,21963.852777637894,568.3703995408175,5877.057210527212,8428.291754873715,8428.291754873715,half_life7,56,20.05692218675972,2025-11-22,2025-11-22
2025-11-24,51890.72266478373,1172.3826205723453,53063.105285356076,83182.26700378515,24292.449746865226,21863.20477217871,319.5293008843536,6910.607629982991,8428.291754873715,8428.291754873715,half_life7,56,20.05692218675972,2025-11-23,2025-11-23
2025-11-25,51732.98939369178,1471.0591938527748,53204.048587544545,82966.42110967517,24430.57225304437,21987.515027739937,360.06251532313007,4714.765933027209,8428.291754873715,8428.291754873715,half_life7,56,20.05692218675972,2025-11-24,2025-11-24
2025-11-26,51867.89564990627,1010.2057142424151,52878.101364148686,83134.07337988303,24335.96183012298,21902.36564711068,292.0335352891159,4234.843848826531,8428.291754873715,8428.291754873715,half_life7,56,20.05692218675972,2025-11-25,2025-11-25
2025-11-27,51288.91363197737,1493.495862966879,52782.409494944244,81702.88079892774,23141.64136913367,22022.87070234878,392.06581770408167,5195.283216513609,8428.291754873715,7168.23639964091,half_life7,56,20.05692218675972,2025-11-26,2025-11-26
2025-11-28,19749.081013552048,1084.5053792635179,20833.586392815567,37476.54749936613,18065.566738185073,16260.411064057042,253.49394620748234,5003.647221445579,7168.23639964091,7166.759616299877,half_life7,56,20.05692218675972,2025-11-27,2025-11-27
2025-11-29,20487.098841749503,6567.097916795535,27054.19675854504,39293.32934490191,19550.078601169836,16398.27627123391,2062.523963792517,3274.6008787585033,7166.759616299877,8428.291754873715,half_life7,56,20.05692218675972,2025-11-28,2025-11-28
2025-11-30,53035.02060366054,2763.9504693883146,55798.97107304886,84758.6260192708,24869.145432163798,22382.23088894742,756.2113911734697,2783.094750561225,8428.291754873715,8428.291754873715,half_life7,56,20.05692218675972,2025-11-29,2025-11-29
2025-12-01,53631.70654725981,17089.493411165236,70721.19995842504,85791.40593721675,25217.143030500905,22695.42872745082,4653.680702465988,1624.44460329932,8428.291754873715,8428.291754873715,half_life7,56,20.05692218675972,2025-11-30,2025-11-30
2025-12-02,55697.60974862969,14340.780981945798,70038.39073057548,88632.19354480745,25730.619330557594,23157.55739750184,3763.5930079251702,1184.914669676871,8428.291754873715,8428.291754873715,half_life7,56,20.05692218675972,2025-12-01,2025-12-01
2025-12-03,58285.90738088031,3100.1080775255978,61386.015458405906,92222.3230465751,26137.807031057328,23524.0263279516,1029.1601023979574,3474.9538792006783,8428.291754873715,8428.291754873715,half_life7,56,20.05692218675972,2025-12-02,2025-12-02
2025-12-04,59602.38778695914,2795.544524086067,62397.9323110452,94162.39681058872,26137.807031057328,23524.026327951597,693.6299347959192,5471.037292278914,8428.291754873715,8428.291754873715,half_life7,56,20.05692218675972,2025-12-03,2025-12-03
2025-12-05,26431.926206304037,1094.499671426012,27526.42587773005,50700.633501358854,20428.481710017157,18385.633539015445,292.15153828231325,7638.309185306121,8428.291754873715,8428.291754873715,half_life7,56,20.05692218675972,2025-12-04,2025-12-04
2025-12-06,27558.95740310848,1843.0302446209153,29401.987647729395,52708.88635485743,20667.278493642363,18600.55064427813,527.0815428401351,7504.609231666665,8428.291754873715,8428.291754873715,half_life7,56,20.05692218675972,2025-12-05,2025-12-05
2025-12-07,62639.525260350376,1031.7252275836793,63671.250487934056,98324.93817526559,26137.807031057328,23524.0263279516,225.82826663265405,8284.304488792519,8428.291754873715,8428.291754873715,half_life7,56,20.05692218675972,2025-12-06,2025-12-06
2025-12-08,63537.9904278012,500.6268586691999,64038.6172864704,99678.30452842885,26137.807031057328,23524.0263279516,91.2329631972787,9308.545671853743,8428.291754873715,8428.291754873715,half_life7,56,20.05692218675972,2025-12-07,2025-12-07
2025-12-09,63155.72457403208,752.1850183171447,63907.90959234923,99112.1750517792,26137.807031057328,23524.0263279516,154.42505675170105,9264.365138758507,8428.291754873715,8428.291754873715,half_life7,56,20.05692218675972,2025-12-08,2025-12-08
2025-12-10,62265.9941949558,638.2914886011624,62904.28568355697,97854.42733994246,26137.807031057328,23524.0263279516,158.50213328231234,7011.530303452384,8428.291754873715,8428.291754873715,half_life7,56,20.05692218675972,2025-12-09,2025-12-09
2025-12-11,62013.639201608166,498.7946633074818,62512.43386491565,97339.10323262954,26137.807031057328,23524.0263279516,147.02653401360536,8911.094363537411,8428.291754873715,8428.291754873715,half_life7,56,20.05692218675972,2025-12-10,2025-12-10
2025-12-12,26520.396132306523,1494.5617505108737,28014.957882817398,50783.6908464363,20519.817103384503,18467.835393046058,511.11210678571365,5528.407759550237,8428.291754873715,8428.291754873715,half_life7,56,20.05692218675972,2025-12-11,2025-12-11
2025-12-13,26590.906974576923,1107.9296142357466,27698.836588812675,51134.57512028362,20492.406183694402,18443.16556532496,247.0628185544215,5533.863937135271,8428.291754873715,8428.291754873715,half_life7,56,20.05692218675972,2025-12-12,2025-12-12
2025-12-14,61390.43347811733,1391.7638907794567,62782.1973688968,96602.46924912614,26137.807031057328,23524.0263279516,335.9054985884354,5545.872244608845,8428.291754873715,8428.291754873715,half_life7,56,20.05692218675972,2025-12-13,2025-12-13
2025-12-15,62276.48097348705,1190.5184870831242,63466.99946057018,98066.45061710232,26137.807031057328,23524.026327951604,339.8399320748303,6322.951879404764,8428.291754873715,8428.291754873715,half_life7,56,20.05692218675972,2025-12-14,2025-12-14
2025-12-16,62255.663307163886,613.8996755979184,62869.56298276182,97889.16554956831,26137.807031057328,23524.0263279516,174.22149263605473,6031.515005765308,8428.291754873715,8428.291754873715,half_life7,56,20.05692218675972,2025-12-15,2025-12-15
2025-12-17,61853.0374099793,1652.0289098561343,63505.06631983543,97512.62875176218,26137.807031057328,23524.0263279516,408.6156240986404,7115.6166060884325,8428.291754873715,8428.291754873715,half_life7,56,20.05692218675972,2025-12-16,2025-12-16
2025-12-18,61471.67883345943,568.553294644483,62040.23212810392,96717.97343114993,26137.807031057328,23524.0263279516,213.21154506802782,6951.137306445579,8428.291754873715,8428.291754873715,half_life7,56,20.05692218675972,2025-12-17,2025-12-17
2025-12-19,26306.83436495046,1482.5324863174576,27789.36685126792,50604.450460901535,20378.75979888715,18340.883818998434,343.4009185034017,6001.584099516224,8428.291754873715,8428.291754873715,half_life7,56,20.05692218675972,2025-12-18,2025-12-18
2025-12-20,26117.94704564716,949.1733464470134,27067.120392094173,50285.77909751343,20374.28713193703,18336.85841874333,249.44691865646197,5641.4450529761925,8428.291754873715,8428.291754873715,half_life7,56,20.05692218675972,2025-12-19,2025-12-19
2025-12-21,60748.689081686265,2802.040094676843,63550.72917636311,95658.59361594585,26137.807031057328,23524.0263279516,800.8581599149655,4807.889206088434,8428.291754873715,8428.291754873715,half_life7,56,20.05692218675972,2025-12-20,2025-12-20
2025-12-22,61812.281069324,1096.911824283698,62909.19289360771,97356.41823985742,26137.807031057328,23524.0263279516,273.9485626530609,6079.159016071428,8428.291754873715,8428.291754873715,half_life7,56,20.05692218675972,2025-12-21,2025-12-21
2025-12-23,61515.560099166556,380.05375239078273,61895.61385155735,96772.7934200615,26137.807031057328,23524.0263279516,102.4935367176871,7003.413720340135,8428.291754873715,8428.291754873715,half_life7,56,20.05692218675972,2025-12-22,2025-12-22
2025-12-24,60394.6370824968,1343.5847764231876,61738.22185891999,95352.6903160649,26137.807031057328,23524.026327951604,344.4430002040814,5228.793296496598,8428.291754873715,8428.291754873715,half_life7,56,20.05692218675972,2025-12-23,2025-12-23
2025-12-25,60166.8697233924,1660.579829770863,61827.44955316326,94718.80835133701,26137.807031057328,23524.0263279516,607.4141574829943,4899.993272380951,8428.291754873715,8428.291754873715,half_life7,56,20.05692218675972,2025-12-24,2025-12-24
2025-12-26,25338.11055228091,1932.8518264986872,27270.962378779597,48788.561213456356,20347.50482418949,18312.754341770546,574.078411241496,4320.266708945581,8428.291754873715,8428.291754873715,half_life7,56,20.05692218675972,2025-12-25,2025-12-25
2025-12-27,25342.22388153441,1897.4104871252664,27239.634368659677,48950.78108325039,20535.837896449502,18482.254106804558,470.6445512414976,4029.0327781802725,8428.291754873715,8428.291754873715,half_life7,56,20.05692218675972,2025-12-26,2025-12-26
2025-12-28,59945.309429473724,1495.1125457982491,61440.42197527198,94546.87508290165,26137.807031057328,23524.0263279516,401.18132433673475,5525.020954132649,8428.291754873715,8428.291754873715,half_life7,56,20.05692218675972,2025-12-27,2025-12-27
2025-12-29,60609.923697140155,1127.0988861648252,61737.022583304984,95661.58919776558,26137.807031057328,23524.0263279516,262.12265127550904,5786.1648792687065,8428.291754873715,8428.291754873715,half_life7,56,20.05692218675972,2025-12-28,2025-12-28
2025-12-30,60185.41904497433,992.7830970701034,61178.202142044436,94999.4446993132,26137.807031057328,23524.0263279516,261.60764971088474,6422.869045918365,8428.291754873715,8428.291754873715,half_life7,56,20.05692218675972,2025-12-29,2025-12-29
2025-12-31,57993.20371691419,3912.130762995015,61905.334479909216,91225.58535352757,23578.16277478792,23524.0263279516,928.0768580366321,3453.102831394557,8428.291754873715,6000.0,half_life7,56,20.05692218675972,2025-12-30,2025-12-30
