date,planned_cost_yuan,increase_cost_yuan,cancellation_refund_yuan,breach_cost_yuan,adjustment_net_yuan,emergency_cost_yuan,total_cost_yuan,original_kwh,adjusted_kwh,increase_kwh,decrease_kwh,emergency_kwh,dump_kwh,charge_kwh,discharge_kwh,energy_start_kwh,energy_end_kwh,lp_eq_max,lp_ineq_max,max_tree_nodes,raw_simultaneous_slots
2025-02-01,16936.07343684993,0.0,0.0,0.0,0.0,903.0825583947205,17839.155995244648,38972.848582128965,38972.848582128965,0.0,0.0,283.07245813116907,6384.801392681375,14804.96691708118,16312.023202835753,6000.0,1200.0,9.094947017729282e-13,1.1368683772161603e-13,1,0
2025-02-02,61888.02407513654,0.0,0.0,0.0,0.0,1046.3169166264056,62934.34099176295,88896.09123147323,88896.09123147323,0.0,0.0,212.83251341883965,6084.924941549544,24566.951859697496,19899.231006354974,1200.0,1200.0,9.094947017729282e-13,1.1368683772161603e-13,1,0
2025-02-03,61144.161377412966,0.0,0.0,0.0,0.0,3814.6489894546803,64958.81036686765,86632.37200841407,86632.37200841407,0.0,0.0,879.3885982565388,2797.7943954321727,23668.682690728623,19171.632979490183,1200.0,1200.0,9.094947017729282e-13,1.1368683772161603e-13,1,0
2025-02-04,60614.202101060066,0.0,0.0,0.0,0.0,10085.628133502072,70699.83023456213,86004.97413737862,86004.97413737862,0.0,0.0,2098.5450660221786,2466.4231846121424,23380.1687830982,18937.93671430954,1200.0,1200.0,9.094947017729282e-13,1.1368683772161603e-13,1,0
2025-02-05,59936.28996654709,0.0,0.0,0.0,0.0,8718.40539751093,68654.69536405802,84902.16632677596,84902.16632677596,0.0,0.0,1950.5683512169824,1687.5194835413024,23246.253742727953,18829.465531609643,1200.0,1200.0,9.094947017729282e-13,1.1368683772161603e-13,1,0
2025-02-06,59932.656161204395,0.0,0.0,0.0,0.0,7344.208423510701,67276.8645847151,85061.75969365021,85061.75969365021,0.0,0.0,1609.718311512195,1848.6439471958734,23956.72021736768,19404.943376067822,1200.0,1200.0,9.094947017729282e-13,1.1368683772161603e-13,1,0
2025-02-07,16706.773697863275,0.0,0.0,0.0,0.0,3905.195216078531,20611.968913941804,39815.18236295591,39815.18236295591,0.0,0.0,1009.1324695281351,5352.668171228302,19294.56312941613,15628.596134827061,1200.0,1200.0,9.094947017729282e-13,1.1368683772161603e-13,1,0
2025-02-08,16165.56674563928,0.0,0.0,0.0,0.0,2823.252991821094,18988.819737460373,38838.52613924723,38838.52613924723,0.0,0.0,798.5279820801613,4330.824905010819,19626.66578763109,15897.599287981182,1200.0,1200.0,9.094947017729282e-13,1.1368683772161603e-13,1,0
2025-02-09,57826.03131119473,0.0,0.0,0.0,0.0,11643.619163887397,69469.65047508212,82867.56602686376,82867.56602686376,0.0,0.0,2639.637142463868,1543.700872762618,23200.45436788606,18792.36803798771,1200.0,1200.0,9.094947017729282e-13,1.1368683772161603e-13,1,0
2025-02-10,56943.61098512204,0.0,0.0,0.0,0.0,1919.477884362273,58863.088869484316,83762.93684051462,83762.93684051462,0.0,0.0,544.1675806003394,5509.898523882702,23529.306915257494,19058.73860135857,1200.0,1200.0,9.094947017729282e-13,1.1368683772161603e-13,1,0
2025-02-11,56655.97176841329,0.0,0.0,0.0,0.0,2393.7856181340494,59049.75738654734,82655.8953309913,82655.8953309913,0.0,0.0,544.5609181585332,3695.3941279510095,22549.81572560785,18265.350737742356,1200.0,1200.0,9.094947017729282e-13,1.1368683772161603e-13,1,0
2025-02-12,55669.430398323464,0.0,0.0,0.0,0.0,5034.829494891879,60704.25989321534,81824.49212542508,81824.49212542508,0.0,0.0,1089.856181059346,3382.608172800523,22447.389475529322,18182.38547517875,1200.0,1200.0,4.547473508864641e-13,1.1368683772161603e-13,1,0
2025-02-13,54880.67624107168,0.0,0.0,0.0,0.0,2231.2783741991725,57111.95461527085,81366.04758917901,81366.04758917901,0.0,0.0,684.6684739854938,6319.570379831173,23166.666666666668,18765.0,1200.0,1200.0,9.094947017729282e-13,1.1368683772161603e-13,1,0
2025-02-14,14998.688697532756,0.0,0.0,0.0,0.0,3587.847946013756,18586.53664354651,36051.55563304082,36051.55563304082,0.0,0.0,1264.6740758054516,3924.8056072110694,18892.7488682555,15303.12658328696,1200.0,1200.0,9.094947017729282e-13,1.1368683772161603e-13,1,0
2025-02-15,15214.536484806182,0.0,0.0,0.0,0.0,3059.6439498025297,18274.18043460871,35530.28539264265,35530.28539264265,0.0,0.0,1020.052479239419,3748.4659116588487,18535.6887380169,15013.907877793685,1200.0,1200.0,9.094947017729282e-13,1.1368683772161603e-13,1,0
2025-02-16,53015.986664724056,0.0,0.0,0.0,0.0,12194.934080618945,65210.920745343006,78315.36157070602,78315.36157070602,0.0,0.0,2772.1449618616757,1454.722118698303,22396.870072996848,18141.46475912745,1200.0,1200.0,9.094947017729282e-13,1.1368683772161603e-13,1,0
2025-02-17,52599.92935069314,0.0,0.0,0.0,0.0,2335.2753084913284,54935.20465918447,78275.2236483838,78275.2236483838,0.0,0.0,642.0959184466315,3460.5615820051935,22488.920095571477,18216.025277412897,1200.0,1200.0,9.094947017729282e-13,1.1368683772161603e-13,1,0
2025-02-18,51323.50150724,0.0,0.0,0.0,0.0,5456.395754626097,56779.8972618661,77674.82112789723,77674.82112789723,0.0,0.0,1194.5884505672434,2518.959847521597,22416.11551373449,18157.053566124938,1200.0,1200.0,9.094947017729282e-13,1.1368683772161603e-13,1,0
2025-02-19,51402.99026333227,0.0,0.0,0.0,0.0,9274.19340465697,60677.18366798923,77656.23174560802,77656.23174560802,0.0,0.0,2096.8656780419856,2633.1738666726524,22318.927229705365,18078.331056061346,1200.0,1200.0,2.2737367544323206e-13,1.1368683772161603e-13,1,0
2025-02-20,51986.86423227633,0.0,0.0,0.0,0.0,5222.393871024897,57209.25810330123,77760.75867432862,77760.75867432862,0.0,0.0,1141.0303634802772,3519.8360289619177,23099.048818492913,18710.229542979265,1200.0,1200.0,9.094947017729282e-13,1.1368683772161603e-13,1,0
2025-02-21,14927.415894351347,0.0,0.0,0.0,0.0,2384.0151721525417,17311.43106650389,35179.833019930215,35179.833019930215,0.0,0.0,767.5637511082759,6855.292832939827,18588.641604028104,15056.799699262767,1200.0,1200.0,9.094947017729282e-13,1.1368683772161603e-13,1,0
2025-02-22,14627.68257660234,0.0,0.0,0.0,0.0,3433.7401538310596,18061.422730433398,34486.709402502296,34486.709402502296,0.0,0.0,1057.0175436800823,4234.090420133977,18236.177066921417,14771.30342420635,1200.0,1200.0,4.547473508864641e-13,1.1368683772161603e-13,1,0
2025-02-23,50272.4375046501,0.0,0.0,0.0,0.0,8575.33547911928,58847.77298376938,76226.99625543374,76226.99625543374,0.0,0.0,2109.0140284113977,2299.7825596912176,23707.231793792533,19202.857752971948,1200.0,1200.0,9.094947017729282e-13,1.1368683772161603e-13,1,0
2025-02-24,49736.40596710672,0.0,0.0,0.0,0.0,3829.3082430612562,53565.71421016798,75641.21138080937,75641.21138080937,0.0,0.0,822.5267483874525,3921.7429649515734,22836.639724097837,18497.678176519246,1200.0,1200.0,4.547473508864641e-13,1.1368683772161603e-13,1,0
2025-02-25,48591.40191240769,0.0,0.0,0.0,0.0,3341.957796281976,51933.35970868966,75211.78023772611,75211.78023772611,0.0,0.0,825.7087991266502,5889.684212486806,22770.955742276914,18444.4741512443,1200.0,1200.0,9.094947017729282e-13,1.1368683772161603e-13,1,0
2025-02-26,48744.95917600769,0.0,0.0,0.0,0.0,6548.476552714862,55293.43572872256,74275.19123946413,74275.19123946413,0.0,0.0,1528.2321697895418,2720.9540081140526,22461.165093717318,18193.54372591103,1200.0,1200.0,1.8189894035458565e-12,1.1368683772161603e-13,1,0
2025-02-27,47387.69754096326,0.0,0.0,0.0,0.0,6152.212515641324,53539.91005660458,73991.00099664294,73991.00099664294,0.0,0.0,1176.5662336578844,4014.1601116436877,22088.541677142828,17891.718758485695,1200.0,1200.0,9.094947017729282e-13,1.1368683772161603e-13,1,0
2025-02-28,14024.65291783528,0.0,0.0,0.0,0.0,1894.2021275043587,15918.855045339638,33947.19556659946,33947.19556659946,0.0,0.0,634.6658708912166,7943.9321484228185,17607.030205620307,14261.694466552448,1200.0,1200.0,9.094947017729282e-13,1.1368683772161603e-13,1,0
2025-03-01,13627.260958617362,0.0,0.0,0.0,0.0,2517.7054355311484,16144.966394148512,33233.94350650972,33233.94350650972,0.0,0.0,770.0571034244758,7074.470080103485,17214.550507880955,13943.785911383578,1200.0,1200.0,1.8189894035458565e-12,1.1368683772161603e-13,1,0
2025-03-02,46461.62348421604,0.0,0.0,0.0,0.0,28825.00564829555,75286.62913251159,71623.06695501124,71623.06695501124,0.0,0.0,6567.061203853646,1662.8057869183194,21942.185817262605,17773.17051198271,1200.0,1200.0,9.094947017729282e-13,1.1368683772161603e-13,1,0
2025-03-03,46534.017007162096,0.0,0.0,0.0,0.0,25078.808356595964,71612.82536375805,72247.89008565038,72247.89008565038,0.0,0.0,5509.23555017557,1448.3953923802146,22587.28215848635,18295.69854837394,1200.0,1200.0,9.094947017729282e-13,1.1368683772161603e-13,1,0
2025-03-04,47344.23192314802,0.0,0.0,0.0,0.0,8117.2454786751205,55461.47740182314,73022.13043401283,73022.13043401283,0.0,0.0,2072.5550655870593,1633.886083885088,22428.1130651656,18166.77158278414,1200.0,1200.0,9.094947017729282e-13,1.1368683772161603e-13,1,0
2025-03-05,47071.60933633129,0.0,0.0,0.0,0.0,2930.232080525844,50001.84141685713,74208.33480664744,74208.33480664744,0.0,0.0,686.2912873496689,4202.876797870014,24006.722523475953,19445.44524401552,1200.0,1200.0,9.094947017729282e-13,1.1368683772161603e-13,1,0
2025-03-06,46799.02132170101,0.0,0.0,0.0,0.0,3313.7083439928556,50112.72966569386,73507.5739910584,73507.5739910584,0.0,0.0,836.3689147439015,3877.790082320411,23818.41415867659,19292.915468528037,1200.0,1200.0,9.094947017729282e-13,1.1368683772161603e-13,1,0
2025-03-07,13260.409220396665,0.0,0.0,0.0,0.0,1031.9083988158714,14292.317619212536,32171.739201364853,32171.739201364853,0.0,0.0,432.05887407081053,8412.357966414093,17206.0767141486,13936.922138460362,1200.0,1200.0,1.8189894035458565e-12,1.1368683772161603e-13,1,0
2025-03-08,12956.859149194599,0.0,0.0,0.0,0.0,1820.6425233974733,14777.501672592074,31442.948546186144,31442.948546186144,0.0,0.0,681.8461992469574,9947.418268915946,16390.720841318376,13276.483881467886,1200.0,1200.0,9.094947017729282e-13,1.1368683772161603e-13,1,0
2025-03-09,45075.0067485484,0.0,0.0,0.0,0.0,2474.0107895796214,47549.01753812802,72246.43799365689,72246.43799365689,0.0,0.0,621.3830617970046,5072.996311209967,23480.52470654698,19019.22501230305,1200.0,1200.0,9.094947017729282e-13,1.1368683772161603e-13,1,0
2025-03-10,45439.82270923609,0.0,0.0,0.0,0.0,14180.048572553293,59619.87128178938,70652.3583808339,70652.3583808339,0.0,0.0,3673.1637508017793,1875.1854888633804,23201.39575143312,18793.130558660825,1200.0,1200.0,9.094947017729282e-13,1.1368683772161603e-13,1,0
2025-03-11,44766.57903973935,0.0,0.0,0.0,0.0,5095.390143063038,49861.969182802386,70818.7962724927,70818.7962724927,0.0,0.0,1239.7239792551436,3739.9122325318676,23050.99589061046,18671.30667139447,1200.0,1200.0,9.094947017729282e-13,1.1368683772161603e-13,1,0
2025-03-12,43851.49421919666,0.0,0.0,0.0,0.0,3242.344401548595,47093.83862074526,70401.1710210531,70401.1710210531,0.0,0.0,881.829360781971,4512.379825291935,22816.241437946308,18481.155564736502,1200.0,1200.0,4.547473508864641e-13,1.1368683772161603e-13,1,0
2025-03-13,44426.05135943908,0.0,0.0,0.0,0.0,17935.798030630656,62361.84939006972,69644.74996236603,69644.74996236603,0.0,0.0,4247.698501718615,2094.7411620424436,22379.417291450154,18127.328006074626,1200.0,1200.0,9.094947017729282e-13,1.1368683772161603e-13,1,0
2025-03-14,12507.234067967704,0.0,0.0,0.0,0.0,1603.3633565839355,14110.597424551637,30900.89843797784,30900.89843797784,0.0,0.0,535.9006392312931,12425.381699209189,15694.691550876933,12712.700156210321,1200.0,1200.0,9.094947017729282e-13,1.1368683772161603e-13,1,0
2025-03-15,12672.532131661308,0.0,0.0,0.0,0.0,3343.6586466457275,16016.190778307036,30434.168114295062,30434.168114295062,0.0,0.0,1091.500305467688,7702.834925702835,15256.35970557851,12357.651361518596,1200.0,1200.0,9.094947017729282e-13,1.1368683772161603e-13,1,0
2025-03-16,43054.804886745536,0.0,0.0,0.0,0.0,6747.73084417696,49802.53573092249,69210.8378815807,69210.8378815807,0.0,0.0,1638.5025969145593,3323.2063698845577,21974.143027775586,17799.05585249822,1200.0,1200.0,9.094947017729282e-13,1.1368683772161603e-13,1,0
2025-03-17,42107.46798745875,0.0,0.0,0.0,0.0,1526.089890504511,43633.55787796326,69265.76913487121,69265.76913487121,0.0,0.0,414.7723548607968,7680.569504702077,21799.160798403103,17657.320246706513,1200.0,1200.0,4.547473508864641e-13,1.1368683772161603e-13,1,0
2025-03-18,41910.967249576526,0.0,0.0,0.0,0.0,7501.069827317976,49412.037076894514,68013.3021112979,68013.3021112979,0.0,0.0,1501.163606140872,4257.634933848263,21741.43377328346,17610.5613563596,1200.0,1200.0,4.547473508864641e-13,1.1368683772161603e-13,1,0
2025-03-19,41427.71119302585,0.0,0.0,0.0,0.0,3929.1804471653218,45356.89164019117,67965.03346597636,67965.03346597636,0.0,0.0,840.8347467104768,5195.735968573063,21814.009442704104,17669.347648590323,1200.0,1200.0,9.094947017729282e-13,1.1368683772161603e-13,1,0
2025-03-20,41845.73004461088,0.0,0.0,0.0,0.0,6671.825409475513,48517.55545408639,67266.50722864669,67266.50722864669,0.0,0.0,1644.5998938306748,2553.1837632120205,21836.639697887793,17687.678155289115,1200.0,1200.0,9.094947017729282e-13,1.1368683772161603e-13,1,0
2025-03-21,11705.0104461285,0.0,0.0,0.0,0.0,2178.8630761910663,13883.873522319564,29562.374859360392,29562.374859360392,0.0,0.0,724.1402653344662,15374.34757089916,15151.068616468605,12272.36557933957,1200.0,1200.0,9.094947017729282e-13,1.1368683772161603e-13,1,0
2025-03-22,11792.834247793999,0.0,0.0,0.0,0.0,1476.5996687297834,13269.433916523783,29397.258375488724,29397.258375488724,0.0,0.0,644.5844150255098,11352.825917959188,14777.984943272164,11970.167804050454,1200.0,1200.0,9.094947017729282e-13,1.1368683772161603e-13,1,0
2025-03-23,39347.91989770589,0.0,0.0,0.0,0.0,7867.747628771633,47215.667526477526,64784.43904044885,64784.43904044885,0.0,0.0,1998.9461949064637,3893.161128128052,21686.863108213656,17566.35911765306,1200.0,1200.0,4.547473508864641e-13,1.1368683772161603e-13,1,0
2025-03-24,39223.84484695389,0.0,0.0,0.0,0.0,5067.49628235702,44291.34112931091,64389.89171047024,64389.89171047024,0.0,0.0,1385.3491182792607,3685.999364586823,21530.233583312336,17439.48920248299,1200.0,1200.0,4.547473508864641e-13,1.1368683772161603e-13,1,0
2025-03-25,39327.08760449454,0.0,0.0,0.0,0.0,10045.358372245211,49372.44597673975,64689.69898210722,64689.69898210722,0.0,0.0,2670.8089854648533,2311.408621585886,21573.550680629043,17474.576051309523,1200.0,1200.0,1.8189894035458565e-12,1.1368683772161603e-13,1,0
2025-03-26,39323.22477444357,0.0,0.0,0.0,0.0,1984.330045266789,41307.55481971036,65156.5924784432,65156.5924784432,0.0,0.0,566.7996626473908,6027.412593745749,21596.972003569324,17493.547322891158,1200.0,1200.0,4.547473508864641e-13,1.1368683772161603e-13,1,0
2025-03-27,38905.918277912075,0.0,0.0,0.0,0.0,5431.387147519523,44337.305425431594,64480.02776437175,64480.02776437175,0.0,0.0,1423.141080167233,3094.3265472378143,21536.06788053246,17444.214983231293,1200.0,1200.0,1.8189894035458565e-12,1.1368683772161603e-13,1,0
2025-03-28,11547.759491423267,0.0,0.0,0.0,0.0,1998.7923176035922,13546.55180902686,29044.306358622172,29044.306358622172,0.0,0.0,655.5143906831054,16070.833978690473,14774.24212604281,11967.136122094671,1200.0,1200.0,9.094947017729282e-13,1.1368683772161603e-13,1,0
2025-03-29,11590.873542568503,0.0,0.0,0.0,0.0,2137.4802367208486,13728.353779289351,28814.06171865457,28814.06171865457,0.0,0.0,689.5816081462583,19041.977940736964,14497.137909108089,11742.68170637755,1200.0,1200.0,4.547473508864641e-13,1.1368683772161603e-13,1,0
2025-03-30,37051.24775425317,0.0,0.0,0.0,0.0,4311.4477771942875,41362.695531447454,62172.81383842447,62172.81383842447,0.0,0.0,1146.0448743140582,3913.455480374152,21367.28174928614,17307.498216921762,1200.0,1200.0,9.094947017729282e-13,1.1368683772161603e-13,1,0
2025-03-31,37024.32357469672,0.0,0.0,0.0,0.0,11814.610502660442,48838.93407735716,61474.03918797641,61474.03918797641,0.0,0.0,3022.5657011904764,3482.7936548979587,21381.167110187285,17318.7453592517,1200.0,1200.0,1.8189894035458565e-12,1.1368683772161603e-13,1,0
2025-04-01,37935.91312761215,0.0,0.0,0.0,0.0,16646.68048305049,54582.59361066264,61473.36543857794,61473.36543857794,0.0,0.0,4843.970592874151,2042.2883220691624,21401.032593243468,17334.83640052721,1200.0,1200.0,9.094947017729282e-13,1.1368683772161603e-13,1,0
2025-04-02,37400.96866661146,0.0,0.0,0.0,0.0,19178.303172491094,56579.271839102556,61916.50400459961,61916.50400459961,0.0,0.0,4694.538639897956,2107.522892619046,21411.496588834296,17343.312236955782,1200.0,1200.0,1.8189894035458565e-12,1.1368683772161603e-13,1,0
2025-04-03,38266.39269382931,0.0,0.0,0.0,0.0,5202.714768660319,43469.10746248963,63015.67137205259,63015.67137205259,0.0,0.0,1198.7980321088426,4270.325554965989,21476.913592256657,17396.300009727885,1200.0,1200.0,9.094947017729282e-13,1.1368683772161603e-13,1,0
2025-04-04,11053.047399031566,0.0,0.0,0.0,0.0,1379.920136610086,12432.96753564165,28365.426314443815,28365.426314443815,0.0,0.0,454.93170450680316,19681.45587239796,14253.157350277148,11545.05745372449,1200.0,1200.0,9.094947017729282e-13,1.1368683772161603e-13,1,0
2025-04-05,11399.170499714515,0.0,0.0,0.0,0.0,1733.0549172469896,13132.225416961504,28591.108157360377,28591.108157360377,0.0,0.0,608.1270694557813,14461.522779829931,14176.828756067858,11483.231292414968,1200.0,1200.0,1.8189894035458565e-12,1.1368683772161603e-13,1,0
2025-04-06,37798.27097330685,0.0,0.0,0.0,0.0,2340.5158041828818,40138.78677748973,62781.83010886768,62781.83010886768,0.0,0.0,596.5284988435371,4890.332172823129,21462.89562221802,17384.945453996595,1200.0,1200.0,4.547473508864641e-13,1.1368683772161603e-13,1,0
2025-04-07,37144.44687086947,0.0,0.0,0.0,0.0,2782.464042326522,39926.910913196,62268.1722250527,62268.1722250527,0.0,0.0,836.8681208843536,5791.638394880952,21424.64561959352,17353.962951870748,1200.0,1200.0,1.8189894035458565e-12,1.1368683772161603e-13,1,0
2025-04-08,36450.953341839486,0.0,0.0,0.0,0.0,6063.711081814497,42514.66442365397,61747.83722344713,61747.83722344713,0.0,0.0,1362.4636632653057,4686.955955442176,21421.849024229447,17351.69770962585,1200.0,1200.0,9.094947017729282e-13,1.1368683772161603e-13,1,0
2025-04-09,36616.71530071483,0.0,0.0,0.0,0.0,14015.771828989658,50632.48712970449,61089.68668181363,61089.68668181363,0.0,0.0,3872.684043333333,1767.7108803911556,21370.256989942893,17309.90816185374,1200.0,1200.0,1.8189894035458565e-12,1.1368683772161603e-13,1,0
2025-04-10,36899.99455223761,0.0,0.0,0.0,0.0,5537.228621832027,42437.22317406963,61698.43710313092,61698.43710313092,0.0,0.0,1236.5004718877556,4397.622645918367,21456.19489000168,17379.517860901364,1200.0,1200.0,9.094947017729282e-13,1.1368683772161603e-13,1,0
2025-04-11,10919.757576013577,0.0,0.0,0.0,0.0,2138.5233527918203,13058.280928805398,27756.46471109117,27756.46471109117,0.0,0.0,689.9905487244894,20459.431034897956,14054.600306584365,11384.226248333332,1200.0,1200.0,9.094947017729282e-13,1.1368683772161603e-13,1,0
2025-04-12,10851.731105083036,0.0,0.0,0.0,0.0,1132.382581461105,11984.11368654414,28122.744179821115,28122.744179821115,0.0,0.0,360.9400601530625,16806.017634812924,13960.558185059206,11308.052129897958,1200.0,1200.0,9.094947017729282e-13,1.1368683772161603e-13,1,0
2025-04-13,36437.31869148156,0.0,0.0,0.0,0.0,4146.3158636482785,40583.63455512984,60578.701131005495,60578.701131005495,0.0,0.0,1075.9497548809532,3310.438642704079,21409.756630784414,17341.902870935373,1200.0,1200.0,9.094947017729282e-13,1.1368683772161603e-13,1,0
2025-04-14,35624.376842318205,0.0,0.0,0.0,0.0,3734.709322825395,39359.086165143606,60033.979571029864,60033.979571029864,0.0,0.0,1071.1478415986398,4518.44404727891,21361.32402815571,17302.67246280612,1200.0,1200.0,9.094947017729282e-13,1.1368683772161603e-13,1,0
2025-04-15,35458.08686440326,0.0,0.0,0.0,0.0,3936.4611910747317,39394.548055477986,60507.29457052406,60507.29457052406,0.0,0.0,920.2144480952411,7233.578179353743,21339.484241748552,17284.982235816326,1200.0,1200.0,1.8189894035458565e-12,1.1368683772161603e-13,1,0
2025-04-16,35883.94594319181,0.0,0.0,0.0,0.0,6933.354820234419,42817.30076342623,59870.508936518025,59870.508936518025,0.0,0.0,2113.1982495238094,2207.3504079931963,21035.604358150675,17038.83953010204,1200.0,1200.0,1.8189894035458565e-12,1.1368683772161603e-13,1,0
2025-04-17,35319.57013009091,0.0,0.0,0.0,0.0,3661.3399569584412,38980.91008704936,59737.66986984988,59737.66986984988,0.0,0.0,877.556280408163,3783.5516816156455,20859.642729696818,16896.31061105442,1200.0,1200.0,1.8189894035458565e-12,1.1368683772161603e-13,1,0
2025-04-18,10513.865172040874,0.0,0.0,0.0,0.0,919.5411106042094,11433.406282645085,26916.78597680566,26916.78597680566,0.0,0.0,401.73713447278914,18369.40417212585,13657.903977996139,11062.902222176872,1200.0,1200.0,2.2737367544323206e-13,1.1368683772161603e-13,1,0
2025-04-19,10493.553971386595,0.0,0.0,0.0,0.0,1314.026259323835,11807.580230710428,26814.60050378895,26814.60050378895,0.0,0.0,522.9683589455783,17992.995997295922,13473.124291782142,10913.230676343537,1200.0,1200.0,9.094947017729282e-13,1.1368683772161603e-13,1,0
2025-04-20,34812.777792352135,0.0,0.0,0.0,0.0,4337.395102233182,39150.17289458532,59119.43378370791,59119.43378370791,0.0,0.0,1058.959228435376,4238.3909788945575,20959.2481574494,16976.991007534012,1200.0,1200.0,9.094947017729282e-13,1.1368683772161603e-13,1,0
2025-04-21,34062.02140267991,0.0,0.0,0.0,0.0,2876.067751138353,36938.08915381826,58742.22101824956,58742.22101824956,0.0,0.0,830.8140847278908,7063.668126683671,21012.929436633916,17020.472843673473,1200.0,1200.0,1.8189894035458565e-12,1.1368683772161603e-13,1,0
2025-04-22,34652.03237215796,0.0,0.0,0.0,0.0,4844.856565653527,39496.88893781148,58476.30639946105,58476.30639946105,0.0,0.0,1525.9531426020405,3895.9615333333363,20807.203642437227,16853.83495037415,1200.0,1200.0,9.094947017729282e-13,1.1368683772161603e-13,1,0
2025-04-23,35198.075630520805,0.0,0.0,0.0,0.0,2946.366823085159,38144.44245360597,58947.69383021857,58947.69383021857,0.0,0.0,894.7542435374144,4501.514465255103,20742.194167548507,16801.177275714286,1200.0,1200.0,9.094947017729282e-13,1.1368683772161603e-13,1,0
2025-04-24,34493.90215291392,0.0,0.0,0.0,0.0,2341.0958790599125,36834.99803197383,58535.51414743534,58535.51414743534,0.0,0.0,463.1778071598652,7968.797394523814,20735.72557932309,16795.9377192517,1200.0,1200.0,9.094947017729282e-13,1.1368683772161603e-13,1,0
2025-04-25,9755.593161183311,0.0,0.0,0.0,0.0,1359.6511160613354,11115.244277244645,26024.657330454145,26024.657330454145,0.0,0.0,379.99676406462584,21905.048751530612,13153.935226253465,10654.687533265307,1200.0,1200.0,4.547473508864641e-13,1.1368683772161603e-13,1,0
2025-04-26,10047.257094226652,0.0,0.0,0.0,0.0,2074.1441811531263,12121.401275379778,26033.42848719913,26033.42848719913,0.0,0.0,676.5247949829923,24175.539886122453,12969.57769855967,10505.357935833334,1200.0,1200.0,9.094947017729282e-13,1.1368683772161603e-13,1,0
2025-04-27,32298.453054987804,0.0,0.0,0.0,0.0,7983.953518690047,40282.40657367785,55253.838038409755,55253.838038409755,0.0,0.0,1927.584874914967,4862.490590969387,19712.953363273708,15967.4922242517,1200.0,1200.0,9.094947017729282e-13,1.1368683772161603e-13,1,0
2025-04-28,32874.20343311686,0.0,0.0,0.0,0.0,25648.229400975568,58522.43283409243,54991.69177345553,54991.69177345553,0.0,0.0,6622.233947687076,1261.119832755102,19635.992482741243,15905.153911020408,1200.0,1200.0,9.094947017729282e-13,1.1368683772161603e-13,1,0
2025-04-29,32977.39544155047,0.0,0.0,0.0,0.0,4843.640693283283,37821.03613483376,56310.06922424877,56310.06922424877,0.0,0.0,1243.3694278231296,6376.987107772111,19701.25172438482,15958.013896751701,1200.0,1200.0,9.094947017729282e-13,1.1368683772161603e-13,1,0
2025-04-30,32708.71246597517,0.0,0.0,0.0,0.0,6413.454451061318,39122.16691703649,55702.25263453284,55702.25263453284,0.0,0.0,1997.9384588095234,5757.310804506801,19400.13608159066,15714.110226088438,1200.0,1200.0,1.8189894035458565e-12,1.1368683772161603e-13,1,0
2025-05-01,33452.66478971665,0.0,0.0,0.0,0.0,18205.012940825436,51657.677730542084,55013.70472151991,55013.70472151991,0.0,0.0,3932.3899192517,4255.441203010203,19364.603356638952,15685.32871887755,1200.0,1200.0,1.8189894035458565e-12,1.1368683772161603e-13,1,0
2025-05-02,10609.180066733843,0.0,0.0,0.0,0.0,11893.817734638993,22502.997801372836,25949.669958485556,25949.669958485556,0.0,0.0,3453.4224798299338,12684.192930850344,12781.996969114802,10353.41754498299,1200.0,1200.0,4.547473508864641e-13,1.1368683772161603e-13,1,0
2025-05-03,10995.560575175785,0.0,0.0,0.0,0.0,6688.910197831292,17684.470773007077,26854.798726267112,26854.798726267112,0.0,0.0,1649.3898612755104,17198.389758418365,12834.87989012766,10396.2527110034,1200.0,1200.0,9.094947017729282e-13,1.1368683772161603e-13,1,0
2025-05-04,36470.11320192001,0.0,0.0,0.0,0.0,7208.877536193806,43678.99073811382,59465.52358392353,59465.52358392353,0.0,0.0,1867.447351972788,5793.366607976188,20025.984182035783,16221.047187448981,1200.0,1200.0,9.094947017729282e-13,1.1368683772161603e-13,1,0
2025-05-05,37225.962732628075,0.0,0.0,0.0,0.0,10563.296706604247,47789.25943923232,60733.10518313115,60733.10518313115,0.0,0.0,2379.7259711054394,4325.250879931973,19534.597233182165,15823.023758877549,1200.0,1200.0,4.547473508864641e-13,1.1368683772161603e-13,1,0
2025-05-06,37631.85850888102,0.0,0.0,0.0,0.0,7641.748524729519,45273.60703361055,60564.964921323175,60564.964921323175,0.0,0.0,1843.4588304081642,5796.851878163263,19692.050036323173,15950.56052942177,1200.0,1200.0,9.094947017729282e-13,1.1368683772161603e-13,1,0
2025-05-07,38052.36226289425,0.0,0.0,0.0,0.0,7009.608181287849,45061.970444182094,61474.52822556522,61474.52822556522,0.0,0.0,1593.9405368027235,4164.053063860543,20192.472360565218,16355.902612057822,1200.0,1200.0,1.8189894035458565e-12,1.1368683772161603e-13,1,0
2025-05-08,39259.351500203804,0.0,0.0,0.0,0.0,6754.087600972348,46013.43910117615,62464.25210202381,62464.25210202381,0.0,0.0,1963.6505976530616,4654.72618761905,20771.916379251703,16825.25226719388,1200.0,1200.0,9.094947017729282e-13,1.1368683772161603e-13,1,0
2025-05-09,12507.15388148697,0.0,0.0,0.0,0.0,1157.674382660086,13664.828264147054,29162.722576577435,29162.722576577435,0.0,0.0,418.4088261734698,18610.260776037416,13007.814614281515,10536.329837568028,1200.0,1200.0,9.094947017729282e-13,1.1368683772161603e-13,1,0
2025-05-10,12386.664172625226,0.0,0.0,0.0,0.0,1668.7630109863367,14055.427183611562,28731.648710159992,28731.648710159992,0.0,0.0,588.8361787925177,14740.504262704078,12941.764962711011,10482.829619795913,1200.0,1200.0,9.094947017729282e-13,1.1368683772161603e-13,1,0
2025-05-11,38342.47431480569,0.0,0.0,0.0,0.0,6052.963333547079,44395.43764835276,62486.544606558746,62486.544606558746,0.0,0.0,1663.3726816156452,4650.213972464093,21134.864380931387,17119.24014855442,1200.0,1200.0,9.094947017729282e-13,1.1368683772161603e-13,1,0
2025-05-12,39061.94833203188,0.0,0.0,0.0,0.0,5950.422561322179,45012.37089335406,63445.51390295222,63445.51390295222,0.0,0.0,1742.0817634523792,9263.071864455782,21017.518782186737,17024.19021357126,1200.0,1200.0,9.094947017729282e-13,1.1368683772161603e-13,1,0
2025-05-13,38143.22170526613,0.0,0.0,0.0,0.0,2337.781908012949,40481.00361327908,62202.26569540229,62202.26569540229,0.0,0.0,616.0284303741493,5907.649151479593,19902.274777000926,16120.84256937075,1200.0,1200.0,1.8189894035458565e-12,1.1368683772161603e-13,1,0
2025-05-14,37866.13027972221,0.0,0.0,0.0,0.0,2597.709408934659,40463.839688656866,62725.284754709,62725.284754709,0.0,0.0,747.4893763605437,6694.3296304421765,19812.082722600157,16047.787005306123,1200.0,1200.0,4.547473508864641e-13,1.1368683772161603e-13,1,0
2025-05-15,38720.85115049914,0.0,0.0,0.0,0.0,3982.0294180217243,42702.880568520864,62687.155692818924,62687.155692818924,0.0,0.0,1062.5303529931991,7248.144801190474,19665.699796254303,15929.216834965986,1200.0,1200.0,1.8189894035458565e-12,1.1368683772161603e-13,1,0
2025-05-16,11728.162655965385,0.0,0.0,0.0,0.0,1691.3914274514896,13419.554083416875,27871.14444240573,27871.14444240573,0.0,0.0,597.245175578232,23341.31279579932,12692.475204480555,10280.90491562925,1200.0,1200.0,9.094947017729282e-13,5.684341886080802e-14,1,0
2025-05-17,11640.826635225094,0.0,0.0,0.0,0.0,3864.5837425662467,15505.410377791339,27635.64806313324,27635.64806313324,0.0,0.0,1130.6152164625844,15914.289292414116,12648.288967623033,10245.11406377466,1200.0,1200.0,4.547473508864641e-13,1.1368683772161603e-13,1,0
2025-05-18,36964.02064686726,0.0,0.0,0.0,0.0,6223.8379961989085,43187.85864306617,60372.9542571479,60372.9542571479,0.0,0.0,1821.9573919557818,5032.222457823132,18350.111006739735,14863.589915459184,1200.0,1200.0,9.094947017729282e-13,1.1368683772161603e-13,1,0
2025-05-19,36128.636836655256,0.0,0.0,0.0,0.0,2876.201058228005,39004.83789488326,60472.3464411107,60472.3464411107,0.0,0.0,542.1047482312918,10002.742584982996,18402.589759784165,14906.097705425173,1200.0,1200.0,9.094947017729282e-13,1.1368683772161603e-13,1,0
2025-05-20,36026.85928095864,0.0,0.0,0.0,0.0,7545.430956501556,43572.2902374602,59702.06390437936,59702.06390437936,0.0,0.0,1858.806928418369,3375.912057738093,19250.336623120857,15592.772664727892,1200.0,1200.0,9.094947017729282e-13,1.1368683772161603e-13,1,0
2025-05-21,36659.10488630168,0.0,0.0,0.0,0.0,6346.501381809812,43005.6062681115,60395.62204814982,60395.62204814982,0.0,0.0,1611.9831667346953,6998.0935935884345,19194.191252435543,15547.29491447279,1200.0,1200.0,9.094947017729282e-13,1.1368683772161603e-13,1,0
2025-05-22,36794.981416860275,0.0,0.0,0.0,0.0,1878.6742668387628,38673.655683699035,60223.192567830265,60223.192567830265,0.0,0.0,500.51634440476306,6299.042298809526,18989.66208820442,15381.62629144558,1200.0,1200.0,1.8189894035458565e-12,1.1368683772161603e-13,1,0
2025-05-23,11344.937915734376,0.0,0.0,0.0,0.0,1142.5054989639898,12487.443414698366,27161.096362521203,27161.096362521203,0.0,0.0,458.7020775170072,18864.08696510204,12288.22416633073,9953.461574727891,1200.0,1200.0,1.8189894035458565e-12,1.1368683772161603e-13,1,0
2025-05-24,11730.731028267153,0.0,0.0,0.0,0.0,1437.873226744039,13168.604255011194,27323.111912371292,27323.111912371292,0.0,0.0,547.1342213435374,21770.912641258506,12341.221626963128,9996.389517840136,1200.0,1200.0,9.094947017729282e-13,1.1368683772161603e-13,1,0
2025-05-25,36280.90852224786,0.0,0.0,0.0,0.0,2717.698264648329,38998.6067868962,59620.24971642101,59620.24971642101,0.0,0.0,603.0632762414973,8047.866776547618,19107.55806727135,15477.122034489794,1200.0,1200.0,4.547473508864641e-13,1.1368683772161603e-13,1,0
2025-05-26,35617.62103577451,0.0,0.0,0.0,0.0,10677.083404319696,46294.70444009421,58568.518570277985,58568.518570277985,0.0,0.0,2951.093622619048,3359.019811479592,18846.10227061813,15265.34283920068,1200.0,1200.0,2.2737367544323206e-13,1.1368683772161603e-13,1,0
2025-05-27,35651.66604546324,0.0,0.0,0.0,0.0,2367.718418218746,38019.384463681985,59188.59234729803,59188.59234729803,0.0,0.0,706.0505892176865,6982.920472278914,18533.44823282523,15012.093068588436,1200.0,1200.0,9.094947017729282e-13,1.1368683772161603e-13,1,0
2025-05-28,35953.3309847433,0.0,0.0,0.0,0.0,7915.635086478558,43868.96607122186,58519.8191535941,58519.8191535941,0.0,0.0,2403.6962518027226,5163.092507227889,18350.519990362813,14863.921192193879,1200.0,1200.0,9.094947017729282e-13,1.1368683772161603e-13,1,0
2025-05-29,36136.8072010074,0.0,0.0,0.0,0.0,9630.312356450491,45767.119557457896,58633.02479639182,58633.02479639182,0.0,0.0,2402.8522701360534,3393.5211181972777,18590.697096476862,15058.464648146259,1200.0,1200.0,9.094947017729282e-13,1.1368683772161603e-13,1,0
2025-05-30,11453.788461115877,0.0,0.0,0.0,0.0,2368.5016752676047,13822.290136383483,27058.746029210128,27058.746029210128,0.0,0.0,870.7989831802727,18975.85011948979,12407.692769652307,10050.231143418367,1200.0,1200.0,9.094947017729282e-13,1.1368683772161603e-13,1,0
2025-05-31,11250.305823035807,0.0,0.0,0.0,0.0,2225.954288720697,13476.260111756505,27272.48578179096,27272.48578179096,0.0,0.0,850.0737277040815,17370.97635228185,12433.692669543125,10071.291062329932,1200.0,1200.0,4.547473508864641e-13,1.1368683772161603e-13,1,0
2025-06-01,40033.16955382924,0.0,0.0,0.0,0.0,64134.74753125734,104167.91708508658,60390.18378184093,60390.18378184093,0.0,0.0,14978.899757840136,472.3002315136047,19326.089516670865,15654.132508503402,1200.0,1200.0,9.094947017729282e-13,1.1368683772161603e-13,1,0
2025-06-02,41729.74554722064,0.0,0.0,0.0,0.0,48382.49274416459,90112.23829138523,64055.34277779689,64055.34277779689,0.0,0.0,10729.141340238093,2342.5044319387757,20006.16966366423,16204.997427568029,1200.0,1200.0,9.094947017729282e-13,1.1368683772161603e-13,1,0
2025-06-03,44297.8986183565,0.0,0.0,0.0,0.0,25177.985770182528,69475.88438853902,67220.34716050663,67220.34716050663,0.0,0.0,5716.867375119049,799.2011250340136,20766.56093293861,16820.914355680274,1200.0,1200.0,1.8189894035458565e-12,1.1368683772161603e-13,1,0
2025-06-04,47158.96314217152,0.0,0.0,0.0,0.0,20401.68851137812,67560.65165354963,70676.67957014026,70676.67957014026,0.0,0.0,5115.59593807823,2042.3027015136067,21603.7473159906,17499.035325952384,1200.0,1200.0,9.094947017729282e-13,1.1368683772161603e-13,1,0
2025-06-05,49127.41225089783,0.0,0.0,0.0,0.0,15233.627621536933,64361.03987243477,73087.03483699504,73087.03483699504,0.0,0.0,3754.987795986394,1532.8025616496611,21894.221340342654,17734.31928567755,1200.0,1200.0,9.094947017729282e-13,1.1368683772161603e-13,1,0
2025-06-06,17379.11344221703,0.0,0.0,0.0,0.0,8536.61345742404,25915.72689964107,34522.084272607084,34522.084272607084,0.0,0.0,2412.656500969386,3599.7395202380967,13052.662385991433,10572.656532653062,1200.0,1200.0,1.8189894035458565e-12,1.1368683772161603e-13,1,0
2025-06-07,17947.811198618903,0.0,0.0,0.0,0.0,5235.6873790533255,23183.498577672228,35584.20878215566,35584.20878215566,0.0,0.0,1538.5482785884337,3483.8022546428538,13223.377049655666,10710.935410221085,1200.0,1200.0,1.8189894035458565e-12,1.1368683772161603e-13,1,0
2025-06-08,56542.07908095841,0.0,0.0,0.0,0.0,690.3878597683097,57232.46694072671,83634.93103068385,83634.93103068385,0.0,0.0,154.9649339625854,14436.429313639459,21939.70202284371,17771.158638503402,1200.0,1200.0,9.094947017729282e-13,1.1368683772161603e-13,1,0
2025-06-09,56163.10650543426,0.0,0.0,0.0,0.0,2956.4878247495217,59119.594330183776,81485.85776370644,81485.85776370644,0.0,0.0,793.3336259693872,7195.362540340137,21847.979557907114,17696.86344190476,1200.0,1200.0,0.0,1.1368683772161603e-13,1,0
2025-06-10,56100.46008257939,0.0,0.0,0.0,0.0,2730.7529739754214,58831.213056554814,81721.98168548712,81721.98168548712,0.0,0.0,760.8378886394569,6678.319928639455,22031.870590283026,17845.81517812925,1200.0,1200.0,9.094947017729282e-13,1.1368683772161603e-13,1,0
2025-06-11,55921.25129646999,0.0,0.0,0.0,0.0,10896.305273937349,66817.55657040735,81925.59261493324,81925.59261493324,0.0,0.0,2151.3495214965988,3827.6940345578246,21920.009395817586,17755.207610612244,1200.0,1200.0,4.547473508864641e-13,1.1368683772161603e-13,1,0
2025-06-12,56613.504952135794,0.0,0.0,0.0,0.0,2832.975954244833,59446.48090638063,82304.76680080059,82304.76680080059,0.0,0.0,660.1143295918355,6230.892624098643,22534.721436633914,18253.12436367347,1200.0,1200.0,9.094947017729282e-13,1.1368683772161603e-13,1,0
2025-06-13,18575.921017253637,0.0,0.0,0.0,0.0,2720.4305645458367,21296.35158179947,37474.81812347337,37474.81812347337,0.0,0.0,702.7322246598643,7290.881893180273,13375.551341857725,10834.196586904762,1200.0,1200.0,1.8189894035458565e-12,1.1368683772161603e-13,1,0
2025-06-14,19054.48296471933,0.0,0.0,0.0,0.0,1191.2344492924376,20245.717414011768,37656.512877528745,37656.512877528745,0.0,0.0,469.58349619047567,9374.25622006803,13465.775808690476,10907.278405039286,1200.0,1200.0,9.094947017729282e-13,1.1368683772161603e-13,1,0
2025-06-15,57072.32626894051,0.0,0.0,0.0,0.0,1439.8986141661312,58512.22488310665,83339.24488475226,83339.24488475226,0.0,0.0,309.7699946938776,8840.148493265304,22009.958172881496,17828.06612003401,1200.0,1200.0,4.547473508864641e-13,1.1368683772161603e-13,1,0
2025-06-16,57683.70754323447,0.0,0.0,0.0,0.0,2342.656338344744,60026.36388157922,83426.8572135941,83426.8572135941,0.0,0.0,689.0590501020405,7105.178461224488,22719.39466213152,18402.709676326533,1200.0,1200.0,4.547473508864641e-13,1.1368683772161603e-13,1,0
2025-06-17,57619.14471644,0.0,0.0,0.0,0.0,7809.913303609256,65429.05802004926,83464.50407457483,83464.50407457483,0.0,0.0,1604.926690119047,6189.086214693876,22333.333333333336,18090.000000000004,1200.0,1200.0,0.0,1.1368683772161603e-13,1,0
2025-06-18,57730.092274192626,0.0,0.0,0.0,0.0,1056.8193322467796,58786.911606439404,83618.33820561707,83618.33820561707,0.0,0.0,264.17478880952433,8652.805201156461,22638.50996457966,18337.19307130952,1200.0,1200.0,9.094947017729282e-13,1.1368683772161603e-13,1,0
2025-06-19,55924.174540120985,0.0,0.0,0.0,0.0,2562.626677380981,58486.80121750197,82429.79255670068,82429.79255670068,0.0,0.0,655.911697721089,10424.533387755102,23166.666666666668,18765.000000000004,1200.0,1200.0,9.094947017729282e-13,1.1368683772161603e-13,1,0
2025-06-20,17994.35968766817,0.0,0.0,0.0,0.0,1452.6971184295614,19447.05680609773,36636.18871883681,36636.18871883681,0.0,0.0,566.8289571768721,12277.941794183675,13286.815957000086,10762.32092517007,1200.0,1200.0,9.094947017729282e-13,1.1368683772161603e-13,1,0
2025-06-21,17648.676619241356,0.0,0.0,0.0,0.0,2184.349442623749,19833.026061865105,35827.30590702381,35827.30590702381,0.0,0.0,698.148225442177,14704.807649956543,13083.716223733933,10597.81014122449,1200.0,1200.0,9.094947017729282e-13,1.1368683772161603e-13,1,0
2025-06-22,55092.51082733293,0.0,0.0,0.0,0.0,1405.3217409957506,56497.83256832868,81107.60571436843,81107.60571436843,0.0,0.0,355.5186373979595,9688.830569217685,22720.803592361633,18403.85090981293,1200.0,1200.0,4.547473508864641e-13,1.1368683772161603e-13,1,0
2025-06-23,53463.879622038774,0.0,0.0,0.0,0.0,1664.682297049514,55128.561919088286,80015.73769683568,80015.73769683568,0.0,0.0,441.96876931972787,8981.98860972789,23233.851875934328,18819.420019506804,1200.0,1200.0,9.094947017729282e-13,1.1368683772161603e-13,1,0
2025-06-24,53889.692306808065,0.0,0.0,0.0,0.0,21400.21726413625,75289.90957094432,78367.93664929054,78367.93664929054,0.0,0.0,4618.753798520411,2310.414360544214,23197.283354035437,18789.799516768704,1200.0,1200.0,9.094947017729282e-13,1.1368683772161603e-13,1,0
2025-06-25,52915.91737405053,0.0,0.0,0.0,0.0,6616.489134900412,59532.406508950946,79169.54079834552,79169.54079834552,0.0,0.0,1564.1040383503405,5789.66614984694,23718.722737801298,19212.165417619046,1200.0,1200.0,4.547473508864641e-13,1.1368683772161603e-13,1,0
2025-06-26,52054.53205635496,0.0,0.0,0.0,0.0,2708.900224595325,54763.43228095028,78847.10625936046,78847.10625936046,0.0,0.0,642.8822663095243,7414.5404712925165,23831.916952863863,19303.852731819727,1200.0,1200.0,2.2737367544323206e-13,1.1368683772161603e-13,1,0
2025-06-27,15889.84388889369,0.0,0.0,0.0,0.0,2006.182589294591,17896.02647818828,32969.34723951898,32969.34723951898,0.0,0.0,666.5376821258503,11374.937501122447,13101.587125556396,10612.28557170068,1200.0,1200.0,4.547473508864641e-13,1.1368683772161603e-13,1,0
2025-06-28,16241.464898217866,0.0,0.0,0.0,0.0,2387.6929098070987,18629.157808024967,33265.97205345259,33265.97205345259,0.0,0.0,827.3044516496594,9802.509678962588,13230.740576173674,10716.89986670068,1200.0,1200.0,9.094947017729282e-13,1.1368683772161603e-13,1,0
2025-06-29,53762.4949414767,0.0,0.0,0.0,0.0,5075.196047297178,58837.69098877388,79041.57883807781,79041.57883807781,0.0,0.0,1401.999386496599,6691.445555459179,23601.916504115226,19117.552368333334,1200.0,1200.0,4.547473508864641e-13,1.1368683772161603e-13,1,0
2025-06-30,52405.97597808917,0.0,0.0,0.0,0.0,5899.202996874995,58305.17897496416,78322.3175696092,78322.3175696092,0.0,0.0,1473.6915150510213,5572.414890357145,22873.211636682838,18527.301425713096,1200.0,1200.0,4.547473508864641e-13,1.1368683772161603e-13,1,0
2025-07-01,56386.5409323841,0.0,0.0,0.0,0.0,33078.72065084443,89465.26158322852,77897.21342305094,77897.21342305094,0.0,0.0,7822.792281751699,2630.4317545238096,22226.47324708155,18003.443330136055,1200.0,1200.0,9.094947017729282e-13,1.1368683772161603e-13,1,0
2025-07-02,56576.267055081276,0.0,0.0,0.0,0.0,27077.889973154794,83654.15702823608,78645.45169744037,78645.45169744037,0.0,0.0,6196.568321683673,7721.798962482991,22186.603631444108,17971.148941469728,1200.0,1200.0,4.547473508864641e-13,1.1368683772161603e-13,1,0
2025-07-03,58669.98645952471,0.0,0.0,0.0,0.0,29341.65722963408,88011.6436891588,79307.9761941281,79307.9761941281,0.0,0.0,6465.0796282993215,1830.1562594727882,22013.0559453752,17830.57531575391,1200.0,1200.0,1.8189894035458565e-12,1.1368683772161603e-13,1,0
2025-07-04,21883.207441595674,0.0,0.0,0.0,0.0,12215.783037726924,34098.9904793226,38565.776779750144,38565.776779750144,0.0,0.0,3270.2228641836764,10377.975745340134,13563.981220668516,10986.824788741496,1200.0,1200.0,9.094947017729282e-13,1.1368683772161603e-13,1,0
2025-07-05,22977.273291528665,0.0,0.0,0.0,0.0,6973.545174150271,29950.818465678938,40931.549370429784,40931.549370429784,0.0,0.0,1950.4976989966008,11567.898638809522,13284.570862895782,10760.502398945577,1200.0,1200.0,2.2737367544323206e-13,1.1368683772161603e-13,1,0
2025-07-06,62635.88764325171,0.0,0.0,0.0,0.0,16199.294714539665,78835.18235779137,84471.26560179486,84471.26560179486,0.0,0.0,3082.0780167006783,3560.7766492517007,22097.8179960202,17899.23257677636,1200.0,1200.0,9.094947017729282e-13,1.1368683772161603e-13,1,0
2025-07-07,61983.12756132959,0.0,0.0,0.0,0.0,2915.519205606137,64898.646766935715,84240.07065498873,84240.07065498873,0.0,0.0,850.6342955102034,7418.269974591838,22436.590574949616,18173.638365709183,1200.0,1200.0,9.094947017729282e-13,1.1368683772161603e-13,1,0
2025-07-08,63754.61617132383,0.0,0.0,0.0,0.0,3925.102438899034,67679.71861022286,86214.46867480679,86214.46867480679,0.0,0.0,867.0293543537407,7270.318141105444,22314.69932309692,18074.906451708506,1200.0,1200.0,4.547473508864641e-13,1.1368683772161603e-13,1,0
2025-07-09,62669.01404579941,0.0,0.0,0.0,0.0,3370.842766358777,66039.85681215819,84865.34796430932,84865.34796430932,0.0,0.0,812.0630826530619,7366.199471530611,22381.50820402683,18129.02164526173,1200.0,1200.0,4.547473508864641e-13,1.1368683772161603e-13,1,0
2025-07-10,62493.596603827544,0.0,0.0,0.0,0.0,3078.263449063135,65571.86005289068,84243.45456593914,84243.45456593914,0.0,0.0,762.0286984523804,7856.525959812927,22607.02063813303,18311.686716887758,1200.0,1200.0,9.094947017729282e-13,1.1368683772161603e-13,1,0
2025-07-11,25079.561941167198,0.0,0.0,0.0,0.0,2717.956573257959,27797.518514425155,42881.30139901907,42881.30139901907,0.0,0.0,797.2772371258504,8673.864170935372,13083.880606366005,10597.943291156462,1200.0,1200.0,9.094947017729282e-13,1.1368683772161603e-13,1,0
2025-07-12,24484.44330884574,0.0,0.0,0.0,0.0,2370.538112806359,26854.981421652104,42919.50197934388,42919.50197934388,0.0,0.0,694.1637114795926,10021.141816717687,13201.47653038129,10693.195989608845,1200.0,1200.0,1.8189894035458565e-12,1.1368683772161603e-13,1,0
2025-07-13,58289.17759292216,0.0,0.0,0.0,0.0,3731.6062692503638,62020.78386217253,81571.37961518687,81571.37961518687,0.0,0.0,715.6510182482999,8938.386230582484,21478.547383435165,17397.62338058248,1200.0,1200.0,4.547473508864641e-13,1.1368683772161603e-13,1,0
2025-07-14,58021.16947112474,0.0,0.0,0.0,0.0,4531.455268045343,62552.62473917008,80017.96780574787,80017.96780574787,0.0,0.0,900.8608406122432,5002.599809744901,21623.94536815025,17515.3957482017,1200.0,1200.0,9.094947017729282e-13,1.1368683772161603e-13,1,0
2025-07-15,61528.04476664614,0.0,0.0,0.0,0.0,7640.733781326845,69168.778547973,83792.70228653608,83792.70228653608,0.0,0.0,2149.013590357141,9017.158364591838,21976.35225772655,17800.845328758507,1200.0,1200.0,1.8189894035458565e-12,1.1368683772161603e-13,1,0
2025-07-16,60789.74449891389,0.0,0.0,0.0,0.0,6142.553362892237,66932.29786180613,81963.22152959267,81963.22152959267,0.0,0.0,1507.8504677721066,7296.073364601871,21265.448681208323,17225.013431778745,1200.0,1200.0,9.094947017729282e-13,1.1368683772161603e-13,1,0
2025-07-17,60003.77324131019,0.0,0.0,0.0,0.0,7179.668012914055,67183.44125422425,81329.4182987609,81329.4182987609,0.0,0.0,1498.410982193876,6052.792509676868,21340.10897163811,17285.488267026867,1200.0,1200.0,9.094947017729282e-13,1.1368683772161603e-13,1,0
2025-07-18,23989.530921694015,0.0,0.0,0.0,0.0,1758.30453985052,25747.83546154453,42314.02064591186,42314.02064591186,0.0,0.0,527.3489906462569,9070.054155459184,13142.459900520702,10645.392519421766,1200.0,1200.0,9.094947017729282e-13,1.1368683772161603e-13,1,0
2025-07-19,23848.600080513417,0.0,0.0,0.0,0.0,3100.1872642275525,26948.787344740973,42011.45347687075,42011.45347687075,0.0,0.0,845.5653456972791,13172.53310590136,13166.666666666666,10665.0,1200.0,1200.0,0.0,1.1368683772161603e-13,1,0
2025-07-20,57295.16154554309,0.0,0.0,0.0,0.0,5601.824061047549,62896.985606590635,79029.3578237461,79029.3578237461,0.0,0.0,1419.0972184183674,4294.193264370748,21390.966111195095,17326.682550068028,1200.0,1200.0,0.0,1.1368683772161603e-13,1,0
2025-07-21,58968.15820246252,0.0,0.0,0.0,0.0,9257.644323353146,68225.80252581567,79894.56242136327,79894.56242136327,0.0,0.0,2200.6485561564623,4058.564601987243,21299.458029118374,17252.561003585884,1200.0,1200.0,9.094947017729282e-13,1.1368683772161603e-13,1,0
2025-07-22,61245.963382997776,0.0,0.0,0.0,0.0,5449.537733360154,66695.50111635792,83612.08749442059,83612.08749442059,0.0,0.0,1165.4831631632653,6927.400801088434,21342.238104361924,17287.212864533165,1200.0,1200.0,4.547473508864641e-13,1.1368683772161603e-13,1,0
2025-07-23,60476.79217124461,0.0,0.0,0.0,0.0,5722.620240211769,66199.41241145637,82589.27910200962,82589.27910200962,0.0,0.0,1254.194922976191,5588.855818537417,21253.00573569329,17214.934645911566,1200.0,1200.0,4.547473508864641e-13,1.1368683772161603e-13,1,0
2025-07-24,60571.41899180055,0.0,0.0,0.0,0.0,8552.598405201385,69124.01739700194,82240.62987710518,82240.62987710518,0.0,0.0,1850.3707789795917,6349.420632159862,21711.09486276266,17585.986838837758,1200.0,1200.0,4.547473508864641e-13,1.1368683772161603e-13,1,0
2025-07-25,23720.658031465697,0.0,0.0,0.0,0.0,1703.153663769091,25423.81169523479,41927.25104568027,41927.25104568027,0.0,0.0,425.2599337193885,13343.399439565135,13177.852490357145,10674.060517189284,1200.0,1200.0,1.8189894035458565e-12,1.1368683772161603e-13,1,0
2025-07-26,23734.890883312284,0.0,0.0,0.0,0.0,2497.78021154984,26232.671094862126,41688.60333145629,41688.60333145629,0.0,0.0,721.1100853401358,11482.66053341837,12936.638509007305,10478.67719229592,1200.0,1200.0,9.094947017729282e-13,1.1368683772161603e-13,1,0
2025-07-27,58007.236074537286,0.0,0.0,0.0,0.0,10357.56059365617,68364.79666819346,79675.83420222979,79675.83420222979,0.0,0.0,2262.9003882483003,4236.535495544216,21142.154183862433,17125.14488892857,1200.0,1200.0,0.0,1.1368683772161603e-13,1,0
2025-07-28,58492.06450874213,0.0,0.0,0.0,0.0,19328.228769607933,77820.29327835006,79720.70198772161,79720.70198772161,0.0,0.0,4425.932898945577,2096.449823894554,21554.251733890993,17458.9439044517,1200.0,1200.0,4.547473508864641e-13,1.1368683772161603e-13,1,0
2025-07-29,61343.97275442583,0.0,0.0,0.0,0.0,9798.88791197868,71142.86066640451,83691.94714771153,83691.94714771153,0.0,0.0,2247.3693004591833,5772.514202959184,21566.085764271225,17468.529469059693,1200.0,1200.0,4.547473508864641e-13,1.1368683772161603e-13,1,0
2025-07-30,61805.50028028169,0.0,0.0,0.0,0.0,5792.207092476052,67597.70737275775,83391.88313374616,83391.88313374616,0.0,0.0,1212.5013459863953,6416.534429404759,21497.873685935796,17413.27768560799,1200.0,1200.0,9.094947017729282e-13,1.1368683772161603e-13,1,0
2025-07-31,60417.81809238801,0.0,0.0,0.0,0.0,4879.849772249549,65297.667864637566,82810.63503627949,82810.63503627949,0.0,0.0,986.1522831972782,5027.769636299148,21442.21798163664,17368.19656512568,1200.0,1200.0,9.094947017729282e-13,1.1368683772161603e-13,1,0
2025-08-01,23266.779269508275,0.0,0.0,0.0,0.0,2188.5707636159186,25455.350033124196,41282.34225575585,41282.34225575585,0.0,0.0,665.4381536904764,18201.12377297619,13133.14194633409,10637.844976530612,1200.0,1200.0,2.2737367544323206e-13,1.1368683772161603e-13,1,0
2025-08-02,22878.79240964329,0.0,0.0,0.0,0.0,1688.3773060864496,24567.169715729746,40907.198762518055,40907.198762518055,0.0,0.0,390.6554506122457,17919.72942931973,12900.52552882758,10449.42567835034,1200.0,1200.0,2.2737367544323206e-13,1.1368683772161603e-13,1,0
2025-08-03,55243.76827163654,0.0,0.0,0.0,0.0,6691.200613478905,61934.968885115435,78110.21753244541,78110.21753244541,0.0,0.0,1538.76496542517,12701.66332168367,21620.2062781767,17512.36708532313,1200.0,1200.0,0.0,1.1368683772161603e-13,1,0
2025-08-04,55070.9426605236,0.0,0.0,0.0,0.0,3239.5676656868454,58310.510326210446,76819.05256746768,76819.05256746768,0.0,0.0,921.849664217687,8371.065722397954,20811.481189231967,16857.29976327789,1200.0,1200.0,4.547473508864641e-13,1.1368683772161603e-13,1,0
2025-08-05,53660.85862988967,0.0,0.0,0.0,0.0,3424.844088104156,57085.702717993816,74871.5082077171,74871.5082077171,0.0,0.0,925.7984166326548,6772.240511564621,20382.928312904172,16510.17193345238,1200.0,1200.0,9.094947017729282e-13,1.1368683772161603e-13,1,0
2025-08-06,53649.64767356808,0.0,0.0,0.0,0.0,13967.58027832667,67617.22795189475,73334.1932562669,73334.1932562669,0.0,0.0,3131.7562284523815,4594.249944115647,19775.264599668266,16017.964325731295,1200.0,1200.0,4.547473508864641e-13,1.1368683772161603e-13,1,0
2025-08-07,51777.03821560947,0.0,0.0,0.0,0.0,5716.191548541494,57493.229764150965,71796.21840491434,71796.21840491434,0.0,0.0,1458.330523129252,6207.7955331802705,19256.67444664903,15597.906301785715,1200.0,1200.0,9.094947017729282e-13,1.1368683772161603e-13,1,0
2025-08-08,21245.80943369153,0.0,0.0,0.0,0.0,3068.841979998855,24314.651413690386,38916.42094594986,38916.42094594986,0.0,0.0,794.2874786224495,21526.796414202036,12677.582949317215,10268.84218894694,1200.0,1200.0,9.094947017729282e-13,1.1368683772161603e-13,1,0
2025-08-09,21466.33359513439,0.0,0.0,0.0,0.0,4363.6259516970695,25829.959546831462,38815.75344839107,38815.75344839107,0.0,0.0,1165.335453061225,18643.109394489795,12716.055299802638,10300.004792840135,1200.0,1200.0,4.547473508864641e-13,1.1368683772161603e-13,1,0
2025-08-10,50904.38613348853,0.0,0.0,0.0,0.0,12918.933651407393,63823.31978489591,68779.91365250567,68779.91365250567,0.0,0.0,3318.397382210885,3202.6294448809517,18900.329157029482,15309.266617193878,1200.0,1200.0,9.094947017729282e-13,1.1368683772161603e-13,1,0
2025-08-11,50289.44579914633,0.0,0.0,0.0,0.0,10454.176947152702,60743.622746299035,70326.71433702298,70326.71433702298,0.0,0.0,2281.056260153063,4424.025793384356,19065.744581359704,15443.253110901362,1200.0,1200.0,9.094947017729282e-13,1.1368683772161603e-13,1,0
2025-08-12,51493.54549703514,0.0,0.0,0.0,0.0,17217.377926776964,68710.92342381211,70377.18477982616,70377.18477982616,0.0,0.0,3670.792338554422,2601.0489637074825,19402.023708805747,15715.639204132654,1200.0,1200.0,9.094947017729282e-13,1.1368683772161603e-13,1,0
2025-08-13,51815.81203435202,0.0,0.0,0.0,0.0,10854.944085564886,62670.75611991691,71294.79723586945,71294.79723586945,0.0,0.0,2426.241599506802,3921.56267282313,19360.509013437473,15682.012300884357,1200.0,1200.0,9.094947017729282e-13,1.1368683772161603e-13,1,0
2025-08-14,51571.47629717116,0.0,0.0,0.0,0.0,11500.612586090527,63072.088883261684,70797.00931930607,70797.00931930607,0.0,0.0,2467.0515542346952,3674.7438505102054,19279.084419459145,15616.058379761907,1200.0,1200.0,9.094947017729282e-13,1.1368683772161603e-13,1,0
2025-08-15,21666.644866759503,0.0,0.0,0.0,0.0,4175.774988267247,25842.419855026747,38882.09954135277,38882.09954135277,0.0,0.0,1268.5588372278917,20561.01701869048,12789.023560825564,10359.109084268706,1200.0,1200.0,9.094947017729282e-13,1.1368683772161603e-13,1,0
2025-08-16,22044.861915368325,0.0,0.0,0.0,0.0,3274.8115572872257,25319.67347265555,39317.86766383157,39317.86766383157,0.0,0.0,881.7491947959184,20737.618474608844,13330.094828168305,10797.376810816326,1200.0,1200.0,9.094947017729282e-13,1.1368683772161603e-13,1,0
2025-08-17,51527.44582268029,0.0,0.0,0.0,0.0,5928.997590465009,57456.443413145294,71203.38613894663,71203.38613894663,0.0,0.0,1326.2193352551035,5686.034992193878,19358.825607058872,15680.648741717687,1200.0,1200.0,9.094947017729282e-13,1.1368683772161603e-13,1,0
2025-08-18,51675.84565800404,0.0,0.0,0.0,0.0,8819.575776599364,60495.42143460341,70983.26900909256,70983.26900909256,0.0,0.0,1813.2329323809513,4689.721143792516,19540.343057970105,15827.677876955782,1200.0,1200.0,9.094947017729282e-13,1.1368683772161603e-13,1,0
2025-08-19,51869.8802128616,0.0,0.0,0.0,0.0,7669.898309506711,59539.77852236831,71094.80693142857,71094.80693142857,0.0,0.0,1887.0099298129253,4940.986700867346,19595.632159863944,15872.462049489797,1200.0,1200.0,9.094947017729282e-13,1.1368683772161603e-13,1,0
2025-08-20,52032.30437841197,0.0,0.0,0.0,0.0,24453.00481771355,76485.30919612553,70641.9819963322,70641.9819963322,0.0,0.0,5708.521418299316,1972.1981484693865,19619.022102607705,15891.407903112246,1200.0,1200.0,1.8189894035458565e-12,1.1368683772161603e-13,1,0
2025-08-21,51851.42156349275,0.0,0.0,0.0,0.0,8718.098994002487,60569.52055749524,71525.3505043888,71525.3505043888,0.0,0.0,2210.120320493201,4030.578859149661,20318.281486310574,16457.808003911567,1200.0,1200.0,1.8189894035458565e-12,1.1368683772161603e-13,1,0
2025-08-22,22153.31606090734,0.0,0.0,0.0,0.0,6466.557345324392,28619.873406231727,39568.68713144243,39568.68713144243,0.0,0.0,1746.4288464625843,17482.408122840137,13695.465552973039,11093.327097908164,1200.0,1200.0,1.8189894035458565e-12,1.1368683772161603e-13,1,0
2025-08-23,21949.714198072616,0.0,0.0,0.0,0.0,2478.7387589763184,24428.452957048936,39759.80810333711,39759.80810333711,0.0,0.0,899.8380825680272,15532.57287857143,13668.774512282691,11071.70735494898,1200.0,1200.0,4.547473508864641e-13,1.1368683772161603e-13,1,0
2025-08-24,52995.49248901743,0.0,0.0,0.0,0.0,5727.091184993432,58722.583674010864,73590.00722986436,73590.00722986436,0.0,0.0,1298.5859335714276,7279.646845748301,20396.614917653485,16521.25808329932,1200.0,1200.0,1.8189894035458565e-12,1.1368683772161603e-13,1,0
2025-08-25,53515.13535783457,0.0,0.0,0.0,0.0,14590.039607875013,68105.1749657096,73753.11838890212,73753.11838890212,0.0,0.0,3731.458938180272,2810.9824235374153,20528.988878306885,16628.480991428572,1200.0,1200.0,9.094947017729282e-13,1.1368683772161603e-13,1,0
2025-08-26,53360.03904800297,0.0,0.0,0.0,0.0,4922.328599425185,58282.367647428146,74516.10349449358,74516.10349449358,0.0,0.0,1118.024918860544,6186.808991666669,20623.689675547997,16705.188637193878,1200.0,1200.0,1.8189894035458565e-12,1.1368683772161603e-13,1,0
2025-08-27,53690.62435759944,0.0,0.0,0.0,0.0,7525.569350803597,61216.19370840303,74730.40595379146,74730.40595379146,0.0,0.0,1637.434580493199,4434.128299965985,21155.59667185269,17136.03330420068,1200.0,1200.0,9.094947017729282e-13,1.1368683772161603e-13,1,0
2025-08-28,53523.71640283063,0.0,0.0,0.0,0.0,20148.46690981008,73672.1833126407,73830.92129873877,73830.92129873877,0.0,0.0,4653.434725731293,3713.321906496598,21069.67965600067,17066.440521360542,1200.0,1200.0,1.8189894035458565e-12,1.1368683772161603e-13,1,0
2025-08-29,22140.042592834936,0.0,0.0,0.0,0.0,3572.617176704949,25712.65976953989,39977.897289064626,39977.897289064626,0.0,0.0,1030.833637585035,15792.520377108845,14005.211576530612,11344.221376989797,1200.0,1200.0,9.094947017729282e-13,1.1368683772161603e-13,1,0
2025-08-30,22251.789093102358,0.0,0.0,0.0,0.0,5148.751097912507,27400.540191014872,39806.223780864195,39806.223780864195,0.0,0.0,1574.4542073979596,20164.1244969898,14230.703462836984,11526.86980489796,1200.0,1200.0,9.094947017729282e-13,1.1368683772161603e-13,1,0
2025-08-31,53781.500987655076,0.0,0.0,0.0,0.0,3982.003070664846,57763.50405831991,75233.44500148337,75233.44500148337,0.0,0.0,1075.8021643707477,5546.481360816324,21663.909061602426,17547.766339897957,1200.0,1200.0,9.094947017729282e-13,1.1368683772161603e-13,1,0
2025-09-01,48609.65560156113,0.0,0.0,0.0,0.0,437.8080842725009,49047.46368583363,75927.8861343781,75927.8861343781,0.0,0.0,150.38271874149726,18350.53358489796,21861.056499412116,17707.45576452381,1200.0,1200.0,9.094947017729282e-13,1.1368683772161603e-13,1,0
2025-09-02,46151.63425367656,0.0,0.0,0.0,0.0,135.04219200265152,46286.676445679215,72657.10143136306,72657.10143136306,0.0,0.0,29.420534829931597,14520.212881394556,21623.96439367599,17515.41115887755,1200.0,1200.0,1.8189894035458565e-12,1.1368683772161603e-13,1,0
2025-09-03,45610.70881172626,0.0,0.0,0.0,0.0,544.9426597162261,46155.65147144249,70222.7649439523,70222.7649439523,0.0,0.0,150.6049335204088,10713.394907482994,21643.461684156384,17531.203964166663,1200.0,1200.0,1.8189894035458565e-12,1.1368683772161603e-13,1,0
2025-09-04,43294.03726326936,0.0,0.0,0.0,0.0,1516.826165222294,44810.86342849166,67843.05340412469,67843.05340412469,0.0,0.0,394.39678217687043,10223.948783129252,21515.45185880155,17427.51600562925,1200.0,1200.0,9.094947017729282e-13,1.1368683772161603e-13,1,0
2025-09-05,14687.29525032596,0.0,0.0,0.0,0.0,1104.1558537965655,15791.451104122525,32567.712859960528,32567.712859960528,0.0,0.0,314.17356370748314,23336.70308091837,14320.64040043672,11599.718724353741,1200.0,1200.0,9.094947017729282e-13,1.1368683772161603e-13,1,0
2025-09-06,13805.217971296504,0.0,0.0,0.0,0.0,3028.4642734348195,16833.682244731324,30928.95150031557,30928.95150031557,0.0,0.0,852.4899568877545,21401.61576188775,13993.378922713535,11334.636927397958,1200.0,1200.0,9.094947017729282e-13,1.1368683772161603e-13,1,0
2025-09-07,39153.83888324271,0.0,0.0,0.0,0.0,5268.301769916271,44422.140653158975,62333.6229599895,62333.6229599895,0.0,0.0,1432.1924510714273,4747.353484557826,21355.148999139165,17297.670689302722,1200.0,1200.0,9.094947017729282e-13,1.1368683772161603e-13,1,0
2025-09-08,37623.698856002324,0.0,0.0,0.0,0.0,23106.598446631386,60730.297302633706,59302.5195197449,59302.5195197449,0.0,0.0,5617.522056258507,1471.1387093367348,21333.333333333336,17280.0,1200.0,1200.0,2.2737367544323206e-13,1.1368683772161603e-13,1,0
2025-09-09,38435.98030153741,0.0,0.0,0.0,0.0,11882.3620910196,50318.34239255701,61140.02425996116,61140.02425996116,0.0,0.0,2955.8489757653056,6932.442057925169,21371.562690182247,17310.96577904762,1200.0,1200.0,9.094947017729282e-13,1.1368683772161603e-13,1,0
2025-09-10,39753.001899725044,0.0,0.0,0.0,0.0,19590.34192862948,59343.34382835452,61554.47627386642,61554.47627386642,0.0,0.0,4732.161171904767,919.2589477210871,21323.05183184262,17271.671983792516,1200.0,1200.0,9.094947017729282e-13,1.1368683772161603e-13,1,0
2025-09-11,39945.514527264335,0.0,0.0,0.0,0.0,5278.712430845191,45224.22695810953,63434.63222603239,63434.63222603239,0.0,0.0,1279.6673600340146,7121.313099404761,21562.63528067524,17465.734577346935,1200.0,1200.0,9.094947017729282e-13,1.1368683772161603e-13,1,0
2025-09-12,13849.191607312569,0.0,0.0,0.0,0.0,3503.2359610241792,17352.42756833675,31310.540999357727,31310.540999357727,0.0,0.0,1130.2018395238108,18116.006834727894,14595.156863966567,11822.07705981292,1200.0,1200.0,9.094947017729282e-13,1.1368683772161603e-13,1,0
2025-09-13,14286.817612286544,0.0,0.0,0.0,0.0,2723.6417805849496,17010.459392871493,32249.62768569581,32249.62768569581,0.0,0.0,832.1191281802722,22293.890556700677,14635.551441274041,11854.79666743197,1200.0,1200.0,9.094947017729282e-13,1.1368683772161603e-13,1,0
2025-09-14,41851.629595718005,0.0,0.0,0.0,0.0,8140.1248680541,49991.7544637721,64787.77161848849,64787.77161848849,0.0,0.0,2372.0060369727917,2963.08911272109,21565.07259336945,17467.70880062925,1200.0,1200.0,9.094947017729282e-13,1.1368683772161603e-13,1,0
2025-09-15,39731.27297071017,0.0,0.0,0.0,0.0,10033.644750377807,49764.917721087964,62923.29001680692,62923.29001680692,0.0,0.0,2388.580851377551,6169.619658996602,21448.52934660284,17373.3087707483,1200.0,1200.0,4.547473508864641e-13,1.1368683772161603e-13,1,0
2025-09-16,40437.93330725756,0.0,0.0,0.0,0.0,13154.331514595095,53592.264821852645,62793.97490206666,62793.97490206666,0.0,0.0,3888.6064886734684,3117.9481772619074,21436.122263920384,17363.25903377551,1200.0,1200.0,9.094947017729282e-13,1.1368683772161603e-13,1,0
2025-09-17,41452.767925304666,0.0,0.0,0.0,0.0,8628.747413461817,50081.51533876649,64517.71088410746,64517.71088410746,0.0,0.0,2233.6237617176866,2710.410949115648,21477.922614260522,17397.11731755102,1200.0,1200.0,1.8189894035458565e-12,1.1368683772161603e-13,1,0
2025-09-18,41033.85940653776,0.0,0.0,0.0,0.0,6306.639264624051,47340.49867116181,64861.64646813828,64861.64646813828,0.0,0.0,1380.2407046938768,3214.4521835374126,21428.336171726718,17356.952299098637,1200.0,1200.0,9.094947017729282e-13,1.1368683772161603e-13,1,0
2025-09-19,14861.437050509965,0.0,0.0,0.0,0.0,2570.507861224738,17431.944911734703,32841.408100645625,32841.408100645625,0.0,0.0,921.13611154762,14774.77772717262,15191.653517652425,12305.239349298467,1200.0,1200.0,4.547473508864641e-13,1.1368683772161603e-13,1,0
2025-09-20,14796.449237142906,0.0,0.0,0.0,0.0,2330.8212372367143,17127.27047437962,33466.98895401214,33466.98895401214,0.0,0.0,630.3638953741513,15575.39821406463,15139.583694675397,12263.062792687073,1200.0,1200.0,9.094947017729282e-13,1.1368683772161603e-13,1,0
2025-09-21,44660.98096431313,0.0,0.0,0.0,0.0,3383.5707009421294,48044.55166525527,68483.90231558055,68483.90231558055,0.0,0.0,1038.0006943027226,7128.225288044218,21611.527571082766,17505.33733257704,1200.0,1200.0,4.547473508864641e-13,1.1368683772161603e-13,1,0
2025-09-22,42307.26403833355,0.0,0.0,0.0,0.0,11151.091895345491,53458.35593367905,65164.56144397057,65164.56144397057,0.0,0.0,2889.217554472787,3368.1765910034032,21429.381705824308,17357.799181717688,1200.0,1200.0,4.547473508864641e-13,1.1368683772161603e-13,1,0
2025-09-23,42819.80011213093,0.0,0.0,0.0,0.0,12048.580600015084,54868.38071214601,66498.0499444352,66498.0499444352,0.0,0.0,2680.2349004931966,2979.143963588433,21486.9752526665,17404.449954659867,1200.0,1200.0,1.8189894035458565e-12,1.1368683772161603e-13,1,0
2025-09-24,43343.63698974455,0.0,0.0,0.0,0.0,5640.484132247569,48984.121121992124,67319.41763299992,67319.41763299992,0.0,0.0,1582.9347809863953,3748.509416836736,21529.56787973461,17438.94998258503,1200.0,1200.0,1.8189894035458565e-12,1.1368683772161603e-13,1,0
2025-09-25,43943.48499954972,0.0,0.0,0.0,0.0,5758.22568520851,49701.71068475823,68158.37782696396,68158.37782696396,0.0,0.0,1525.4565281632647,5263.003061445575,21502.012598324516,17416.63020464286,1200.0,1200.0,4.547473508864641e-13,1.1368683772161603e-13,1,0
2025-09-26,15012.35021894641,0.0,0.0,0.0,0.0,911.1584020035243,15923.508620949935,33789.48196223419,33789.48196223419,0.0,0.0,305.9013693027199,13435.960886802728,15606.204972285204,12641.026027551019,1200.0,1200.0,1.8189894035458565e-12,1.1368683772161603e-13,1,0
2025-09-27,15793.732646062967,0.0,0.0,0.0,0.0,2528.878382390294,18322.611028453262,34348.89029480914,34348.89029480914,0.0,0.0,789.1282245918374,14383.387934200682,15543.833343159484,12590.505007959184,1200.0,1200.0,4.547473508864641e-13,1.1368683772161603e-13,1,0
2025-09-28,46014.99249665713,0.0,0.0,0.0,0.0,4188.238872835029,50203.23136949216,70373.27916909129,70373.27916909129,0.0,0.0,1019.3332276190454,3702.7184715646254,22117.182939363396,17914.918180884353,1200.0,1200.0,9.094947017729282e-13,1.1368683772161603e-13,1,0
2025-09-29,43973.11449450172,0.0,0.0,0.0,0.0,9057.566373759179,53030.680868260904,68333.15052277673,68333.15052277673,0.0,0.0,2044.2320268537396,3474.1809915986396,21806.894515957007,17663.58455792517,1200.0,1200.0,9.094947017729282e-13,1.1368683772161603e-13,1,0
2025-09-30,45020.80443958423,0.0,0.0,0.0,0.0,9697.090246608495,54717.89468619272,69611.65902793966,69611.65902793966,0.0,0.0,2215.0593638945566,2197.906193707483,22140.197007684557,17933.55957622449,1200.0,1200.0,4.547473508864641e-13,1.1368683772161603e-13,1,0
2025-10-01,43665.5891699544,0.0,0.0,0.0,0.0,387.8404013980273,44053.42957135243,70817.95921527821,70817.95921527821,0.0,0.0,182.98591263605442,17031.529646530616,22673.126042370033,18365.232094319726,1200.0,1200.0,4.547473508864641e-13,1.1368683772161603e-13,1,0
2025-10-02,42514.52801526698,0.0,0.0,0.0,0.0,618.1434768069208,43132.6714920739,69028.62844756823,69028.62844756823,0.0,0.0,254.26101142857112,13260.598206292518,22586.884926513812,18295.37679047619,1200.0,1200.0,9.094947017729282e-13,1.1368683772161603e-13,1,0
2025-10-03,13456.084928845332,0.0,0.0,0.0,0.0,203.07007848500027,13659.155007330333,32564.2794250189,32564.2794250189,0.0,0.0,106.61908666666682,21857.52863234694,15769.55883862434,12773.342659285714,1200.0,1200.0,9.094947017729282e-13,1.1368683772161603e-13,1,0
2025-10-04,13846.719612393445,0.0,0.0,0.0,0.0,558.6087715516168,14405.328383945063,32623.9180618697,32623.9180618697,0.0,0.0,188.1097932993202,16711.71399579932,15812.270663349293,12807.939237312925,1200.0,1200.0,9.094947017729282e-13,1.1368683772161603e-13,1,0
2025-10-05,40752.74152386336,0.0,0.0,0.0,0.0,1123.0534743977476,41875.79499826111,65989.62997173407,65989.62997173407,0.0,0.0,412.61815943877536,7557.316217091835,21626.162354812295,17517.191507397958,1200.0,1200.0,9.094947017729282e-13,1.1368683772161603e-13,1,0
2025-10-06,40906.89440334964,0.0,0.0,0.0,0.0,2801.514961165448,43708.409364515086,64862.45129058474,64862.45129058474,0.0,0.0,872.6077504761893,3908.1208133843547,21546.468303560927,17452.639325884353,1200.0,1200.0,9.094947017729282e-13,1.1368683772161603e-13,1,0
2025-10-07,40363.41911833183,0.0,0.0,0.0,0.0,3199.6173717617294,43563.03649009356,64732.78057816495,64732.78057816495,0.0,0.0,817.4823001360534,3689.513226904762,21522.035007348622,17432.84835595238,1200.0,1200.0,1.8189894035458565e-12,1.1368683772161603e-13,1,0
2025-10-08,38985.50402646171,0.0,0.0,0.0,0.0,6121.9754996752035,45107.479526136915,63028.672608005385,63028.672608005385,0.0,0.0,1577.7635890476186,4063.568424591839,21391.43213576048,17327.060029965985,1200.0,1200.0,4.547473508864641e-13,1.1368683772161603e-13,1,0
2025-10-09,39568.88610661698,0.0,0.0,0.0,0.0,3484.214815206763,43053.100921823745,63731.33694305682,63731.33694305682,0.0,0.0,766.967260357142,4681.183434914967,21353.363606135048,17296.224520969387,1200.0,1200.0,9.094947017729282e-13,1.1368683772161603e-13,1,0
2025-10-10,12556.589179564187,0.0,0.0,0.0,0.0,2345.4233231834105,14902.012502747599,31100.026291427937,31100.026291427937,0.0,0.0,799.2384367006805,19508.572341938776,16037.27089222726,12990.189422704083,1200.0,1200.0,9.094947017729282e-13,1.1368683772161603e-13,1,0
2025-10-11,13105.503172467008,0.0,0.0,0.0,0.0,1512.7216410379222,14618.22481350493,31898.739490892964,31898.739490892964,0.0,0.0,419.08705256802676,15138.711763911564,16172.637874821534,13099.836678605443,1200.0,1200.0,9.094947017729282e-13,1.1368683772161603e-13,1,0
2025-10-12,40160.80830550806,0.0,0.0,0.0,0.0,4141.222968262382,44302.03127377044,65236.378249941416,65236.378249941416,0.0,0.0,1117.6484718537415,3771.739416360543,21407.006958427817,17339.67563632653,1200.0,1200.0,9.094947017729282e-13,1.1368683772161603e-13,1,0
2025-10-13,41550.94235039575,0.0,0.0,0.0,0.0,1709.1412456794972,43260.083596075245,66316.86377503675,66316.86377503675,0.0,0.0,487.5882378401358,5705.803939506801,21427.646175631984,17356.393402261903,1200.0,1200.0,4.547473508864641e-13,1.1368683772161603e-13,1,0
2025-10-14,41859.080608358185,0.0,0.0,0.0,0.0,5063.737824951361,46922.81843330954,66389.14314718317,66389.14314718317,0.0,0.0,1187.4985696598626,2730.5106709693846,21433.167171264802,17360.865408724487,1200.0,1200.0,4.547473508864641e-13,1.1368683772161603e-13,1,0
2025-10-15,40942.065650117875,0.0,0.0,0.0,0.0,9474.181834505784,50416.24748462366,65456.696205790715,65456.696205790715,0.0,0.0,2362.127520578235,1834.6416001190478,21390.307769736293,17326.149293486396,1200.0,1200.0,4.547473508864641e-13,1.1368683772161603e-13,1,0
2025-10-16,41830.994724696415,0.0,0.0,0.0,0.0,12743.12397793779,54574.1187026342,66183.9359526688,66183.9359526688,0.0,0.0,2857.6961166156466,1988.8848451020408,21506.70670622323,17420.432432040816,1200.0,1200.0,9.094947017729282e-13,1.1368683772161603e-13,1,0
2025-10-17,13211.679898038547,0.0,0.0,0.0,0.0,1626.529043148817,14838.208941187364,32185.41129685353,32185.41129685353,0.0,0.0,521.0223298299318,13557.529738052406,16551.076694549425,13406.372122585035,1200.0,1200.0,9.094947017729282e-13,1.1368683772161603e-13,1,0
2025-10-18,13703.957812827193,0.0,0.0,0.0,0.0,927.5557911402724,14631.513603967467,32941.966356204546,32941.966356204546,0.0,0.0,397.43075753401376,14088.91955206223,16704.65418426136,13530.7698892517,1200.0,1200.0,1.8189894035458565e-12,1.1368683772161603e-13,1,0
2025-10-19,43887.6104871781,0.0,0.0,0.0,0.0,8073.052488071937,51960.66297525004,69005.32609341312,69005.32609341312,0.0,0.0,1772.2497852721103,2715.364280952383,21981.521391576385,17805.032327176872,1200.0,1200.0,4.547473508864641e-13,1.1368683772161603e-13,1,0
2025-10-20,44894.75988800825,0.0,0.0,0.0,0.0,7924.024750172041,52818.78463818029,70353.0112814208,70353.0112814208,0.0,0.0,1661.5184714455788,3345.2578497959194,22255.208086335766,18026.718549931975,1200.0,1200.0,9.094947017729282e-13,1.1368683772161603e-13,1,0
2025-10-21,45999.89745338708,0.0,0.0,0.0,0.0,7183.433405268865,53183.33085865594,71528.64764023517,71528.64764023517,0.0,0.0,1904.4321267176856,2457.0667080272106,23754.903731187536,19241.4720222619,1200.0,1200.0,4.547473508864641e-13,1.1368683772161603e-13,1,0
2025-10-22,45186.700630453204,0.0,0.0,0.0,0.0,11330.270266298312,56516.97089675152,71162.01451179685,71162.01451179685,0.0,0.0,2164.121865544218,3386.1506461054414,23079.415953871674,18694.326922636057,1200.0,1200.0,4.547473508864641e-13,1.1368683772161603e-13,1,0
2025-10-23,45123.9393419034,0.0,0.0,0.0,0.0,3571.1033559517728,48695.04269785518,71765.05417634732,71765.05417634732,0.0,0.0,788.27615409864,4793.048241734694,23056.763449357524,18675.978393979596,1200.0,1200.0,9.094947017729282e-13,1.1368683772161603e-13,1,0
2025-10-24,13527.137125276702,0.0,0.0,0.0,0.0,3058.0923823747253,16585.229507651427,32935.43438351453,32935.43438351453,0.0,0.0,825.5880294387748,12011.467943021766,17523.703964551947,14194.200211287074,1200.0,1200.0,9.094947017729282e-13,1.1368683772161603e-13,1,0
2025-10-25,14290.719581354631,0.0,0.0,0.0,0.0,1342.7220880918212,15633.441669446453,33926.38200213677,33926.38200213677,0.0,0.0,410.69052319727933,11525.423023588646,17964.29878111615,14551.08201270408,1200.0,1200.0,9.094947017729282e-13,1.1368683772161603e-13,1,0
2025-10-26,46873.76509595735,0.0,0.0,0.0,0.0,1612.3739044756317,48486.13900043299,72945.24568413518,72945.24568413518,0.0,0.0,473.16055537414945,4468.77443829932,23185.893602859665,18780.573818316327,1200.0,1200.0,9.094947017729282e-13,1.1368683772161603e-13,1,0
2025-10-27,46813.48365561761,0.0,0.0,0.0,0.0,3685.789658214575,50499.27331383218,73244.85591126187,73244.85591126187,0.0,0.0,878.2339161224488,6178.92721052721,23113.583948370706,18722.002998180273,1200.0,1200.0,4.547473508864641e-13,1.1368683772161603e-13,1,0
2025-10-28,47073.45567925168,0.0,0.0,0.0,0.0,3114.136113407393,50187.59179265908,72955.69089699631,72955.69089699631,0.0,0.0,733.630793197278,3336.471407363946,23054.88727805073,18674.45869522109,1200.0,1200.0,9.094947017729282e-13,1.1368683772161603e-13,1,0
2025-10-29,46585.89867968684,0.0,0.0,0.0,0.0,13581.397302001906,60167.295981688745,71860.18322946545,71860.18322946545,0.0,0.0,3277.307278690475,1456.7389985544226,22992.07741895524,18623.582709353737,1200.0,1200.0,1.8189894035458565e-12,1.1368683772161603e-13,1,0
2025-10-30,47891.92900690399,0.0,0.0,0.0,0.0,3146.0299085439947,51037.95891544799,73132.25378080604,73132.25378080604,0.0,0.0,774.8449731462547,4676.289784880953,23384.164837217606,18941.173518146257,1200.0,1200.0,9.094947017729282e-13,1.1368683772161603e-13,1,0
2025-10-31,14328.325982288337,0.0,0.0,0.0,0.0,1701.082290492885,16029.408272781222,34270.180422729274,34270.180422729274,0.0,0.0,474.2169640986401,7368.848167578741,18269.77448727639,14798.517334693877,1200.0,1200.0,9.094947017729282e-13,1.1368683772161603e-13,1,0
2025-11-01,14422.14949658899,0.0,0.0,0.0,0.0,969.8886132188845,15392.038109807876,34874.43434960779,34874.43434960779,0.0,0.0,428.44330261904696,9263.98287644541,18393.98074972684,14899.124407278741,1200.0,1200.0,9.094947017729282e-13,1.1368683772161603e-13,1,0
2025-11-02,49887.95767319437,0.0,0.0,0.0,0.0,3109.984104266189,52997.94177746055,75962.34459431637,75962.34459431637,0.0,0.0,695.2379775680286,3428.744718486394,23328.70484244562,18896.25092238095,1200.0,1200.0,4.547473508864641e-13,1.1368683772161603e-13,1,0
2025-11-03,51177.53639780007,0.0,0.0,0.0,0.0,3245.3879456234495,54422.92434342352,77001.05735307698,77001.05735307698,0.0,0.0,1002.6385478061213,4004.312492806124,23655.01644601915,19160.563321275513,1200.0,1200.0,9.094947017729282e-13,1.1368683772161603e-13,1,0
2025-11-04,50847.722630845834,0.0,0.0,0.0,0.0,2462.534686606403,53310.25731745223,77438.70081969183,77438.70081969183,0.0,0.0,561.5890921088437,5996.776691071427,23281.26940734694,18857.82821995102,1200.0,1200.0,9.094947017729282e-13,1.1368683772161603e-13,1,0
2025-11-05,51558.369646800216,0.0,0.0,0.0,0.0,1750.1381274169103,53308.50777421713,77241.61630072782,77241.61630072782,0.0,0.0,515.1217530612236,3802.4163171598625,22506.85089453956,18230.549224577037,1200.0,1200.0,4.547473508864641e-13,1.1368683772161603e-13,1,0
2025-11-06,51800.29141728887,0.0,0.0,0.0,0.0,8328.509309584682,60128.800726873545,77045.59522532584,77045.59522532584,0.0,0.0,1748.167691462586,3139.4996641496605,22550.940540204083,18266.261837565304,1200.0,1200.0,9.094947017729282e-13,1.1368683772161603e-13,1,0
2025-11-07,15126.891952032684,0.0,0.0,0.0,0.0,1399.2131434121627,16526.105095444847,35742.899949992236,35742.899949992236,0.0,0.0,403.4546960714273,9402.97143633934,18025.902244163095,14600.980817772108,1200.0,1200.0,1.8189894035458565e-12,1.1368683772161603e-13,1,0
2025-11-08,15159.59419229288,0.0,0.0,0.0,0.0,770.4079219889361,15930.002114281815,35696.44532204397,35696.44532204397,0.0,0.0,280.97916568027165,8747.399235867348,18099.04290450995,14660.224752653061,1200.0,1200.0,4.547473508864641e-13,1.1368683772161603e-13,1,0
2025-11-09,52576.720917037645,0.0,0.0,0.0,0.0,3950.5154450120117,56527.23636204965,78499.05876151752,78499.05876151752,0.0,0.0,964.548327006802,3847.6290281122465,22469.26777409864,18200.1068970199,1200.0,1200.0,4.547473508864641e-13,1.1368683772161603e-13,1,0
2025-11-10,53787.571479032355,0.0,0.0,0.0,0.0,5369.499622729398,59157.07110176176,78827.14162124746,78827.14162124746,0.0,0.0,1265.2096829761904,1963.7931725170083,22474.289640561226,18204.17460885459,1200.0,1200.0,9.094947017729282e-13,1.1368683772161603e-13,1,0
2025-11-11,53626.22065610587,0.0,0.0,0.0,0.0,1331.6224319810494,54957.84308808691,79509.93638245187,79509.93638245187,0.0,0.0,339.9165058843534,4026.522402772107,22443.741152091836,18179.430333194385,1200.0,1200.0,9.094947017729282e-13,1.1368683772161603e-13,1,0
2025-11-12,53887.36079807149,0.0,0.0,0.0,0.0,1882.749097013133,55770.10989508463,79716.4379954233,79716.4379954233,0.0,0.0,420.6622468537405,4926.411455935372,22393.163349166665,18138.462312825002,1200.0,1200.0,9.094947017729282e-13,1.1368683772161603e-13,1,0
2025-11-13,54600.73958488794,0.0,0.0,0.0,0.0,4592.547448942032,59193.28703382996,79489.20654112192,79489.20654112192,0.0,0.0,1138.4967709353741,3876.4310139115605,22923.16306041614,18567.76207893707,1200.0,1200.0,9.094947017729282e-13,1.1368683772161603e-13,1,0
2025-11-14,15472.225406592019,0.0,0.0,0.0,0.0,686.8717968373296,16159.09720342935,36443.53120442576,36443.53120442576,0.0,0.0,277.08417522108846,5480.15220819728,19168.462481313512,15526.454609863946,1200.0,1200.0,1.8189894035458565e-12,1.1368683772161603e-13,1,0
2025-11-15,15705.69109637088,0.0,0.0,0.0,0.0,986.517067962816,16692.208164333697,36374.125547017095,36374.125547017095,0.0,0.0,360.15078773809535,4855.704744183675,19298.340388972872,15631.655715068027,1200.0,1200.0,9.094947017729282e-13,1.1368683772161603e-13,1,0
2025-11-16,55485.4307514492,0.0,0.0,0.0,0.0,5452.294674249337,60937.72542569854,80973.4234345952,80973.4234345952,0.0,0.0,1289.3594586734691,3452.7209795238077,23029.039633744855,18653.522103333333,1200.0,1200.0,9.094947017729282e-13,1.1368683772161603e-13,1,0
2025-11-17,55783.79340212574,0.0,0.0,0.0,0.0,1537.5968167487322,57321.39021887447,81585.00254879252,81585.00254879252,0.0,0.0,419.4917657482991,4907.073314540817,23166.666666666668,18764.999999999996,1200.0,1200.0,9.094947017729282e-13,1.1368683772161603e-13,1,0
2025-11-18,55645.73938919731,0.0,0.0,0.0,0.0,4815.469070054075,60461.208459251386,80832.1964617602,80832.1964617602,0.0,0.0,1296.375866275509,2993.891967908161,22337.51856207483,18093.390035280616,1200.0,1200.0,9.094947017729282e-13,1.1368683772161603e-13,1,0
2025-11-19,56568.778182854265,0.0,0.0,0.0,0.0,4126.092632717757,60694.87081557202,81141.45210190475,81141.45210190475,0.0,0.0,1017.7648045408154,2547.571973112244,22333.333333333332,18090.0,1200.0,1200.0,9.094947017729282e-13,1.1368683772161603e-13,1,0
2025-11-20,55945.22106866096,0.0,0.0,0.0,0.0,3472.556105359139,59417.777174020106,81554.23532807824,81554.23532807824,0.0,0.0,831.5645668537445,3349.390528265308,22333.333333333332,18089.999999999996,1200.0,1200.0,1.8189894035458565e-12,1.1368683772161603e-13,1,0
2025-11-21,16306.514283023123,0.0,0.0,0.0,0.0,1260.314453003579,17566.8287360267,37511.449221103554,37511.449221103554,0.0,0.0,536.8939848469387,5585.260790085033,18940.51762736206,15341.819278163262,1200.0,1200.0,1.8189894035458565e-12,1.1368683772161603e-13,1,0
2025-11-22,16146.119199123183,0.0,0.0,0.0,0.0,1996.7428995398882,18142.86209866307,37671.57454177081,37671.57454177081,0.0,0.0,646.888804047619,4503.181701734694,18923.4324250021,15327.980264251702,1200.0,1200.0,9.094947017729282e-13,1.1368683772161603e-13,1,0
2025-11-23,57326.41009367086,0.0,0.0,0.0,0.0,4780.539766423868,62106.94986009473,82834.277947483,82834.277947483,0.0,0.0,1046.703935357144,4405.552266173471,22333.333333333332,18090.0,1200.0,1200.0,9.094947017729282e-13,1.1368683772161603e-13,1,0
2025-11-24,57113.842647584446,0.0,0.0,0.0,0.0,2602.183376255397,59716.02602383985,82884.25755965986,82884.25755965986,0.0,0.0,621.0517769387766,5100.032303265305,22333.333333333332,18090.0,1200.0,1200.0,4.547473508864641e-13,1.1368683772161603e-13,1,0
2025-11-25,56718.58488286042,0.0,0.0,0.0,0.0,3372.9816298806145,60091.56651274104,82724.51218193879,82724.51218193879,0.0,0.0,796.661598775509,3109.1799807142856,22333.333333333332,18090.0,1200.0,1200.0,9.094947017729282e-13,1.1368683772161603e-13,1,0
2025-11-26,57665.245754574,0.0,0.0,0.0,0.0,3408.4029479336477,61073.64870250766,82882.47899278911,82882.47899278911,0.0,0.0,776.7021198639451,2657.2343024149673,22338.315404761903,18094.03547785714,1200.0,1200.0,9.094947017729282e-13,1.1368683772161603e-13,1,0
2025-11-27,57817.440146502144,0.0,0.0,0.0,0.0,3554.5605635450543,61372.00071004721,82866.25581671769,82866.25581671769,0.0,0.0,764.9636521768718,3606.9934022278935,22333.333333333332,18090.0,1200.0,1200.0,9.094947017729282e-13,1.1368683772161603e-13,1,0
2025-11-28,16014.321462101308,0.0,0.0,0.0,0.0,1615.1096818902174,17629.431143991525,38495.17583198727,38495.17583198727,0.0,0.0,490.77786797619115,4384.216928741496,19371.04326958931,15690.545048367347,1200.0,1200.0,9.094947017729282e-13,1.1368683772161603e-13,1,0
2025-11-29,16470.073084434633,0.0,0.0,0.0,0.0,6100.9362988821995,22571.009383316832,39093.47499302533,39093.47499302533,0.0,0.0,2161.6247024489817,2613.243316020411,19538.980418178387,15826.574138724489,1200.0,1200.0,9.094947017729282e-13,1.1368683772161603e-13,1,0
2025-11-30,59386.527345794864,0.0,0.0,0.0,0.0,6782.91189521845,66169.43924101332,84472.37415462585,84472.37415462585,0.0,0.0,1583.407328860546,1567.6200334863966,22333.333333333332,18089.999999999996,1200.0,1200.0,9.094947017729282e-13,1.1368683772161603e-13,1,0
2025-12-01,63403.530639147546,0.0,0.0,0.0,0.0,28478.894507771904,91882.42514691946,85365.68151261905,85365.68151261905,0.0,0.0,6200.064706224491,865.1518188435373,23166.666666666668,18765.0,1200.0,1200.0,9.094947017729282e-13,1.1368683772161603e-13,1,0
2025-12-02,65366.3859087718,0.0,0.0,0.0,0.0,29323.9393781788,94690.3252869506,87507.46509894053,87507.46509894053,0.0,0.0,6105.9630258333345,521.314545306123,23443.70331298816,18989.399683520413,1200.0,1200.0,9.094947017729282e-13,1.1368683772161603e-13,1,0
2025-12-03,67734.83810559065,0.0,0.0,0.0,0.0,12543.552343031191,80278.39044862185,90175.69690484695,90175.69690484695,0.0,0.0,3044.7228479251708,1497.6711861054423,24000.0,19440.000000000004,1200.0,1200.0,9.094947017729282e-13,1.1368683772161603e-13,1,0
2025-12-04,68483.80270059698,0.0,0.0,0.0,0.0,10629.799119418665,79113.60182001564,91914.40808023809,91914.40808023809,0.0,0.0,2301.3847250680274,2884.5840553061244,24000.0,19440.0,1200.0,1200.0,4.547473508864641e-13,1.1368683772161603e-13,1,0
2025-12-05,21701.51348468424,0.0,0.0,0.0,0.0,2715.2152263435846,24416.728711027827,48648.740939223986,48648.740939223986,0.0,0.0,810.6023516496596,4069.925945102039,21462.050854938272,17384.2611925,1200.0,1200.0,9.094947017729282e-13,1.1368683772161603e-13,1,0
2025-12-06,23437.659942898033,0.0,0.0,0.0,0.0,3772.684113715579,27210.344056613612,50678.6478521416,50678.6478521416,0.0,0.0,1147.947511105443,4064.8302333333336,21563.864806563368,17466.730493316325,1200.0,1200.0,9.094947017729282e-13,1.1368683772161603e-13,1,0
2025-12-07,72747.2530577712,0.0,0.0,0.0,0.0,2900.979828956039,75648.23288672726,96448.98742671454,96448.98742671454,0.0,0.0,646.5346295068028,4752.609602176874,24685.427389707736,19995.19618566327,1200.0,1200.0,4.547473508864641e-13,1.1368683772161603e-13,1,0
2025-12-08,74268.07713661266,0.0,0.0,0.0,0.0,1500.7679189775201,75768.84505559017,97990.69490416773,97990.69490416773,0.0,0.0,278.1320306462587,5719.258446768709,24749.24932304527,20046.891951666665,1200.0,1200.0,9.094947017729282e-13,1.1368683772161603e-13,1,0
2025-12-09,73169.8215094818,0.0,0.0,0.0,0.0,2439.5552572511087,75609.37676673291,97852.13915227556,97852.13915227556,0.0,0.0,476.4768242176864,6136.8576229932005,25280.54782543882,20477.243738605444,1200.0,1200.0,0.0,1.1368683772161603e-13,1,0
2025-12-10,73520.59137626458,0.0,0.0,0.0,0.0,2519.5669942288,76040.15837049337,96838.24570747753,96838.24570747753,0.0,0.0,560.4925512074826,4202.502177755105,25308.513759280253,20499.896145017006,1200.0,1200.0,0.0,1.1368683772161603e-13,1,0
2025-12-11,71584.24394518099,0.0,0.0,0.0,0.0,1467.8651602329974,73052.10910541398,96520.09226996599,96520.09226996599,0.0,0.0,413.3752363095231,6253.879472942177,24833.333333333336,20115.000000000004,1200.0,1200.0,1.8189894035458565e-12,1.1368683772161603e-13,1,0
2025-12-12,22917.627785203993,0.0,0.0,0.0,0.0,3613.3183595907576,26530.946144794754,50147.543741316666,50147.543741316666,0.0,0.0,1181.161429030612,3523.182336581635,21532.15447595952,17441.045125527213,1200.0,1200.0,4.547473508864641e-13,1.1368683772161603e-13,1,0
2025-12-13,23389.442861880034,0.0,0.0,0.0,0.0,2334.6230139619092,25724.065875841945,50498.288220810035,50498.288220810035,0.0,0.0,621.673146462584,3234.857055119049,21508.268046422276,17421.697117602038,1200.0,1200.0,9.094947017729282e-13,1.1368683772161603e-13,1,0
2025-12-14,73026.94314186333,0.0,0.0,0.0,0.0,3582.0300442634816,76608.97318612681,96083.7092050781,96083.7092050781,0.0,0.0,696.694465204079,3322.3371942176877,24628.12987402368,19948.785197959183,1200.0,1200.0,9.094947017729282e-13,1.1368683772161603e-13,1,0
2025-12-15,74243.90243702117,0.0,0.0,0.0,0.0,2957.624168490909,77201.52660551207,97591.64299271269,97591.64299271269,0.0,0.0,646.3189436224473,4084.054017789117,24654.473430943985,19970.123479064627,1200.0,1200.0,9.094947017729282e-13,1.1368683772161603e-13,1,0
2025-12-16,73767.18249504846,0.0,0.0,0.0,0.0,1943.989701320835,75711.1721963693,97609.3817005881,97609.3817005881,0.0,0.0,464.38199768707204,3949.4398698299337,24769.64471111531,20063.412216003402,1200.0,1200.0,1.8189894035458565e-12,1.1368683772161603e-13,1,0
2025-12-17,73779.81304853105,0.0,0.0,0.0,0.0,2720.6869788051395,76500.50002733618,97309.30335938986,97309.30335938986,0.0,0.0,640.253166445578,5084.198621309525,24597.425462417064,19923.914624557823,1200.0,1200.0,9.094947017729282e-13,1.1368683772161603e-13,1,0
2025-12-18,72496.69200978681,0.0,0.0,0.0,0.0,1785.8987881004298,74282.59079788726,96528.41613451877,96528.41613451877,0.0,0.0,523.0661255612238,5034.388344183674,24478.03657489292,19827.209625663265,1200.0,1200.0,4.547473508864641e-13,1.1368683772161603e-13,1,0
2025-12-19,23129.334894277814,0.0,0.0,0.0,0.0,2675.945149029509,25805.28004330732,50601.97057368753,50601.97057368753,0.0,0.0,661.9059592687079,4278.206229047621,21459.36317846645,17382.084174557822,1200.0,1200.0,4.547473508864641e-13,1.1368683772161603e-13,1,0
2025-12-20,22993.57834881625,0.0,0.0,0.0,0.0,1776.803772180589,24770.382120996837,50474.281849219566,50474.281849219566,0.0,0.0,497.2485875340124,4038.6598390646254,21455.359724678754,17378.841376989796,1200.0,1200.0,9.094947017729282e-13,1.1368683772161603e-13,1,0
2025-12-21,72168.40369403131,0.0,0.0,0.0,0.0,5227.244707342466,77395.64840137378,95992.25189445578,95992.25189445578,0.0,0.0,1163.6755833843522,3399.8122778401344,24833.333333333336,20115.0,1200.0,1200.0,9.094947017729282e-13,1.1368683772161603e-13,1,0
2025-12-22,74465.56420988007,0.0,0.0,0.0,0.0,2304.9518651508865,76770.51607503097,97595.11534389456,97595.11534389456,0.0,0.0,505.5735738095226,4444.928501037414,24833.333333333336,20115.0,1200.0,1200.0,9.094947017729282e-13,1.1368683772161603e-13,1,0
2025-12-23,73386.54003156899,0.0,0.0,0.0,0.0,1090.442940383035,74476.98297195203,97248.84111750001,97248.84111750001,0.0,0.0,248.51907397958996,5520.934324812924,24833.333333333336,20115.0,1200.0,1200.0,9.094947017729282e-13,1.1368683772161603e-13,1,0
2025-12-24,71916.04159321524,0.0,0.0,0.0,0.0,2650.828112648655,74566.86970586388,96076.92666758504,96076.92666758504,0.0,0.0,561.7738392687074,4065.8078568537417,24833.333333333336,20115.0,1200.0,1200.0,9.094947017729282e-13,1.1368683772161603e-13,1,0
2025-12-25,72014.79950610908,0.0,0.0,0.0,0.0,3400.2581988212687,75415.05770493034,95391.01530207484,95391.01530207484,0.0,0.0,895.2674559353743,3755.5008913435368,24833.333333333336,20115.0,1200.0,1200.0,9.094947017729282e-13,1.1368683772161603e-13,1,0
2025-12-26,22652.35460907029,0.0,0.0,0.0,0.0,2701.7054735686597,25354.06008263895,49568.50168943584,49568.50168943584,0.0,0.0,853.6669070068014,3335.5019648469397,21468.653675065092,17389.609476802718,1200.0,1200.0,9.094947017729282e-13,1.1368683772161603e-13,1,0
2025-12-27,22109.3593884003,0.0,0.0,0.0,0.0,2681.463519603187,24790.822908003487,49394.88728059943,49394.88728059943,0.0,0.0,750.4275008843531,2710.7146729591823,21556.794957147064,17461.00391528912,1200.0,1200.0,2.2737367544323206e-13,1.1368683772161603e-13,1,0
2025-12-28,70814.85727248678,0.0,0.0,0.0,0.0,3622.784657339064,74437.64192982584,94925.20432443876,94925.20432443876,0.0,0.0,845.7893573979588,4243.405598503401,24833.333333333336,20115.0,1200.0,1200.0,9.094947017729282e-13,1.1368683772161603e-13,1,0
2025-12-29,71898.54302117947,0.0,0.0,0.0,0.0,2434.143004461947,74332.68602564142,96137.49389877258,96137.49389877258,0.0,0.0,526.136641292517,4427.9786530952415,24799.3980015957,20087.512381292516,1200.0,1200.0,9.094947017729282e-13,1.1368683772161603e-13,1,0
2025-12-30,70817.82689690628,0.0,0.0,0.0,0.0,1643.086278978454,72460.91317588474,95533.20647202383,95533.20647202383,0.0,0.0,371.893735255101,4962.364273945579,24833.333333333336,20115.0,1200.0,1200.0,9.094947017729282e-13,1.1368683772161603e-13,1,0
2025-12-31,72624.24039985538,0.0,0.0,0.0,0.0,7151.843452081296,79776.08385193668,99774.52594639687,99774.52594639687,0.0,0.0,1385.2606102721086,2499.017113180271,29970.24479029143,19955.898280136058,1200.0,6000.0,0.0,1.1368683772161603e-13,1,0
